id_numbers,marca,produto,nome_tom,tom_especifico,luminosidade,codigo_hex,numero_tom,tom_unificado,id_produto,id_produto_origem,grupo_de_tom
1,makeup revolution,conceal & define full coverage foundation,,f0,94.9019607843137,#f2f2f2,0.0,f0,83,1.0,Claro / Light
2,hourglass,veil fluid makeup,porcelain,no. 0,81.7647058823529,#f6d3ab,0.0,no. 0,50,2.0,Claro / Light
3,tom ford,traceless soft matte foundation,pearl,0.0,85.0980392156863,#f0d8c2,0.0,0.0,123,3.0,Claro / Light
4,armani beauty,neo nude foundation,,0,91.1764705882353,#f0e8e1,0.0,0,10,4.0,Claro / Light
5,tom ford,traceless foundation stick,pearl,0.0,91.1764705882353,#fde5d4,0.0,0.0,122,5.0,Claro / Light
6,charlotte tilbury,magic foundation,,0,73.1372549019608,#d9ae9c,0.0,0,24,6.0,Médio / Medium
7,bobbi brown,skin weightless powder foundation,porcelain,0,82.156862745098,#f3c9b0,0.0,0,20,7.0,Claro / Light
8,givenchy,matissime velvet radiant mattifying fluid foundation spf 20,,n00,83.1372549019608,#f5d8b3,0.0,n00,47,8.0,Claro / Light
9,smashbox,studio skin 24 hour full coverage waterproof foundation,,0.1,81.3725490196078,#f8cda7,0.1,0.1,120,9.0,Claro / Light
10,smashbox,studio skin 24 hour oil-free hydra foundation,,0.1,90.9803921568627,#f9e4d7,0.1,0.1,121,10.0,Claro / Light
11,makeup revolution,conceal & define satte matte powder foundation,,p0.1,91.9607843137255,#f5e9e0,0.1,p0.1,84,11.0,Claro / Light
12,makeup revolution,conceal & define full coverage foundation,,f0.1,75.6862745098039,#d4c2ae,0.1,f0.1,83,1.0,Claro / Light
13,tom ford,traceless soft matte foundation,cameo,0.1,84.7058823529412,#eed8c2,0.1,0.1,123,3.0,Claro / Light
14,tom ford,traceless foundation stick,cameo,0.1,88.4313725490196,#f5e2ce,0.1,0.1,122,5.0,Claro / Light
15,smashbox,primer + foundation customizable set,smashbox,0.1,80.0,#e9c9af,0.1,0.1,119,12.0,Claro / Light
16,smashbox,studio skin 24 hour full coverage waterproof foundation,,0.2,75.8823529411765,#f0be93,0.2,0.2,120,9.0,Claro / Light
17,makeup revolution,conceal & define satte matte powder foundation,,p0.2,93.52941176470591,#f9efe4,0.2,p0.2,84,11.0,Claro / Light
18,makeup revolution,conceal & define full coverage foundation,,f0.2,77.4509803921569,#e1cdaa,0.2,f0.2,83,1.0,Claro / Light
19,smashbox,primer + foundation customizable set,smashbox,0.2,74.3137254901961,#e4b697,0.2,0.2,119,12.0,Médio / Medium
20,clinique,beyond perfecting powder foundation + concealer,dune,0.25,91.7647058823529,#fbeed9,0.25,0.25,28,,Claro / Light
21,ofra cosmetics,absolute cover foundation,,0.25,64.7058823529412,#c9ad81,0.25,0.25,97,13.0,Médio / Medium
22,smashbox,studio skin 24 hour full coverage waterproof foundation,,0.3,78.4313725490196,#f4c59c,0.3,0.3,120,9.0,Claro / Light
23,smashbox,studio skin 24 hour oil-free hydra foundation,,0.3,90.0,#f5e2d6,0.3,0.3,121,10.0,Claro / Light
24,makeup revolution,conceal & define full coverage foundation,,f0.3,68.8235294117647,#cdb392,0.3,f0.3,83,1.0,Médio / Medium
25,tom ford,traceless soft matte foundation,ivory silk,0.3,79.2156862745098,#e4ccb0,0.3,0.3,123,3.0,Claro / Light
26,tom ford,traceless foundation stick,ivory silk,0.3,77.84313725490199,#eec49f,0.3,0.3,122,5.0,Claro / Light
27,smashbox,primer + foundation customizable set,smashbox,0.3,73.3333333333333,#dab49c,0.3,0.3,119,12.0,Médio / Medium
28,tom ford,traceless soft matte foundation,rose,0.4,79.6078431372549,#e4c7b2,0.4,0.4,123,3.0,Claro / Light
29,tom ford,traceless foundation stick,rose,0.4,68.8235294117647,#d3a58c,0.4,0.4,122,5.0,Médio / Medium
30,smashbox,studio skin 24 hour full coverage waterproof foundation,,0.5,71.5686274509804,#e6ae87,0.5,0.5,120,9.0,Médio / Medium
31,bareminerals,barepro performance wear powder foundation,porcelain,0.5,84.3137254901961,#fcc8b2,0.5,0.5,131,14.0,Claro / Light
32,clinique,beyond perfecting powder foundation + concealer,breeze,0.5,83.3333333333333,#f7c9b2,0.5,0.5,28,,Claro / Light
33,makeup revolution,conceal & define full coverage foundation,,f0.5,82.7450980392157,#ecc7ba,0.5,f0.5,83,1.0,Claro / Light
34,clinique,beyond perfecting foundation + concealer,shell,cn 0.5,92.156862745098,#f7eadf,0.5,cn 0.5,27,,Claro / Light
35,urban decay cosmetics,all nighter liquid full coverage foundation,,0.5,76.4705882352941,#ddc1a9,0.5,0.5,126,15.0,Claro / Light
36,bareminerals,barepro performance wear liquid foundation broad spectrum spf 20,porcelain,0.5,84.3137254901961,#fcc8b2,0.5,0.5,130,16.0,Claro / Light
37,bareminerals,barepro longwear powder foundation,porcelain,0.5,87.25490196078431,#fcd3c1,0.5,0.5,129,17.0,Claro / Light
38,bareminerals,barepro™ 24 hour longwear liquid foundation with mineral spf 20,porcelain,0.5,88.2352941176471,#fdd8c5,0.5,0.5,132,18.0,Claro / Light
39,tom ford,traceless soft matte foundation,porcelain,0.5,79.4117647058823,#e2ccb3,0.5,0.5,123,3.0,Claro / Light
40,tom ford,traceless foundation stick,porcelain,0.5,86.4705882352941,#f8d5c1,0.5,0.5,122,5.0,Claro / Light
41,smashbox,primer + foundation customizable set,smashbox,0.5,71.9607843137255,#d2ab9d,0.5,0.5,119,12.0,Médio / Medium
42,makeup revolution,conceal & define full coverage foundation,,f0.7,71.5686274509804,#d2b89b,0.7,f0.7,83,1.0,Médio / Medium
43,clinique,beyond perfecting foundation + concealer,custard,cn 0.75,90.3921568627451,#f5e5d8,0.75,cn 0.75,27,,Claro / Light
44,benefit cosmetics,hello happy air stick foundation spf 20,,shade 1,82.54901960784309,#f0d2b5,1.0,shade 1,13,19.0,Claro / Light
45,benefit cosmetics,hello happy flawless brightening foundation spf 15,fair cool,shade 1,81.7647058823529,#eacfb7,1.0,shade 1,14,20.0,Claro / Light
46,benefit cosmetics,hello happy velvet powder foundation,fair cool,shade 1,80.3921568627451,#e3cfb7,1.0,shade 1,16,21.0,Claro / Light
47,nudestix,tinted cover foundation,nude,1,89.8039215686275,#f3dfd7,1.0,1,93,22.0,Claro / Light
48,smashbox,studio skin 24 hour full coverage waterproof foundation,,1.0,70.1960784313725,#e5ac81,1.0,1.0,120,9.0,Médio / Medium
49,smashbox,studio skin 24 hour oil-free hydra foundation,,1.0,82.156862745098,#f1c6b2,1.0,1.0,121,10.0,Claro / Light
50,bareminerals,matte foundation broad spectrum spf 15,fair,01,90.1960784313726,#fde3cf,1.0,01,137,23.0,Claro / Light
51,makeup revolution,fast base stick foundation,,f1,73.921568627451,#d8bda1,1.0,f1,87,24.0,Médio / Medium
52,makeup revolution,conceal & define satte matte powder foundation,,p1,90.7843137254902,#f4e7db,1.0,p1,84,11.0,Claro / Light
53,bareminerals,original foundation broad spectrum spf 15,fair,01,90.1960784313726,#fde3cf,1.0,01,139,25.0,Claro / Light
54,bareminerals,barepro performance wear powder foundation,fair,01,83.7254901960784,#fbcdb0,1.0,01,131,14.0,Claro / Light
55,clinique,almost powder makeup,fair,01,95.0980392156863,#f4f3f1,1.0,01,26,,Claro / Light
56,bareminerals,complexion rescue hydrating foundation stick broad spectrum spf 25,opal,01,80.1960784313726,#f3c1a6,1.0,01,135,26.0,Claro / Light
57,makeup revolution,conceal & hydrate foundation,,f1,80.9803921568627,#e6cbb7,1.0,f1,86,27.0,Claro / Light
58,makeup revolution,conceal & define full coverage foundation,,f1,83.5294117647059,#f3d4b7,1.0,f1,83,1.0,Claro / Light
59,makeup revolution,conceal & glow foundation,,f1,81.5686274509804,#edccb3,1.0,f1,85,28.0,Claro / Light
60,pacifica,alight clean foundation,cool deep,01cd,31.3725490196078,#7c4024,1.0,01cd,100,29.0,Escuro / Dark
61,jane iredale,beyond matte liquid foundation,,m1,81.7647058823529,#fccda5,1.0,m1,144,30.0,Claro / Light
62,clinique,beyond perfecting foundation + concealer,flax,wn 01,89.60784313725489,#efe3da,1.0,wn 01,27,,Claro / Light
63,urban decay cosmetics,all nighter liquid full coverage foundation,,1.0,74.3137254901961,#dec09d,1.0,1.0,126,15.0,Médio / Medium
64,bareminerals,barepro performance wear liquid foundation broad spectrum spf 20,fair,01,83.7254901960784,#fbcdb0,1.0,01,130,16.0,Claro / Light
65,physicians formula,the healthy foundation spf 20,,dpc1,37.6470588235294,#92572e,1.0,dpc1,101,31.0,Escuro / Dark
66,bareminerals,original liquid mineral foundation broad spectrum spf 20,fair,01,83.1372549019608,#fbcdad,1.0,01,140,32.0,Claro / Light
67,lorac,pro soft focus longwear foundation,,01,80.0,#e8cdb0,1.0,01,67,33.0,Claro / Light
68,hourglass,veil fluid makeup,ivory,no. 1,75.8823529411765,#e8b89b,1.0,no. 1,50,2.0,Claro / Light
69,ilia,super serum skin tint spf 40 foundation,rendevous,1,90.7843137254902,#fee4d1,1.0,1,53,34.0,Claro / Light
70,beautyblender,bounce™ liquid whip long wear foundation,cool,1.00,94.3137254901961,#fcf0e5,1.0,1.00,142,35.0,Claro / Light
71,bareminerals,complexion rescue™ tinted moisturizer with hyaluronic acid and mineral spf 30,opal,01,84.7058823529412,#ecd0c4,1.0,01,134,36.0,Claro / Light
72,bareminerals,barepro longwear powder foundation,fair,01,86.6666666666667,#f6d8c4,1.0,01,129,17.0,Claro / Light
73,pat mcgrath labs,sublime perfection foundation,light,1,92.35294117647061,#fce7db,1.0,1,99,37.0,Claro / Light
74,bareminerals,barepro™ 24 hour longwear liquid foundation with mineral spf 20,fair,01,87.0588235294118,#f1dfcb,1.0,01,132,18.0,Claro / Light
75,bareminerals,matte loose powder mineral foundation spf 15,fair,01,70.7843137254902,#ceb29b,1.0,01,138,38.0,Médio / Medium
76,sephora collection,make no mistake foundation & concealer stick,driftwood,1,79.4117647058823,#e8c6ad,1.0,1,110,39.0,Claro / Light
77,laura mercier,smooth finish foundation powder,,1,79.2156862745098,#fccd98,1.0,1,76,40.0,Claro / Light
78,kosas,tinted face oil foundation,tone,01,86.8627450980392,#f1deca,1.0,01,65,41.0,Claro / Light
79,armani beauty,power fabric longwear high cover foundation spf 25,,1,75.49019607843141,#e3b39e,1.0,1,11,42.0,Claro / Light
80,charlotte tilbury,light wonder foundation,fair,1,85.6862745098039,#ebd8ca,1.0,1,23,43.0,Claro / Light
81,lancôme,skin feels good skin nourishing foundation,,01n,71.3725490196078,#d6ab96,1.0,01n,73,44.0,Médio / Medium
82,bareminerals,complexion rescue™ hydrating foundation stick with mineral spf 25,opal,01,82.156862745098,#f0c8b3,1.0,01,133,45.0,Claro / Light
83,charlotte tilbury,magic foundation,,1,78.6274509803922,#e1c6b0,1.0,1,24,6.0,Claro / Light
84,sephora collection,matte perfection tinted moisturizer,lace sephora quality way-nice price,1,88.6274509803922,#efded5,1.0,1,113,46.0,Claro / Light
85,la mer,the luminous lifting cushion foundation spf 20 + refill,pink porcelain,01,80.58823529411761,#f0c4ab,1.0,01,68,47.0,Claro / Light
86,bobbi brown,skin weightless powder foundation,warm ivory,1,82.94117647058819,#f2ceb5,1.0,1,20,7.0,Claro / Light
87,kevyn aucoin,foundation balm,light ef,01,83.5294117647059,#f7d1b3,1.0,01,58,48.0,Claro / Light
88,nudestix,nudies tinted blur stick,light,1,79.0196078431373,#e6bead,1.0,1,92,49.0,Claro / Light
89,smashbox,primer + foundation customizable set,smashbox,1,71.9607843137255,#d4a69b,1.0,1,119,12.0,Médio / Medium
90,givenchy,matissime velvet radiant mattifying fluid foundation spf 20,,n01,77.84313725490199,#e0c3ad,1.0,n01,47,8.0,Claro / Light
91,sephora collection,clean glowing skin foundation,,1,79.8039215686275,#ecccab,1.0,1,109,50.0,Claro / Light
92,armani beauty,crema nuda supreme glow reviving tinted moisturizer,nude glow,1,65.8823529411765,#cc9484,1.0,1,6,51.0,Médio / Medium
93,kevyn aucoin,the etherealist foundation,light ef,01,74.3137254901961,#d6b4a5,1.0,01,60,52.0,Médio / Medium
94,surratt beauty,surreal skin foundation wand,surreal skin,1,81.7647058823529,#f5cfac,1.0,1,145,53.0,Claro / Light
95,bareminerals,i am an original get started® kit original loose mineral foundation customizable set,bareminerals,01,70.7843137254902,#ceb29b,1.0,01,136,54.0,Médio / Medium
96,kevyn aucoin,stripped nude skin tint,st,01,87.6470588235294,#fcdbc3,1.0,01,59,55.0,Claro / Light
97,benefit cosmetics,mini hello happy flawless brightening foundation spf 15,,1,87.4509803921569,#fad4c4,1.0,1,17,56.0,Claro / Light
98,smashbox,studio skin 24 hour full coverage waterproof foundation,,1.05,68.8235294117647,#dfae80,1.05,1.05,120,9.0,Médio / Medium
99,smashbox,studio skin 24 hour oil-free hydra foundation,,1.05,81.9607843137255,#f1d1b1,1.05,1.05,121,10.0,Claro / Light
100,smashbox,primer + foundation customizable set,smashbox,1.05,71.7647058823529,#dab694,1.05,1.05,119,12.0,Médio / Medium
101,smashbox,studio skin 24 hour full coverage waterproof foundation,,1.1,64.5098039215686,#d1a378,1.1,1.1,120,9.0,Médio / Medium
102,smashbox,studio skin 24 hour oil-free hydra foundation,,1.1,79.8039215686275,#f0cba7,1.1,1.1,121,10.0,Claro / Light
103,beautyblender,bounce™ liquid whip long wear foundation,neutral,1.10,91.7647058823529,#fcedd8,1.1,1.10,142,35.0,Claro / Light
104,tom ford,traceless soft matte foundation,warm sand,1.1,79.4117647058823,#e2d0b3,1.1,1.1,123,3.0,Claro / Light
105,tom ford,traceless foundation stick,warm sand,1.1,66.07843137254899,#d3aa7e,1.1,1.1,122,5.0,Médio / Medium
106,smashbox,primer + foundation customizable set,smashbox,1.1,81.3725490196078,#e0cdbf,1.1,1.1,119,12.0,Claro / Light
107,smashbox,studio skin 24 hour full coverage waterproof foundation,,1.15,69.0196078431373,#e3aa7d,1.15,1.15,120,9.0,Médio / Medium
108,smashbox,studio skin 24 hour oil-free hydra foundation,,1.15,80.0,#f6c6a2,1.15,1.15,121,10.0,Claro / Light
109,smashbox,primer + foundation customizable set,smashbox,1.15,69.8039215686274,#d0a594,1.15,1.15,119,12.0,Médio / Medium
110,smashbox,studio skin 24 hour full coverage waterproof foundation,,1.2,68.0392156862745,#e0a77b,1.2,1.2,120,9.0,Médio / Medium
111,smashbox,studio skin 24 hour oil-free hydra foundation,,1.2,82.3529411764706,#fcd3a8,1.2,1.2,121,10.0,Claro / Light
112,beautyblender,bounce™ liquid whip long wear foundation,cool,1.20,91.1764705882353,#fbe6d6,1.2,1.20,142,35.0,Claro / Light
113,smashbox,primer + foundation customizable set,smashbox,1.2,72.9411764705882,#d5b49f,1.2,1.2,119,12.0,Médio / Medium
114,beautyblender,bounce™ liquid whip long wear foundation,warm,1.30,85.88235294117649,#f5dbc1,1.3,1.30,142,35.0,Claro / Light
115,tom ford,traceless soft matte foundation,nude ivory,1.3,78.4313725490196,#e2c8ae,1.3,1.3,123,3.0,Claro / Light
116,tom ford,traceless foundation stick,nude ivory,1.3,67.843137254902,#d7a683,1.3,1.3,122,5.0,Médio / Medium
117,beautyblender,bounce™ liquid whip long wear foundation,neutral,1.40,80.58823529411761,#ecccaf,1.4,1.40,142,35.0,Claro / Light
118,tom ford,traceless soft matte foundation,bone,1.4,77.4509803921569,#e2cca9,1.4,1.4,123,3.0,Claro / Light
119,tom ford,traceless foundation stick,bone,1.4,67.05882352941181,#d2a884,1.4,1.4,122,5.0,Médio / Medium
120,nudestix,tinted cover foundation,nude,1.5,88.8235294117647,#f2dbd3,1.5,1.5,93,22.0,Claro / Light
121,bareminerals,complexion rescue hydrating foundation stick broad spectrum spf 25,birch,1.5,83.7254901960784,#fcd0af,1.5,1.5,135,26.0,Claro / Light
122,urban decay cosmetics,all nighter liquid full coverage foundation,,1.5,72.9411764705882,#dab69a,1.5,1.5,126,15.0,Médio / Medium
123,hourglass,veil fluid makeup,nude,no. 1.5,79.8039215686275,#eec5a9,1.5,no. 1.5,50,2.0,Claro / Light
124,beautyblender,bounce™ liquid whip long wear foundation,cool,1.50,79.6078431372549,#f0c3a6,1.5,1.50,142,35.0,Claro / Light
125,bareminerals,complexion rescue™ tinted moisturizer with hyaluronic acid and mineral spf 30,birch,1.5,83.7254901960784,#f5d4b6,1.5,1.5,134,36.0,Claro / Light
126,tom ford,traceless soft matte foundation,cream,1.5,78.4313725490196,#e3c9ad,1.5,1.5,123,3.0,Claro / Light
127,armani beauty,neo nude foundation,,1.5,82.156862745098,#f3cfb0,1.5,1.5,10,4.0,Claro / Light
128,charlotte tilbury,light wonder foundation,,1.5,81.7647058823529,#ead0b7,1.5,1.5,23,43.0,Claro / Light
129,bareminerals,complexion rescue™ hydrating foundation stick with mineral spf 25,birch,1.5,79.0196078431373,#f4c99f,1.5,1.5,133,45.0,Claro / Light
130,tom ford,traceless foundation stick,cream,1.5,74.7058823529412,#ebae92,1.5,1.5,122,5.0,Médio / Medium
131,beautyblender,bounce™ liquid whip long wear foundation,warm,1.60,78.4313725490196,#eec5a2,1.6,1.60,142,35.0,Claro / Light
132,benefit cosmetics,hello happy air stick foundation spf 20,,shade 2,78.2352941176471,#f1cb9e,2.0,shade 2,13,19.0,Claro / Light
133,benefit cosmetics,hello happy flawless brightening foundation spf 15,light warm,shade 2,83.5294117647059,#f7d3b3,2.0,shade 2,14,20.0,Claro / Light
134,benefit cosmetics,hello happy velvet powder foundation,light neutral,shade 2,81.9607843137255,#edd2b5,2.0,shade 2,16,21.0,Claro / Light
135,kvd vegan beauty,true portrait medium coverage shake foundation,light,002,92.7450980392157,#fee7db,2.0,002,63,57.0,Claro / Light
136,nudestix,tinted cover foundation,nude,2,81.7647058823529,#e8c5b9,2.0,2,93,22.0,Claro / Light
137,smashbox,studio skin 24 hour full coverage waterproof foundation,,2.0,66.07843137254899,#dea973,2.0,2.0,120,9.0,Médio / Medium
138,smashbox,studio skin 24 hour oil-free hydra foundation,,2,81.5686274509804,#fccca4,2.0,2,121,10.0,Claro / Light
139,catrice,true skin hydrating foundation,neutral ivory,002,76.2745098039216,#eebf97,2.0,002,22,58.0,Claro / Light
140,bareminerals,matte foundation broad spectrum spf 15,fair ivory,02,83.1372549019608,#fcccac,2.0,02,137,23.0,Claro / Light
141,makeup revolution,fast base stick foundation,,f2,75.0980392156863,#e0c79f,2.0,f2,87,24.0,Claro / Light
142,bareminerals,original foundation broad spectrum spf 15,fair ivory,02,83.1372549019608,#fcccac,2.0,02,139,25.0,Claro / Light
143,bareminerals,barepro performance wear powder foundation,ivory,2,83.7254901960784,#fdcfae,2.0,2,131,14.0,Claro / Light
144,clinique,almost powder makeup,neutral fair,02,95.0980392156863,#f4f3f1,2.0,02,26,,Claro / Light
145,clinique,beyond perfecting powder foundation + concealer,alabaster,02,71.9607843137255,#e3b58c,2.0,02,28,,Médio / Medium
146,bareminerals,complexion rescue hydrating foundation stick broad spectrum spf 25,vanilla,02,74.7058823529412,#eeb38f,2.0,02,135,26.0,Médio / Medium
147,makeup revolution,conceal & hydrate foundation,,f2,80.7843137254902,#e9cab3,2.0,f2,86,27.0,Claro / Light
148,makeup revolution,conceal & define full coverage foundation,,f2,82.156862745098,#f4d2af,2.0,f2,83,1.0,Claro / Light
149,makeup revolution,conceal & glow foundation,,f2,82.54901960784309,#f1cdb4,2.0,f2,85,28.0,Claro / Light
150,pacifica,alight clean foundation,neutral deep,02nd,33.1372549019608,#834626,2.0,02nd,100,29.0,Escuro / Dark
151,jane iredale,beyond matte liquid foundation,,m2,75.49019607843141,#f1b990,2.0,m2,144,30.0,Claro / Light
152,clinique,beyond perfecting foundation + concealer,breeze,cn 02,91.7647058823529,#feead6,2.0,cn 02,27,,Claro / Light
153,urban decay cosmetics,all nighter liquid full coverage foundation,,2.0,75.6862745098039,#e5bd9d,2.0,2.0,126,15.0,Claro / Light
154,bareminerals,barepro performance wear liquid foundation broad spectrum spf 20,ivory,2,83.7254901960784,#fdcfae,2.0,2,130,16.0,Claro / Light
155,clinique,even better glow light reflecting makeup broad spectrum spf 15,breeze,cn 02,80.1960784313726,#f1c5a8,2.0,cn 02,29,,Claro / Light
156,physicians formula,the healthy foundation spf 20,,dpw2,29.0196078431373,#704324,2.0,dpw2,101,31.0,Retinto / Deep
157,bareminerals,original liquid mineral foundation broad spectrum spf 20,fair ivory,02,80.7843137254902,#fdcb9f,2.0,02,140,32.0,Claro / Light
158,lorac,pro soft focus longwear foundation,,02,70.7843137254902,#d6b093,2.0,02,67,33.0,Médio / Medium
159,hourglass,veil fluid makeup,light beige,no. 2,72.3529411764706,#e2b08f,2.0,no. 2,50,2.0,Médio / Medium
160,catrice,hd liquid coverage foundation,porcelain beige,002,75.8823529411765,#e6c39d,2.0,002,21,59.0,Claro / Light
161,ilia,super serum skin tint spf 40 foundation,tulum,2,86.078431372549,#f3d8c4,2.0,2,53,34.0,Claro / Light
162,bareminerals,complexion rescue™ tinted moisturizer with hyaluronic acid and mineral spf 30,vanilla,02,77.4509803921569,#dcbbaf,2.0,02,134,36.0,Claro / Light
163,sephora collection,matte perfection powder foundation,porcelain neutral,02,80.58823529411761,#e3c6b8,2.0,02,112,60.0,Claro / Light
164,bareminerals,barepro longwear powder foundation,ivory,02,87.25490196078431,#fdd9c0,2.0,02,129,17.0,Claro / Light
165,pat mcgrath labs,sublime perfection foundation,light,2,88.4313725490196,#f6dccd,2.0,2,99,37.0,Claro / Light
166,bareminerals,barepro™ 24 hour longwear liquid foundation with mineral spf 20,ivory,02,88.0392156862745,#fdddc4,2.0,02,132,18.0,Claro / Light
167,bareminerals,matte loose powder mineral foundation spf 15,fair ivory,02,66.4705882352941,#d09b83,2.0,02,138,38.0,Médio / Medium
168,sephora collection,make no mistake foundation & concealer stick,birch,2,79.4117647058823,#e4c3b1,2.0,2,110,39.0,Claro / Light
169,laura mercier,smooth finish foundation powder,,2,84.1176470588235,#f9d0b4,2.0,2,76,40.0,Claro / Light
170,kosas,tinted face oil foundation,tone,02,85.2941176470588,#f3d8c0,2.0,02,65,41.0,Claro / Light
171,tom ford,traceless soft matte foundation,buff,2.0,78.2352941176471,#e3c7ac,2.0,2.0,123,3.0,Claro / Light
172,armani beauty,neo nude foundation,,2,79.2156862745098,#ecc5a8,2.0,2,10,4.0,Claro / Light
173,armani beauty,power fabric longwear high cover foundation spf 25,,2,69.6078431372549,#d1ae92,2.0,2,11,42.0,Médio / Medium
174,charlotte tilbury,light wonder foundation,fair,2,78.82352941176471,#e0c5b2,2.0,2,23,43.0,Claro / Light
175,lancôme,skin feels good skin nourishing foundation,,02c,67.6470588235294,#d0a289,2.0,02c,73,44.0,Médio / Medium
176,bareminerals,complexion rescue™ hydrating foundation stick with mineral spf 25,vanilla,02,78.2352941176471,#efc3a0,2.0,02,133,45.0,Claro / Light
177,tom ford,traceless foundation stick,buff,2.0,78.4313725490196,#f3c29d,2.0,2.0,122,5.0,Claro / Light
178,charlotte tilbury,magic foundation,,2,78.2352941176471,#dec2b1,2.0,2,24,6.0,Claro / Light
179,sephora collection,matte perfection tinted moisturizer,silk sephora quality way-nice price,2,87.0588235294118,#f5d6c7,2.0,2,113,46.0,Claro / Light
180,bobbi brown,skin weightless powder foundation,sand,2,76.8627450980392,#e7c3a1,2.0,2,20,7.0,Claro / Light
181,armani beauty,luminous silk compact powder foundation,,2,80.0,#e7c8b1,2.0,2,8,61.0,Claro / Light
182,armani beauty,designer lift smoothing firming full coverage foundation with spf 20,,2,72.7450980392157,#e4b98f,2.0,2,7,62.0,Médio / Medium
183,kevyn aucoin,foundation balm,light ef,02,82.7450980392157,#f6d2b0,2.0,02,58,48.0,Claro / Light
184,nudestix,nudies tinted blur stick,light,2,74.7058823529412,#e1b19c,2.0,2,92,49.0,Médio / Medium
185,koh gen do,aqua foundation,,2,80.7843137254902,#ebc7b1,2.0,2,64,63.0,Claro / Light
186,smashbox,primer + foundation customizable set,smashbox,2,73.3333333333333,#e7b48f,2.0,2,119,12.0,Médio / Medium
187,givenchy,matissime velvet radiant mattifying fluid foundation spf 20,,n02,81.1764705882353,#e8c1b6,2.0,n02,47,8.0,Claro / Light
188,armani beauty,crema nuda supreme glow reviving tinted moisturizer,light glow,2,63.3333333333333,#c88c7b,2.0,2,6,51.0,Médio / Medium
189,kevyn aucoin,the etherealist foundation,light ef,02,71.9607843137255,#d2b49d,2.0,02,60,52.0,Médio / Medium
190,surratt beauty,surreal skin foundation wand,surreal skin,2,79.0196078431373,#f2c3a1,2.0,2,145,53.0,Claro / Light
191,bareminerals,i am an original get started® kit original loose mineral foundation customizable set,bareminerals,02,80.1960784313726,#eccead,2.0,02,136,54.0,Claro / Light
192,kevyn aucoin,stripped nude skin tint,st,02,82.156862745098,#f2d3b1,2.0,02,59,55.0,Claro / Light
193,armani beauty,maestro fusion makeup spf 15 liquid foundation,,2,70.0,#d8b28d,2.0,2,9,64.0,Médio / Medium
194,smashbox,studio skin 24 hour full coverage waterproof foundation,,2.1,67.05882352941181,#dda779,2.1,2.1,120,9.0,Médio / Medium
195,smashbox,studio skin 24 hour oil-free hydra foundation,,2.1,80.1960784313726,#fcc69d,2.1,2.1,121,10.0,Claro / Light
196,beautyblender,bounce™ liquid whip long wear foundation,cool,2.10,77.4509803921569,#e3c2a8,2.1,2.10,142,35.0,Claro / Light
197,smashbox,primer + foundation customizable set,smashbox,2.1,76.2745098039216,#dbc0aa,2.1,2.1,119,12.0,Claro / Light
198,smashbox,studio skin 24 hour full coverage waterproof foundation,,2.12,66.8627450980392,#dca879,2.12,2.12,120,9.0,Médio / Medium
199,smashbox,studio skin 24 hour oil-free hydra foundation,,2.12,79.0196078431373,#f8c79b,2.12,2.12,121,10.0,Claro / Light
200,smashbox,primer + foundation customizable set,smashbox,2.12,66.8627450980392,#d9a27c,2.12,2.12,119,12.0,Médio / Medium
201,smashbox,studio skin 24 hour full coverage waterproof foundation,,2.15,64.7058823529412,#d59e75,2.15,2.15,120,9.0,Médio / Medium
202,smashbox,studio skin 24 hour oil-free hydra foundation,,2.15,79.6078431372549,#f3c0a3,2.15,2.15,121,10.0,Claro / Light
203,smashbox,primer + foundation customizable set,smashbox,2.15,67.45098039215691,#c89e90,2.15,2.15,119,12.0,Médio / Medium
204,smashbox,studio skin 24 hour full coverage waterproof foundation,,2.16,63.1372549019608,#d39d6f,2.16,2.16,120,9.0,Médio / Medium
205,smashbox,studio skin 24 hour oil-free hydra foundation,,2.16,79.4117647058823,#fcc599,2.16,2.16,121,10.0,Claro / Light
206,smashbox,primer + foundation customizable set,smashbox,2.16,68.6274509803922,#e0a27e,2.16,2.16,119,12.0,Médio / Medium
207,smashbox,studio skin 24 hour full coverage waterproof foundation,,2.18,62.156862745097996,#cb9c72,2.18,2.18,120,9.0,Médio / Medium
208,smashbox,studio skin 24 hour oil-free hydra foundation,,2.18,78.0392156862745,#f6c298,2.18,2.18,121,10.0,Claro / Light
209,smashbox,primer + foundation customizable set,smashbox,2.18,66.6666666666667,#d79b7d,2.18,2.18,119,12.0,Médio / Medium
210,smashbox,studio skin 24 hour full coverage waterproof foundation,,2.2,62.9411764705882,#d29e6f,2.2,2.2,120,9.0,Médio / Medium
211,smashbox,studio skin 24 hour oil-free hydra foundation,,2.2,76.4705882352941,#f9c28d,2.2,2.2,121,10.0,Claro / Light
212,beautyblender,bounce™ liquid whip long wear foundation,neutral/olive,2.20,76.6666666666667,#ecc49b,2.2,2.20,142,35.0,Claro / Light
213,smashbox,primer + foundation customizable set,smashbox,2.2,72.15686274509801,#d4b59c,2.2,2.2,119,12.0,Médio / Medium
214,smashbox,studio skin 24 hour full coverage waterproof foundation,,2.22,63.3333333333333,#d39f70,2.22,2.22,120,9.0,Médio / Medium
215,smashbox,studio skin 24 hour oil-free hydra foundation,,2.22,75.0980392156863,#f4c28b,2.22,2.22,121,10.0,Claro / Light
216,smashbox,primer + foundation customizable set,smashbox,2.22,66.4705882352941,#d7a07c,2.22,2.22,119,12.0,Médio / Medium
217,smashbox,studio skin 24 hour full coverage waterproof foundation,,2.25,60.588235294117595,#cc9669,2.25,2.25,120,9.0,Médio / Medium
218,smashbox,primer + foundation customizable set,smashbox,2.25,63.725490196078404,#c29483,2.25,2.25,119,12.0,Médio / Medium
219,smashbox,studio skin 24 hour full coverage waterproof foundation,,2.3,61.7647058823529,#d19c6a,2.3,2.3,120,9.0,Médio / Medium
220,smashbox,studio skin 24 hour oil-free hydra foundation,,2.3,70.9803921568627,#eeb17c,2.3,2.3,121,10.0,Médio / Medium
221,beautyblender,bounce™ liquid whip long wear foundation,warm,2.30,76.6666666666667,#ecc49b,2.3,2.30,142,35.0,Claro / Light
222,smashbox,primer + foundation customizable set,smashbox,2.3,69.8039215686274,#d0ad94,2.3,2.3,119,12.0,Médio / Medium
223,smashbox,studio skin 24 hour full coverage waterproof foundation,,2.35,61.3725490196078,#cf9d6a,2.35,2.35,120,9.0,Médio / Medium
224,smashbox,studio skin 24 hour oil-free hydra foundation,,2.35,69.0196078431373,#ecac74,2.35,2.35,121,10.0,Médio / Medium
225,smashbox,primer + foundation customizable set,smashbox,2.35,65.6862745098039,#d69f79,2.35,2.35,119,12.0,Médio / Medium
226,smashbox,studio skin 24 hour full coverage waterproof foundation,,2.4,62.3529411764706,#d29d6c,2.4,2.4,120,9.0,Médio / Medium
227,smashbox,studio skin 24 hour oil-free hydra foundation,,2.4,69.0196078431373,#f0ab70,2.4,2.4,121,10.0,Médio / Medium
228,beautyblender,bounce™ liquid whip long wear foundation,neutral/olive,2.40,74.3137254901961,#e2c099,2.4,2.40,142,35.0,Médio / Medium
229,smashbox,primer + foundation customizable set,smashbox,2.4,68.8235294117647,#d0a98f,2.4,2.4,119,12.0,Médio / Medium
230,nudestix,tinted cover foundation,nude,2.5,78.2352941176471,#e3bdac,2.5,2.5,93,22.0,Claro / Light
231,makeup revolution,conceal & define full coverage foundation,,f2.5,76.2745098039216,#e9c39c,2.5,f2.5,83,1.0,Claro / Light
232,urban decay cosmetics,all nighter liquid full coverage foundation,,2.5,73.7254901960784,#dcb89c,2.5,2.5,126,15.0,Médio / Medium
233,beautyblender,bounce™ liquid whip long wear foundation,neutral,2.50,71.3725490196078,#dcb290,2.5,2.50,142,35.0,Médio / Medium
234,tom ford,traceless soft matte foundation,linen,2.5,77.6470588235294,#e2c9aa,2.5,2.5,123,3.0,Claro / Light
235,armani beauty,neo nude foundation,,2.5,79.4117647058823,#efc6a6,2.5,2.5,10,4.0,Claro / Light
236,tom ford,traceless foundation stick,linen,2.5,78.82352941176471,#efc4a3,2.5,2.5,122,5.0,Claro / Light
237,bobbi brown,skin weightless powder foundation,warm sand,2.5,80.9803921568627,#fbc9a2,2.5,2.5,20,7.0,Claro / Light
238,tom ford,traceless soft matte foundation,vellum,2.7,77.84313725490199,#e0c6ad,2.7,2.7,123,3.0,Claro / Light
239,tom ford,traceless foundation stick,vellum,2.7,77.6470588235294,#efc29d,2.7,2.7,122,5.0,Claro / Light
240,benefit cosmetics,hello happy air stick foundation spf 20,,shade 3,76.8627450980392,#e8c3a0,3.0,shade 3,13,19.0,Claro / Light
241,benefit cosmetics,hello happy flawless brightening foundation spf 15,light neutral warm,shade 3,77.84313725490199,#e9c7a4,3.0,shade 3,14,20.0,Claro / Light
242,benefit cosmetics,hello happy velvet powder foundation,light neutral warm,shade 3,76.078431372549,#dfc7a5,3.0,shade 3,16,21.0,Claro / Light
243,nudestix,tinted cover foundation,nude,3,75.8823529411765,#deb8a5,3.0,3,93,22.0,Claro / Light
244,smashbox,studio skin 24 hour full coverage waterproof foundation,,3.0,63.5294117647059,#d5a06f,3.0,3.0,120,9.0,Médio / Medium
245,smashbox,studio skin 24 hour oil-free hydra foundation,,3.0,68.4313725490196,#eaa573,3.0,3.0,121,10.0,Médio / Medium
246,bareminerals,matte foundation broad spectrum spf 15,fairly light,03,78.82352941176471,#edc6a5,3.0,03,137,23.0,Claro / Light
247,makeup revolution,fast base stick foundation,,f3,73.1372549019608,#dbbe9a,3.0,f3,87,24.0,Médio / Medium
248,bareminerals,original foundation broad spectrum spf 15,fairly light,03,78.82352941176471,#edc6a5,3.0,03,139,25.0,Claro / Light
249,clinique,almost powder makeup,light,03,94.70588235294119,#f3f3f0,3.0,03,26,,Claro / Light
250,bareminerals,complexion rescue hydrating foundation stick broad spectrum spf 25,buttercream,03,79.6078431372549,#fbc79b,3.0,03,135,26.0,Claro / Light
251,makeup revolution,conceal & hydrate foundation,,f3,82.156862745098,#eccbb7,3.0,f3,86,27.0,Claro / Light
252,makeup revolution,conceal & define full coverage foundation,,f3,82.54901960784309,#f5ceb0,3.0,f3,83,1.0,Claro / Light
253,pacifica,alight clean foundation,warm deep,03wd,41.1764705882353,#a55f2d,3.0,03wd,100,29.0,Escuro / Dark
254,jane iredale,beyond matte liquid foundation,,m3,70.1960784313725,#eca77a,3.0,m3,144,30.0,Médio / Medium
255,urban decay cosmetics,all nighter liquid full coverage foundation,,3.0,72.5490196078431,#dab698,3.0,3.0,126,15.0,Médio / Medium
256,physicians formula,the healthy foundation spf 20,,dpn3,29.0196078431373,#704324,3.0,dpn3,101,31.0,Retinto / Deep
257,ofra cosmetics,absolute cover foundation,,3,60.392156862745104,#b5977f,3.0,3,97,13.0,Médio / Medium
258,bareminerals,original liquid mineral foundation broad spectrum spf 20,fairly light,03,81.1764705882353,#fad4a4,3.0,03,140,32.0,Claro / Light
259,lorac,pro soft focus longwear foundation,,03,78.0392156862745,#e8c3a6,3.0,03,67,33.0,Claro / Light
260,colourpop,pretty fresh foundation,fair,03c,87.25490196078431,#ebddd2,3.0,03c,33,65.0,Claro / Light
261,hourglass,veil fluid makeup,sand,no. 3,59.21568627450981,#cc9762,3.0,no. 3,50,2.0,Médio / Medium
262,ilia,super serum skin tint spf 40 foundation,balos,3,80.1960784313726,#e9c8b0,3.0,3,53,34.0,Claro / Light
263,bareminerals,complexion rescue™ tinted moisturizer with hyaluronic acid and mineral spf 30,buttercream,03,79.2156862745098,#e2c4b2,3.0,03,134,36.0,Claro / Light
264,sephora collection,10 hour wear perfection foundation,pearl,03,86.4705882352941,#ead5cf,3.0,03,107,66.0,Claro / Light
265,pat mcgrath labs,sublime perfection foundation,light,3,88.6274509803922,#f7e3cd,3.0,3,99,37.0,Claro / Light
266,bareminerals,matte loose powder mineral foundation spf 15,fairly light,03,67.05882352941181,#cda989,3.0,03,138,38.0,Médio / Medium
267,sephora collection,make no mistake foundation & concealer stick,beechwood,3,78.2352941176471,#e7c3a8,3.0,3,110,39.0,Claro / Light
268,laura mercier,smooth finish foundation powder,,3,80.9803921568627,#fcc7a1,3.0,3,76,40.0,Claro / Light
269,kosas,tinted face oil foundation,tone,03,76.8627450980392,#e3bfa5,3.0,03,65,41.0,Claro / Light
270,armani beauty,neo nude foundation,,3,77.4509803921569,#ebc6a0,3.0,3,10,4.0,Claro / Light
271,armani beauty,power fabric longwear high cover foundation spf 25,,3,71.17647058823529,#d7ac94,3.0,3,11,42.0,Médio / Medium
272,charlotte tilbury,light wonder foundation,fair,3,77.4509803921569,#dfc0ac,3.0,3,23,43.0,Claro / Light
273,natasha denona,transformatte pore vanishing matte foundation,,3n,90.3921568627451,#f3e6da,3.0,3n,96,67.0,Claro / Light
274,lancôme,skin feels good skin nourishing foundation,,03c,66.4705882352941,#c49a8f,3.0,03c,73,44.0,Médio / Medium
275,bareminerals,complexion rescue™ hydrating foundation stick with mineral spf 25,buttercream,03,78.2352941176471,#f1c79e,3.0,03,133,45.0,Claro / Light
276,charlotte tilbury,magic foundation,,3,70.5882352941177,#d2af96,3.0,3,24,6.0,Médio / Medium
277,sephora collection,matte perfection tinted moisturizer,cashmere sephora quality way-nice price,3,81.9607843137255,#edc8b5,3.0,3,113,46.0,Claro / Light
278,la mer,the luminous lifting cushion foundation spf 20 + refill,warm porcelain,03,79.6078431372549,#e3c8b3,3.0,03,68,47.0,Claro / Light
279,bobbi brown,skin weightless powder foundation,beige,3,77.6470588235294,#f0c49c,3.0,3,20,7.0,Claro / Light
280,kevyn aucoin,foundation balm,light ef,03,79.8039215686275,#f1caa6,3.0,03,58,48.0,Claro / Light
281,nudestix,nudies tinted blur stick,light,3,72.9411764705882,#e3aa91,3.0,3,92,49.0,Médio / Medium
282,smashbox,primer + foundation customizable set,smashbox,3,63.5294117647059,#c6957e,3.0,3,119,12.0,Médio / Medium
283,givenchy,matissime velvet radiant mattifying fluid foundation spf 20,,n03,79.4117647058823,#e5c0b0,3.0,n03,47,8.0,Claro / Light
284,sephora collection,clean glowing skin foundation,,3,81.1764705882353,#ebc7b3,3.0,3,109,50.0,Claro / Light
285,armani beauty,crema nuda supreme glow reviving tinted moisturizer,fair glow,3,65.4901960784314,#d0907e,3.0,3,6,51.0,Médio / Medium
286,kevyn aucoin,the etherealist foundation,light ef,03,72.5490196078431,#d2b1a0,3.0,03,60,52.0,Médio / Medium
287,surratt beauty,surreal skin foundation wand,surreal skin,3,78.2352941176471,#efc3a0,3.0,3,145,53.0,Claro / Light
288,natasha denona,foundation x+,,3n,91.7647058823529,#f9e9db,3.0,3n,95,68.0,Claro / Light
289,clinique,age defense bb cream broad spectrum spf 30,,03,71.17647058823529,#d4ad97,3.0,03,25,,Médio / Medium
290,bareminerals,i am an original get started® kit original loose mineral foundation customizable set,bareminerals,03,67.05882352941181,#cda989,3.0,03,136,54.0,Médio / Medium
291,kevyn aucoin,stripped nude skin tint,st,03,80.9803921568627,#f0caad,3.0,03,59,55.0,Claro / Light
292,armani beauty,maestro fusion makeup spf 15 liquid foundation,,3,76.4705882352941,#e8c39e,3.0,3,9,64.0,Claro / Light
293,sephora collection,best skin ever liquid foundation,p,03,84.3137254901961,#eedac0,3.0,03,108,69.0,Claro / Light
294,smashbox,studio skin 24 hour full coverage waterproof foundation,,3.02,59.21568627450981,#c89766,3.02,3.02,120,9.0,Médio / Medium
295,smashbox,studio skin 24 hour oil-free hydra foundation,,3.02,68.0392156862745,#eead6d,3.02,3.02,121,10.0,Médio / Medium
296,smashbox,primer + foundation customizable set,smashbox,3.02,65.6862745098039,#d59d7a,3.02,3.02,119,12.0,Médio / Medium
297,smashbox,studio skin 24 hour full coverage waterproof foundation,,3.1,60.392156862745104,#cc9668,3.1,3.1,120,9.0,Médio / Medium
298,smashbox,studio skin 24 hour oil-free hydra foundation,,3.1,65.4901960784314,#ec9c62,3.1,3.1,121,10.0,Médio / Medium
299,beautyblender,bounce™ liquid whip long wear foundation,cool,3.10,77.2549019607843,#ecc09e,3.1,3.10,142,35.0,Claro / Light
300,smashbox,primer + foundation customizable set,smashbox,3.1,69.6078431372549,#d3a890,3.1,3.1,119,12.0,Médio / Medium
301,smashbox,studio skin 24 hour full coverage waterproof foundation,,3.15,61.3725490196078,#ce996b,3.15,3.15,120,9.0,Médio / Medium
302,smashbox,studio skin 24 hour oil-free hydra foundation,,3.15,63.921568627450995,#e69d60,3.15,3.15,121,10.0,Médio / Medium
303,beautyblender,bounce™ liquid whip long wear foundation,cool,3.15,80.1960784313726,#f0c2a9,3.15,3.15,142,35.0,Claro / Light
304,smashbox,primer + foundation customizable set,smashbox,3.15,64.9019607843137,#d09a7b,3.15,3.15,119,12.0,Médio / Medium
305,smashbox,studio skin 24 hour full coverage waterproof foundation,,3.2,58.23529411764709,#c59264,3.2,3.2,120,9.0,Médio / Medium
306,smashbox,studio skin 24 hour oil-free hydra foundation,,3.2,61.3725490196078,#e19458,3.2,3.2,121,10.0,Médio / Medium
307,beautyblender,bounce™ liquid whip long wear foundation,warm,3.20,70.0,#e8b77d,3.2,3.20,142,35.0,Médio / Medium
308,smashbox,primer + foundation customizable set,smashbox,3.2,68.2352941176471,#ceaa8e,3.2,3.2,119,12.0,Médio / Medium
309,urban decay cosmetics,all nighter liquid full coverage foundation,,3.25,70.9803921568627,#d8ae92,3.25,3.25,126,15.0,Médio / Medium
310,beautyblender,bounce™ liquid whip long wear foundation,neutral,3.25,71.3725490196078,#e4b488,3.25,3.25,142,35.0,Médio / Medium
311,armani beauty,power fabric longwear high cover foundation spf 25,,3.25,75.49019607843141,#ecb795,3.25,3.25,11,42.0,Claro / Light
312,beautyblender,bounce™ liquid whip long wear foundation,warm/olive,3.30,67.843137254902,#e8b172,3.3,3.30,142,35.0,Médio / Medium
313,smashbox,studio skin 24 hour full coverage waterproof foundation,,3.35,55.6862745098039,#c08c5c,3.35,3.35,120,9.0,Médio / Medium
314,smashbox,studio skin 24 hour oil-free hydra foundation,,3.35,60.392156862745104,#e29052,3.35,3.35,121,10.0,Médio / Medium
315,beautyblender,bounce™ liquid whip long wear foundation,warm,3.35,65.4901960784314,#d8a776,3.35,3.35,142,35.0,Médio / Medium
316,smashbox,primer + foundation customizable set,smashbox,3.35,60.98039215686279,#c48e73,3.35,3.35,119,12.0,Médio / Medium
317,beautyblender,bounce™ liquid whip long wear foundation,warm,3.40,65.6862745098039,#d9a176,3.4,3.40,142,35.0,Médio / Medium
318,beautyblender,bounce™ liquid whip long wear foundation,neutral,3.45,65.6862745098039,#d9a176,3.45,3.45,142,35.0,Médio / Medium
319,nudestix,tinted cover foundation,nude,3.5,69.41176470588239,#d2a890,3.5,3.5,93,22.0,Médio / Medium
320,bareminerals,complexion rescue hydrating foundation stick broad spectrum spf 25,cashew,3.5,76.8627450980392,#e6b9a2,3.5,3.5,135,26.0,Claro / Light
321,makeup revolution,conceal & define full coverage foundation,,f3.5,74.50980392156859,#e6b896,3.5,f3.5,83,1.0,Médio / Medium
322,urban decay cosmetics,all nighter liquid full coverage foundation,,3.5,75.8823529411765,#e8be9b,3.5,3.5,126,15.0,Claro / Light
323,hourglass,veil fluid makeup,honey,no. 3.5,66.4705882352941,#d8a27b,3.5,no. 3.5,50,2.0,Médio / Medium
324,beautyblender,bounce™ liquid whip long wear foundation,warm,3.50,69.0196078431373,#e2b07e,3.5,3.50,142,35.0,Médio / Medium
325,bareminerals,complexion rescue™ tinted moisturizer with hyaluronic acid and mineral spf 30,cashew,3.5,68.4313725490196,#d3a78a,3.5,3.5,134,36.0,Médio / Medium
326,kosas,tinted face oil foundation,tone,3.5,70.9803921568627,#d8b292,3.5,3.5,65,41.0,Médio / Medium
327,tom ford,traceless soft matte foundation,ivory rose,3.5,78.2352941176471,#dcc3b3,3.5,3.5,123,3.0,Claro / Light
328,armani beauty,neo nude foundation,,3.5,68.6274509803922,#d9b185,3.5,3.5,10,4.0,Médio / Medium
329,armani beauty,power fabric longwear high cover foundation spf 25,,3.5,67.05882352941181,#d0a386,3.5,3.5,11,42.0,Médio / Medium
330,bareminerals,complexion rescue™ hydrating foundation stick with mineral spf 25,cashew,3.5,70.7843137254902,#e2ad87,3.5,3.5,133,45.0,Médio / Medium
331,tom ford,traceless foundation stick,ivory rose,3.5,83.7254901960784,#f6cdb5,3.5,3.5,122,5.0,Claro / Light
332,charlotte tilbury,magic foundation,,3.5,72.15686274509801,#d6b19a,3.5,3.5,24,6.0,Médio / Medium
333,bobbi brown,skin weightless powder foundation,warm beige,3.5,71.3725490196078,#e4b688,3.5,3.5,20,7.0,Médio / Medium
334,givenchy,matissime velvet radiant mattifying fluid foundation spf 20,,n03.5,76.4705882352941,#eac39c,3.5,n03.5,47,8.0,Claro / Light
335,beautyblender,bounce™ liquid whip long wear foundation,neutral/olive,3.55,64.9019607843137,#d3a778,3.55,3.55,142,35.0,Médio / Medium
336,beautyblender,bounce™ liquid whip long wear foundation,warm,3.60,67.45098039215691,#e4aa74,3.6,3.60,142,35.0,Médio / Medium
337,beautyblender,bounce™ liquid whip long wear foundation,neutral,3.65,63.921568627450995,#d29d74,3.65,3.65,142,35.0,Médio / Medium
338,beautyblender,bounce™ liquid whip long wear foundation,warm/olive,3.70,59.21568627450981,#ce9160,3.7,3.70,142,35.0,Médio / Medium
339,tom ford,traceless soft matte foundation,champagne,3.7,70.3921568627451,#d2b395,3.7,3.7,123,3.0,Médio / Medium
340,tom ford,traceless foundation stick,champagne,3.7,67.05882352941181,#daa37c,3.7,3.7,122,5.0,Médio / Medium
341,beautyblender,bounce™ liquid whip long wear foundation,warm,3.75,61.960784313725505,#da9762,3.75,3.75,142,35.0,Médio / Medium
342,benefit cosmetics,hello happy air stick foundation spf 20,,shade 4,73.1372549019608,#eab88b,4.0,shade 4,13,19.0,Médio / Medium
343,benefit cosmetics,hello happy flawless brightening foundation spf 15,medium neutral,shade 4,70.7843137254902,#d0b099,4.0,shade 4,14,20.0,Médio / Medium
344,benefit cosmetics,hello happy velvet powder foundation,medium neutral,shade 4,68.8235294117647,#c7ae98,4.0,shade 4,16,21.0,Médio / Medium
345,kvd vegan beauty,true portrait medium coverage shake foundation,light,004,79.2156862745098,#eccaa8,4.0,004,63,57.0,Claro / Light
346,nudestix,tinted cover foundation,nude,4,70.1960784313725,#d7a98f,4.0,4,93,22.0,Médio / Medium
347,smashbox,studio skin 24 hour full coverage waterproof foundation,,4.0,55.490196078431396,#bf8c5c,4.0,4.0,120,9.0,Médio / Medium
348,smashbox,studio skin 24 hour oil-free hydra foundation,,4.0,58.627450980392204,#e48947,4.0,4.0,121,10.0,Médio / Medium
349,catrice,true skin hydrating foundation,neutral porcelain,004,69.6078431372549,#e1ab82,4.0,004,22,58.0,Médio / Medium
350,bareminerals,matte foundation broad spectrum spf 15,golden fair,04,80.1960784313726,#face9f,4.0,04,137,23.0,Claro / Light
351,makeup revolution,fast base stick foundation,,f4,74.7058823529412,#dfbe9e,4.0,f4,87,24.0,Médio / Medium
352,makeup revolution,conceal & define satte matte powder foundation,,p4,89.01960784313721,#f4e0d2,4.0,p4,84,11.0,Claro / Light
353,bareminerals,original foundation broad spectrum spf 15,golden fair,04,80.1960784313726,#face9f,4.0,04,139,25.0,Claro / Light
354,bareminerals,barepro performance wear powder foundation,aspen,04,74.7058823529412,#ecb591,4.0,04,131,14.0,Médio / Medium
355,clinique,almost powder makeup,neutral,04,95.0980392156863,#f4f3f1,4.0,04,26,,Claro / Light
356,clinique,beyond perfecting powder foundation + concealer,cream whip,04,75.49019607843141,#e8bd99,4.0,04,28,,Claro / Light
357,bareminerals,complexion rescue hydrating foundation stick broad spectrum spf 25,suede,04,70.1960784313725,#d9a58d,4.0,04,135,26.0,Médio / Medium
358,makeup revolution,conceal & hydrate foundation,,f4,77.0588235294118,#ddbeac,4.0,f4,86,27.0,Claro / Light
359,makeup revolution,conceal & define full coverage foundation,,f4,83.5294117647059,#fdcdad,4.0,f4,83,1.0,Claro / Light
360,makeup revolution,conceal & glow foundation,,f4,80.9803921568627,#eec2af,4.0,f4,85,28.0,Claro / Light
361,pacifica,alight clean foundation,cool deep,04cd,37.4509803921569,#985127,4.0,04cd,100,29.0,Escuro / Dark
362,jane iredale,beyond matte liquid foundation,,m4,71.17647058823529,#eaac81,4.0,m4,144,30.0,Médio / Medium
363,clinique,beyond perfecting foundation + concealer,bone,wn 04,82.3529411764706,#f1cfb3,4.0,wn 04,27,,Claro / Light
364,urban decay cosmetics,all nighter liquid full coverage foundation,,4.0,69.41176470588239,#d3b28f,4.0,4.0,126,15.0,Médio / Medium
365,bareminerals,barepro performance wear liquid foundation broad spectrum spf 20,aspen,04,74.7058823529412,#ecb591,4.0,04,130,16.0,Médio / Medium
366,clinique,even better glow light reflecting makeup broad spectrum spf 15,bone,wn 04,78.2352941176471,#f9c096,4.0,wn 04,29,,Claro / Light
367,physicians formula,the healthy foundation spf 20,,dpn4,25.8823529411765,#673a1d,4.0,dpn4,101,31.0,Retinto / Deep
368,ofra cosmetics,absolute cover foundation,,4,64.3137254901961,#c5a783,4.0,4,97,13.0,Médio / Medium
369,bareminerals,original liquid mineral foundation broad spectrum spf 20,golden fair,04,83.3333333333333,#fcdaad,4.0,04,140,32.0,Claro / Light
370,lorac,pro soft focus longwear foundation,,04,74.7058823529412,#f2c28b,4.0,04,67,33.0,Médio / Medium
371,hourglass,veil fluid makeup,beige,no. 4,63.1372549019608,#cd9775,4.0,no. 4,50,2.0,Médio / Medium
372,ilia,super serum skin tint spf 40 foundation,formosa,4,79.2156862745098,#edc5a7,4.0,4,53,34.0,Claro / Light
373,beautyblender,bounce™ liquid whip long wear foundation,neutral/olive,4.00,50.78431372549021,#ae7955,4.0,4.00,142,35.0,Médio / Medium
374,bareminerals,complexion rescue™ tinted moisturizer with hyaluronic acid and mineral spf 30,suede,04,73.5294117647059,#d6ada1,4.0,04,134,36.0,Médio / Medium
375,sephora collection,10 hour wear perfection foundation,light porcelain,04,84.1176470588235,#eacdc3,4.0,04,107,66.0,Claro / Light
376,sephora collection,matte perfection powder foundation,porcelain pink,04,74.1176470588235,#d7b5a3,4.0,04,112,60.0,Médio / Medium
377,bareminerals,barepro longwear powder foundation,aspen,04,85.4901960784314,#fed9b6,4.0,04,129,17.0,Claro / Light
378,pat mcgrath labs,sublime perfection foundation,light,4,89.8039215686275,#fce0ce,4.0,4,99,37.0,Claro / Light
379,bareminerals,barepro™ 24 hour longwear liquid foundation with mineral spf 20,aspen,04,79.0196078431373,#edcba6,4.0,04,132,18.0,Claro / Light
380,bareminerals,matte loose powder mineral foundation spf 15,golden fair,04,69.41176470588239,#d2af90,4.0,04,138,38.0,Médio / Medium
381,laura mercier,smooth finish foundation powder,,4,80.3921568627451,#fbc79f,4.0,4,76,40.0,Claro / Light
382,kosas,tinted face oil foundation,tone,04,69.0196078431373,#d7ab89,4.0,04,65,41.0,Médio / Medium
383,tom ford,traceless soft matte foundation,fawn,4.0,70.9803921568627,#d3b497,4.0,4.0,123,3.0,Médio / Medium
384,armani beauty,neo nude foundation,,4,77.84313725490199,#e9c3a4,4.0,4,10,4.0,Claro / Light
385,armani beauty,power fabric longwear high cover foundation spf 25,,4,65.6862745098039,#d29a7d,4.0,4,11,42.0,Médio / Medium
386,charlotte tilbury,light wonder foundation,fair,4,77.0588235294118,#e0c1a9,4.0,4,23,43.0,Claro / Light
387,natasha denona,transformatte pore vanishing matte foundation,,4y,93.921568627451,#f9efe6,4.0,4y,96,67.0,Claro / Light
388,lancôme,skin feels good skin nourishing foundation,,04n,64.7058823529412,#c69884,4.0,04n,73,44.0,Médio / Medium
389,bareminerals,complexion rescue™ hydrating foundation stick with mineral spf 25,suede,04,72.7450980392157,#e2b491,4.0,04,133,45.0,Médio / Medium
390,tom ford,traceless foundation stick,fawn,4.0,76.078431372549,#eeb296,4.0,4.0,122,5.0,Claro / Light
391,charlotte tilbury,magic foundation,,4,71.7647058823529,#d3b29b,4.0,4,24,6.0,Médio / Medium
392,sephora collection,matte perfection tinted moisturizer,cotton sephora quality way-nice price,4,81.1764705882353,#eec7b0,4.0,4,113,46.0,Claro / Light
393,bobbi brown,skin weightless powder foundation,natural,4,70.7843137254902,#e4b485,4.0,4,20,7.0,Médio / Medium
394,armani beauty,luminous silk compact powder foundation,,4,77.84313725490199,#e4c4a9,4.0,4,8,61.0,Claro / Light
395,armani beauty,designer lift smoothing firming full coverage foundation with spf 20,,4,68.6274509803922,#e3b07b,4.0,4,7,62.0,Médio / Medium
396,sephora collection,matte perfection full coverage foundation,light porcelain,04,88.0392156862745,#f3dace,4.0,04,111,70.0,Claro / Light
397,kevyn aucoin,foundation balm,light ef,4,78.6274509803922,#efcca2,4.0,4,58,48.0,Claro / Light
398,nudestix,nudies tinted blur stick,medium,4,71.7647058823529,#e0a48e,4.0,4,92,49.0,Médio / Medium
399,smashbox,primer + foundation customizable set,smashbox,4,61.960784313725505,#cc9170,4.0,4,119,12.0,Médio / Medium
400,givenchy,matissime velvet radiant mattifying fluid foundation spf 20,,n04,70.7843137254902,#d0ae99,4.0,n04,47,8.0,Médio / Medium
401,armani beauty,crema nuda supreme glow reviving tinted moisturizer,medium glow,4,65.6862745098039,#d78c78,4.0,4,6,51.0,Médio / Medium
402,kevyn aucoin,the etherealist foundation,light ef,04,70.9803921568627,#d6b294,4.0,04,60,52.0,Médio / Medium
403,surratt beauty,surreal skin foundation wand,surreal skin,4,72.7450980392157,#e4b68f,4.0,4,145,53.0,Médio / Medium
404,natasha denona,foundation x+,,4y,90.58823529411761,#f4e9da,4.0,4y,95,68.0,Claro / Light
405,bareminerals,i am an original get started® kit original loose mineral foundation customizable set,bareminerals,04,71.17647058823529,#d6b295,4.0,04,136,54.0,Médio / Medium
406,kevyn aucoin,stripped nude skin tint,st,04,80.0,#ecc4ac,4.0,04,59,55.0,Claro / Light
407,sephora collection,best skin ever liquid foundation,n,04,80.3921568627451,#f0d3aa,4.0,04,108,69.0,Claro / Light
408,smashbox,studio skin 24 hour full coverage waterproof foundation,,4.05,47.4509803921569,#a3754f,4.05,4.05,120,9.0,Escuro / Dark
409,beautyblender,bounce™ liquid whip long wear foundation,warm,4.05,48.2352941176471,#b9773d,4.05,4.05,142,35.0,Escuro / Dark
410,smashbox,primer + foundation customizable set,smashbox,4.05,58.823529411764696,#c57f67,4.05,4.05,119,12.0,Médio / Medium
411,beautyblender,bounce™ liquid whip long wear foundation,cool/olive,4.10,44.9019607843137,#a8723d,4.1,4.10,142,35.0,Escuro / Dark
412,smashbox,studio skin 24 hour full coverage waterproof foundation,,4.15,48.0392156862745,#a7724e,4.15,4.15,120,9.0,Escuro / Dark
413,beautyblender,bounce™ liquid whip long wear foundation,warm,4.15,43.921568627451,#a46b3c,4.15,4.15,142,35.0,Escuro / Dark
414,smashbox,studio skin 24 hour full coverage waterproof foundation,,4.2,41.5686274509804,#8a634a,4.2,4.2,120,9.0,Escuro / Dark
415,smashbox,studio skin 24 hour oil-free hydra foundation,,4.2,45.4901960784314,#aa603e,4.2,4.2,121,10.0,Escuro / Dark
416,beautyblender,bounce™ liquid whip long wear foundation,warm,4.20,37.843137254902,#906131,4.2,4.20,142,35.0,Escuro / Dark
417,smashbox,primer + foundation customizable set,smashbox,4.2,53.529411764705905,#ad7a64,4.2,4.2,119,12.0,Médio / Medium
418,smashbox,studio skin 24 hour full coverage waterproof foundation,,4.25,41.960784313725505,#956841,4.25,4.25,120,9.0,Escuro / Dark
419,smashbox,studio skin 24 hour oil-free hydra foundation,,4.25,39.8039215686274,#9d532e,4.25,4.25,121,10.0,Escuro / Dark
420,ofra cosmetics,absolute cover foundation,,4.25,65.6862745098039,#c9ac86,4.25,4.25,97,13.0,Médio / Medium
421,armani beauty,neo nude foundation,,4.25,70.3921568627451,#e3af84,4.25,4.25,10,4.0,Médio / Medium
422,armani beauty,power fabric longwear high cover foundation spf 25,,4.25,75.0980392156863,#ebb194,4.25,4.25,11,42.0,Claro / Light
423,smashbox,primer + foundation customizable set,smashbox,4.25,41.7647058823529,#935542,4.25,4.25,119,12.0,Escuro / Dark
424,smashbox,studio skin 24 hour full coverage waterproof foundation,,4.3,40.7843137254902,#8a6446,4.3,4.3,120,9.0,Escuro / Dark
425,smashbox,studio skin 24 hour oil-free hydra foundation,,4.3,35.2941176470588,#89452b,4.3,4.3,121,10.0,Escuro / Dark
426,beautyblender,bounce™ liquid whip long wear foundation,warm,4.30,42.3529411764706,#a06c38,4.3,4.30,142,35.0,Escuro / Dark
427,smashbox,primer + foundation customizable set,smashbox,4.3,49.019607843137294,#a56755,4.3,4.3,119,12.0,Escuro / Dark
428,smashbox,studio skin 24 hour full coverage waterproof foundation,,4.35,40.1960784313726,#865e47,4.35,4.35,120,9.0,Escuro / Dark
429,smashbox,studio skin 24 hour oil-free hydra foundation,,4.35,33.921568627451,#7f402e,4.35,4.35,121,10.0,Escuro / Dark
430,beautyblender,bounce™ liquid whip long wear foundation,warm,4.35,37.254901960784295,#905a2e,4.35,4.35,142,35.0,Escuro / Dark
431,smashbox,primer + foundation customizable set,smashbox,4.35,42.156862745098,#905447,4.35,4.35,119,12.0,Escuro / Dark
432,smashbox,studio skin 24 hour full coverage waterproof foundation,,4.4,37.254901960784295,#7c5442,4.4,4.4,120,9.0,Escuro / Dark
433,beautyblender,bounce™ liquid whip long wear foundation,neutral,4.40,28.431372549019603,#73491e,4.4,4.40,142,35.0,Retinto / Deep
434,smashbox,primer + foundation customizable set,smashbox,4.4,50.3921568627451,#9d6d64,4.4,4.4,119,12.0,Médio / Medium
435,beautyblender,bounce™ liquid whip long wear foundation,neutral,4.45,23.5294117647059,#6b3e0d,4.45,4.45,142,35.0,Retinto / Deep
436,smashbox,studio skin 24 hour full coverage waterproof foundation,,4.5,36.078431372549005,#745744,4.5,4.5,120,9.0,Escuro / Dark
437,smashbox,studio skin 24 hour oil-free hydra foundation,,4.5,29.607843137254903,#693b2e,4.5,4.5,121,10.0,Retinto / Deep
438,bareminerals,complexion rescue hydrating foundation stick broad spectrum spf 25,wheat,4.5,68.8235294117647,#daa585,4.5,4.5,135,26.0,Médio / Medium
439,makeup revolution,conceal & define full coverage foundation,,f4.5,68.0392156862745,#dca67f,4.5,f4.5,83,1.0,Médio / Medium
440,urban decay cosmetics,all nighter liquid full coverage foundation,,4.5,67.2549019607843,#d0a487,4.5,4.5,126,15.0,Médio / Medium
441,beautyblender,bounce™ liquid whip long wear foundation,warm,4.50,27.647058823529402,#723c1b,4.5,4.50,142,35.0,Retinto / Deep
442,bareminerals,complexion rescue™ tinted moisturizer with hyaluronic acid and mineral spf 30,wheat,4.5,67.6470588235294,#d3a886,4.5,4.5,134,36.0,Médio / Medium
443,tom ford,traceless soft matte foundation,ivory,4.5,78.6274509803922,#e1cab0,4.5,4.5,123,3.0,Claro / Light
444,armani beauty,neo nude foundation,,4.5,70.5882352941177,#ddad8b,4.5,4.5,10,4.0,Médio / Medium
445,armani beauty,power fabric longwear high cover foundation spf 25,,4.5,67.45098039215691,#d5a783,4.5,4.5,11,42.0,Médio / Medium
446,charlotte tilbury,light wonder foundation,,4.5,75.49019607843141,#e1bfa0,4.5,4.5,23,43.0,Claro / Light
447,bareminerals,complexion rescue™ hydrating foundation stick with mineral spf 25,wheat,4.5,70.5882352941177,#ddaf8b,4.5,4.5,133,45.0,Médio / Medium
448,tom ford,traceless foundation stick,ivory,4.5,70.5882352941177,#e49f84,4.5,4.5,122,5.0,Médio / Medium
449,charlotte tilbury,magic foundation,,4.5,72.5490196078431,#d6b19c,4.5,4.5,24,6.0,Médio / Medium
450,bobbi brown,skin weightless powder foundation,warm natural,4.5,67.45098039215691,#dea77a,4.5,4.5,20,7.0,Médio / Medium
451,armani beauty,luminous silk compact powder foundation,,4.5,73.5294117647059,#dab59d,4.5,4.5,8,61.0,Médio / Medium
452,kevyn aucoin,foundation balm,light ef,4.5,76.2745098039216,#ecc299,4.5,4.5,58,48.0,Claro / Light
453,smashbox,primer + foundation customizable set,smashbox,4.5,42.7450980392157,#8f554b,4.5,4.5,119,12.0,Escuro / Dark
454,beautyblender,bounce™ liquid whip long wear foundation,cool,4.55,27.647058823529402,#6f3a1e,4.55,4.55,142,35.0,Retinto / Deep
455,smashbox,studio skin 24 hour full coverage waterproof foundation,,4.6,36.4705882352941,#765644,4.6,4.6,120,9.0,Escuro / Dark
456,smashbox,studio skin 24 hour oil-free hydra foundation,,4.6,28.431372549019603,#65362c,4.6,4.6,121,10.0,Retinto / Deep
457,beautyblender,bounce™ liquid whip long wear foundation,neutral,4.60,20.3921568627451,#532e15,4.6,4.60,142,35.0,Retinto / Deep
458,smashbox,primer + foundation customizable set,smashbox,4.6,41.3725490196078,#8f4e44,4.6,4.6,119,12.0,Escuro / Dark
459,smashbox,studio skin 24 hour full coverage waterproof foundation,,4.7,32.5490196078431,#6a4c3c,4.7,4.7,120,9.0,Escuro / Dark
460,smashbox,studio skin 24 hour oil-free hydra foundation,,4.7,27.058823529411804,#5e372c,4.7,4.7,121,10.0,Retinto / Deep
461,beautyblender,bounce™ liquid whip long wear foundation,cool,4.70,19.8039215686275,#542911,4.7,4.70,142,35.0,Retinto / Deep
462,tom ford,traceless soft matte foundation,cool beige,4.7,71.3725490196078,#d1b49b,4.7,4.7,123,3.0,Médio / Medium
463,tom ford,traceless foundation stick,cool beige,4.7,79.6078431372549,#f3c6a3,4.7,4.7,122,5.0,Claro / Light
464,smashbox,primer + foundation customizable set,smashbox,4.7,41.960784313725505,#904d46,4.7,4.7,119,12.0,Escuro / Dark
465,ofra cosmetics,absolute cover foundation,,4.75,57.0588235294118,#b19172,4.75,4.75,97,13.0,Médio / Medium
466,beautyblender,bounce™ liquid whip long wear foundation,neutral,4.75,15.490196078431401,#3a2115,4.75,4.75,142,35.0,Retinto / Deep
467,armani beauty,power fabric longwear high cover foundation spf 25,,4.75,74.1176470588235,#e4ad96,4.75,4.75,11,42.0,Médio / Medium
468,benefit cosmetics,hello happy air stick foundation spf 20,,shade 5,68.4313725490196,#deaf7f,5.0,shade 5,13,19.0,Médio / Medium
469,benefit cosmetics,hello happy flawless brightening foundation spf 15,shade   medium neutral warm,5,71.3725490196078,#dcb590,5.0,5,14,20.0,Médio / Medium
470,benefit cosmetics,hello happy velvet powder foundation,shade   medium neutral warm,5,69.8039215686274,#dab48a,5.0,5,16,21.0,Médio / Medium
471,nudestix,tinted cover foundation,nude,5,66.8627450980392,#d69f7f,5.0,5,93,22.0,Médio / Medium
472,bareminerals,matte foundation broad spectrum spf 15,fairly medium,05,81.3725490196078,#efc6b0,5.0,05,137,23.0,Claro / Light
473,bareminerals,original foundation broad spectrum spf 15,fairly medium,05,81.3725490196078,#efc6b0,5.0,05,139,25.0,Claro / Light
474,bareminerals,barepro performance wear powder foundation,sateen,05,74.3137254901961,#e6b295,5.0,05,131,14.0,Médio / Medium
475,clinique,almost powder makeup,medium,05,95.2941176470588,#f4f3f2,5.0,05,26,,Claro / Light
476,bareminerals,complexion rescue hydrating foundation stick broad spectrum spf 25,natural,05,76.078431372549,#edb497,5.0,05,135,26.0,Claro / Light
477,makeup revolution,conceal & define full coverage foundation,,f5,78.6274509803922,#dec1b3,5.0,f5,83,1.0,Claro / Light
478,jane iredale,beyond matte liquid foundation,,m5,76.078431372549,#f6c28e,5.0,m5,144,30.0,Claro / Light
479,juice beauty,phyto-pigments flawless serum foundation,buff,05,82.156862745098,#eccfb7,5.0,05,56,71.0,Claro / Light
480,urban decay cosmetics,all nighter liquid full coverage foundation,,5.0,67.05882352941181,#d1a985,5.0,5.0,126,15.0,Médio / Medium
481,bareminerals,barepro performance wear liquid foundation broad spectrum spf 20,sateen,05,74.3137254901961,#e6b295,5.0,05,130,16.0,Médio / Medium
482,ofra cosmetics,absolute cover foundation,,5,57.0588235294118,#af9374,5.0,5,97,13.0,Médio / Medium
483,bareminerals,original liquid mineral foundation broad spectrum spf 20,fairly medium,05,80.7843137254902,#facaa2,5.0,05,140,32.0,Claro / Light
484,lorac,pro soft focus longwear foundation,,05,71.5686274509804,#ecb481,5.0,05,67,33.0,Médio / Medium
485,colourpop,pretty fresh foundation,fair,05w,89.01960784313721,#eee2d8,5.0,05w,33,65.0,Claro / Light
486,hourglass,veil fluid makeup,warm beige,no. 5,54.7058823529412,#b8805f,5.0,no. 5,50,2.0,Médio / Medium
487,catrice,hd liquid coverage foundation,ivory beige,005,71.17647058823529,#dfb88c,5.0,005,21,59.0,Médio / Medium
488,ilia,super serum skin tint spf 40 foundation,bom bom,5,79.2156862745098,#edc5a7,5.0,5,53,34.0,Claro / Light
489,bareminerals,complexion rescue™ tinted moisturizer with hyaluronic acid and mineral spf 30,natural,05,71.7647058823529,#d4ab9a,5.0,05,134,36.0,Médio / Medium
490,sephora collection,10 hour wear perfection foundation,light porcelain,05,73.921568627451,#deb39b,5.0,05,107,66.0,Médio / Medium
491,bareminerals,barepro longwear powder foundation,sateen,05,82.54901960784309,#f6d1af,5.0,05,129,17.0,Claro / Light
492,pat mcgrath labs,sublime perfection foundation,light,5,87.0588235294118,#fadcc2,5.0,5,99,37.0,Claro / Light
493,bareminerals,barepro™ 24 hour longwear liquid foundation with mineral spf 20,sateen,05,79.2156862745098,#e8cbac,5.0,05,132,18.0,Claro / Light
494,bareminerals,matte loose powder mineral foundation spf 15,fairly medium,05,73.921568627451,#d7baa2,5.0,05,138,38.0,Médio / Medium
495,sephora collection,make no mistake foundation & concealer stick,cork,5,73.7254901960784,#e2b096,5.0,5,110,39.0,Médio / Medium
496,laura mercier,smooth finish foundation powder,,5,76.6666666666667,#f4c393,5.0,5,76,40.0,Claro / Light
497,kosas,tinted face oil foundation,tone,05,68.8235294117647,#daa685,5.0,05,65,41.0,Médio / Medium
498,sephora collection,microsmooth baked powder foundation,porcelain sephora quality way-nice price,05,85.2941176470588,#ecd6c7,5.0,05,114,72.0,Claro / Light
499,armani beauty,neo nude foundation,,5,77.6470588235294,#ebc3a1,5.0,5,10,4.0,Claro / Light
500,armani beauty,power fabric longwear high cover foundation spf 25,,5,67.45098039215691,#d29f86,5.0,5,11,42.0,Médio / Medium
501,charlotte tilbury,light wonder foundation,medium,5,72.3529411764706,#d9b198,5.0,5,23,43.0,Médio / Medium
502,natasha denona,transformatte pore vanishing matte foundation,,5n,94.1176470588235,#faf2e6,5.0,5n,96,67.0,Claro / Light
503,lancôme,skin feels good skin nourishing foundation,,05n,70.0,#d8a38d,5.0,05n,73,44.0,Médio / Medium
504,dior,diorskin forever undercover foundation,light ivory,005,85.6862745098039,#eed7c7,5.0,005,37,73.0,Claro / Light
505,bareminerals,complexion rescue™ hydrating foundation stick with mineral spf 25,natural,05,70.5882352941177,#ddac8b,5.0,05,133,45.0,Médio / Medium
506,charlotte tilbury,magic foundation,,5,71.5686274509804,#d5b098,5.0,5,24,6.0,Médio / Medium
507,sephora collection,matte perfection tinted moisturizer,crepe sephora quality way-nice price,5,78.82352941176471,#eac7a8,5.0,5,113,46.0,Claro / Light
508,josie maran,vibrancy argan oil foundation fluid,dynamic,rg5,82.94117647058819,#e7cac0,5.0,rg5,55,74.0,Claro / Light
509,bobbi brown,skin weightless powder foundation,honey,5,70.0,#e7ac7e,5.0,5,20,7.0,Médio / Medium
510,armani beauty,luminous silk compact powder foundation,,5,73.7254901960784,#d9b19f,5.0,5,8,61.0,Médio / Medium
511,armani beauty,designer lift smoothing firming full coverage foundation with spf 20,,5,65.8823529411765,#daab76,5.0,5,7,62.0,Médio / Medium
512,sephora collection,matte perfection full coverage foundation,porcelain,05,79.6078431372549,#e6c0b0,5.0,05,111,70.0,Claro / Light
513,kevyn aucoin,foundation balm,light ef,05,72.9411764705882,#e9b88b,5.0,05,58,48.0,Médio / Medium
514,nudestix,nudies tinted blur stick,medium,5,65.4901960784314,#d59979,5.0,5,92,49.0,Médio / Medium
515,givenchy,matissime velvet radiant mattifying fluid foundation spf 20,,n05,68.0392156862745,#cdaa8e,5.0,n05,47,8.0,Médio / Medium
516,sephora collection,clean glowing skin foundation,,5,77.6470588235294,#e5c1a7,5.0,5,109,50.0,Claro / Light
517,armani beauty,crema nuda supreme glow reviving tinted moisturizer,warm glow,5,60.1960784313725,#c47e6f,5.0,5,6,51.0,Médio / Medium
518,kevyn aucoin,the etherealist foundation,light ef,05,69.8039215686274,#d5aa8f,5.0,05,60,52.0,Médio / Medium
519,surratt beauty,surreal skin foundation wand,surreal skin,5,69.8039215686274,#dfb385,5.0,5,145,53.0,Médio / Medium
520,natasha denona,foundation x+,nfair,5,86.8627450980392,#ecdbcf,5.0,5,95,68.0,Claro / Light
521,bareminerals,i am an original get started® kit original loose mineral foundation customizable set,bareminerals,05,73.921568627451,#d7baa2,5.0,05,136,54.0,Médio / Medium
522,kevyn aucoin,stripped nude skin tint,st,05,77.0588235294118,#edc19c,5.0,05,59,55.0,Claro / Light
523,lancôme,bienfait teinté beauty balm sunscreen broad spectrum spf 30,sand,5,64.5098039215686,#d29f77,5.0,5,70,,Médio / Medium
524,tom ford,traceless soft matte foundation,cool almond,5.1,71.17647058823529,#d1b29a,5.1,5.1,123,3.0,Médio / Medium
525,tom ford,traceless foundation stick,cool almond,5.1,67.05882352941181,#d29c84,5.1,5.1,122,5.0,Médio / Medium
526,armani beauty,neo nude foundation,,5.25,77.4509803921569,#e3c2a8,5.25,5.25,10,4.0,Claro / Light
527,armani beauty,power fabric longwear high cover foundation spf 25,,5.25,71.3725490196078,#daa292,5.25,5.25,11,42.0,Médio / Medium
528,bareminerals,complexion rescue hydrating foundation stick broad spectrum spf 25,bamboo,5.5,75.8823529411765,#eebe95,5.5,5.5,135,26.0,Claro / Light
529,makeup revolution,conceal & define full coverage foundation,,f5.5,72.7450980392157,#e8b68b,5.5,f5.5,83,1.0,Médio / Medium
530,urban decay cosmetics,all nighter liquid full coverage foundation,,5.5,66.6666666666667,#d6a07e,5.5,5.5,126,15.0,Médio / Medium
531,bareminerals,complexion rescue™ tinted moisturizer with hyaluronic acid and mineral spf 30,bamboo,5.5,79.8039215686275,#ebcbac,5.5,5.5,134,36.0,Claro / Light
532,kosas,tinted face oil foundation,tone,5.5,66.2745098039216,#d2ae80,5.5,5.5,65,41.0,Médio / Medium
533,tom ford,traceless soft matte foundation,bisque,5.5,75.49019607843141,#d9c1a8,5.5,5.5,123,3.0,Claro / Light
534,armani beauty,neo nude foundation,,5.5,72.7450980392157,#efb084,5.5,5.5,10,4.0,Médio / Medium
535,armani beauty,power fabric longwear high cover foundation spf 25,,5.5,64.11764705882351,#c69781,5.5,5.5,11,42.0,Médio / Medium
536,bareminerals,complexion rescue™ hydrating foundation stick with mineral spf 25,bamboo,5.5,71.5686274509804,#e0b78d,5.5,5.5,133,45.0,Médio / Medium
537,tom ford,traceless foundation stick,bisque,5.5,63.921568627450995,#d39773,5.5,5.5,122,5.0,Médio / Medium
538,armani beauty,luminous silk compact powder foundation,,5.5,70.5882352941177,#d3aa95,5.5,5.5,8,61.0,Médio / Medium
539,armani beauty,designer lift smoothing firming full coverage foundation with spf 20,,5.5,65.2941176470588,#dca771,5.5,5.5,7,62.0,Médio / Medium
540,kevyn aucoin,foundation balm,medium ef,5.5,72.5490196078431,#e7b58b,5.5,5.5,58,48.0,Médio / Medium
541,tom ford,traceless soft matte foundation,ivory beige,5.6,68.8235294117647,#d2b08d,5.6,5.6,123,3.0,Médio / Medium
542,tom ford,traceless foundation stick,ivory beige,5.6,69.2156862745098,#d9b188,5.6,5.6,122,5.0,Médio / Medium
543,makeup revolution,conceal & define satte matte powder foundation,,p5.7,90.0,#f7e7d4,5.7,p5.7,84,11.0,Claro / Light
544,tom ford,traceless soft matte foundation,dune,5.7,70.9803921568627,#d1b399,5.7,5.7,123,3.0,Médio / Medium
545,tom ford,traceless foundation stick,dune,5.7,77.4509803921569,#f3c398,5.7,5.7,122,5.0,Claro / Light
546,armani beauty,power fabric longwear high cover foundation spf 25,,5.75,70.1960784313725,#e4a382,5.75,5.75,11,42.0,Médio / Medium
547,benefit cosmetics,hello happy air stick foundation spf 20,,shade 6,66.4705882352941,#ddaf76,6.0,shade 6,13,19.0,Médio / Medium
548,benefit cosmetics,hello happy flawless brightening foundation spf 15,medium warm,shade 6,64.7058823529412,#d5a575,6.0,shade 6,14,20.0,Médio / Medium
549,benefit cosmetics,hello happy velvet powder foundation,medium warm,shade 6,62.7450980392157,#d0a270,6.0,shade 6,16,21.0,Médio / Medium
550,kvd vegan beauty,true portrait medium coverage shake foundation,light,006,78.4313725490196,#eec6a2,6.0,006,63,57.0,Claro / Light
551,nudestix,tinted cover foundation,nude,6,61.1764705882353,#cc8d6c,6.0,6,93,22.0,Médio / Medium
552,bareminerals,matte foundation broad spectrum spf 15,neutral ivory,06,76.078431372549,#f2b792,6.0,06,137,23.0,Claro / Light
553,makeup revolution,fast base stick foundation,,f6,66.4705882352941,#d3ae80,6.0,f6,87,24.0,Médio / Medium
554,makeup revolution,conceal & define satte matte powder foundation,,p6,89.4117647058824,#f5e3d3,6.0,p6,84,11.0,Claro / Light
555,bareminerals,original foundation broad spectrum spf 15,neutral ivory,06,76.078431372549,#f2b792,6.0,06,139,25.0,Claro / Light
556,bareminerals,barepro performance wear powder foundation,cashmere,06,79.2156862745098,#f7c39d,6.0,06,131,14.0,Claro / Light
557,clinique,almost powder makeup,deep,06,95.2941176470588,#f4f3f2,6.0,06,26,,Claro / Light
558,clinique,beyond perfecting powder foundation + concealer,ivory,06,76.078431372549,#e5bd9f,6.0,06,28,,Claro / Light
559,bareminerals,complexion rescue hydrating foundation stick broad spectrum spf 25,ginger,06,69.2156862745098,#daac87,6.0,06,135,26.0,Médio / Medium
560,makeup revolution,conceal & define full coverage foundation,,f6,82.94117647058819,#f7d7b0,6.0,f6,83,1.0,Claro / Light
561,makeup revolution,conceal & glow foundation,,f6,70.1960784313725,#d8ab8e,6.0,f6,85,28.0,Médio / Medium
562,pacifica,alight clean foundation,warm deep,06wd,38.0392156862745,#925a30,6.0,06wd,100,29.0,Escuro / Dark
563,jane iredale,beyond matte liquid foundation,,m6,75.6862745098039,#f1bf91,6.0,m6,144,30.0,Claro / Light
564,urban decay cosmetics,all nighter liquid full coverage foundation,,6.0,65.0980392156863,#cfa57d,6.0,6.0,126,15.0,Médio / Medium
565,bareminerals,barepro performance wear liquid foundation broad spectrum spf 20,cashmere,06,79.2156862745098,#f7c39d,6.0,06,130,16.0,Claro / Light
566,ofra cosmetics,absolute cover foundation,,6,62.156862745097996,#c6a377,6.0,6,97,13.0,Médio / Medium
567,bareminerals,original liquid mineral foundation broad spectrum spf 20,neutral ivory,06,75.8823529411765,#f3c090,6.0,06,140,32.0,Claro / Light
568,lorac,pro soft focus longwear foundation,,06,76.6666666666667,#f2c395,6.0,06,67,33.0,Claro / Light
569,hourglass,veil fluid makeup,sable,no. 6,49.607843137254896,#b06f4d,6.0,no. 6,50,2.0,Escuro / Dark
570,ilia,super serum skin tint spf 40 foundation,ora,6,80.9803921568627,#fac7a3,6.0,6,53,34.0,Claro / Light
571,bareminerals,complexion rescue™ tinted moisturizer with hyaluronic acid and mineral spf 30,ginger,06,69.6078431372549,#d0a993,6.0,06,134,36.0,Médio / Medium
572,sephora collection,matte perfection powder foundation,warm porcelain,06,72.3529411764706,#ceb4a3,6.0,06,112,60.0,Médio / Medium
573,bareminerals,barepro longwear powder foundation,cashmere,06,82.156862745098,#fbd2a8,6.0,06,129,17.0,Claro / Light
574,pat mcgrath labs,sublime perfection foundation,light,6,87.843137254902,#fbd9c5,6.0,6,99,37.0,Claro / Light
575,bareminerals,barepro™ 24 hour longwear liquid foundation with mineral spf 20,cashmere,06,77.4509803921569,#e3c5a8,6.0,06,132,18.0,Claro / Light
576,bareminerals,matte loose powder mineral foundation spf 15,neutral ivory,06,67.05882352941181,#d59c81,6.0,06,138,38.0,Médio / Medium
577,sephora collection,make no mistake foundation & concealer stick,hickory,6,75.2941176470588,#e0bba0,6.0,6,110,39.0,Claro / Light
578,laura mercier,smooth finish foundation powder,,6,71.7647058823529,#e9b485,6.0,6,76,40.0,Médio / Medium
579,kosas,tinted face oil foundation,tone,06,67.05882352941181,#cba98b,6.0,06,65,41.0,Médio / Medium
580,tom ford,traceless soft matte foundation,natural,6.0,69.8039215686274,#d1b393,6.0,6.0,123,3.0,Médio / Medium
581,armani beauty,neo nude foundation,,6,70.0,#d6b38f,6.0,6,10,4.0,Médio / Medium
582,armani beauty,power fabric longwear high cover foundation spf 25,,6,69.0196078431373,#cfa591,6.0,6,11,42.0,Médio / Medium
583,charlotte tilbury,light wonder foundation,medium,6,69.8039215686274,#cfaf95,6.0,6,23,43.0,Médio / Medium
584,bareminerals,complexion rescue™ hydrating foundation stick with mineral spf 25,ginger,06,70.3921568627451,#dbb38c,6.0,06,133,45.0,Médio / Medium
585,tom ford,traceless foundation stick,natural,6.0,76.2745098039216,#edb398,6.0,6.0,122,5.0,Claro / Light
586,charlotte tilbury,magic foundation,,6,70.9803921568627,#d1b099,6.0,6,24,6.0,Médio / Medium
587,sephora collection,matte perfection tinted moisturizer,satin sephora quality way-nice price,6,72.9411764705882,#dbaf99,6.0,6,113,46.0,Médio / Medium
588,bobbi brown,skin weightless powder foundation,golden,6,65.6862745098039,#dea671,6.0,6,20,7.0,Médio / Medium
589,kevyn aucoin,foundation balm,medium ef,06,70.3921568627451,#ddb18a,6.0,06,58,48.0,Médio / Medium
590,nudestix,nudies tinted blur stick,medium,6,63.3333333333333,#c6947d,6.0,6,92,49.0,Médio / Medium
591,givenchy,matissime velvet radiant mattifying fluid foundation spf 20,,n06,65.8823529411765,#caa386,6.0,n06,47,8.0,Médio / Medium
592,kevyn aucoin,the etherealist foundation,medium ef,06,70.1960784313725,#cda999,6.0,06,60,52.0,Médio / Medium
593,bareminerals,i am an original get started® kit original loose mineral foundation customizable set,bareminerals,06,80.7843137254902,#f9cea3,6.0,06,136,54.0,Claro / Light
594,kevyn aucoin,stripped nude skin tint,st,06,73.921568627451,#ecb28d,6.0,06,59,55.0,Médio / Medium
595,armani beauty,power fabric longwear high cover foundation spf 25,,6.25,66.6666666666667,#d79b7d,6.25,6.25,11,42.0,Médio / Medium
596,bareminerals,complexion rescue hydrating foundation stick broad spectrum spf 25,desert,6.5,64.5098039215686,#d79c72,6.5,6.5,135,26.0,Médio / Medium
597,makeup revolution,conceal & define full coverage foundation,,f6.5,93.1372549019608,#f9ece2,6.5,f6.5,83,1.0,Claro / Light
598,urban decay cosmetics,all nighter liquid full coverage foundation,,6.5,62.7450980392157,#c79979,6.5,6.5,126,15.0,Médio / Medium
599,bareminerals,complexion rescue™ tinted moisturizer with hyaluronic acid and mineral spf 30,desert,6.5,68.8235294117647,#d9a986,6.5,6.5,134,36.0,Médio / Medium
600,tom ford,traceless soft matte foundation,sable,6.5,67.6470588235294,#d0ab89,6.5,6.5,123,3.0,Médio / Medium
601,armani beauty,neo nude foundation,,6.5,63.921568627450995,#d29d74,6.5,6.5,10,4.0,Médio / Medium
602,armani beauty,power fabric longwear high cover foundation spf 25,,6.5,66.2745098039216,#cfa083,6.5,6.5,11,42.0,Médio / Medium
603,bareminerals,complexion rescue™ hydrating foundation stick with mineral spf 25,desert,6.5,67.6470588235294,#d1a788,6.5,6.5,133,45.0,Médio / Medium
604,tom ford,traceless foundation stick,sable,6.5,75.2941176470588,#f1af8f,6.5,6.5,122,5.0,Claro / Light
605,charlotte tilbury,magic foundation,,6.5,72.7450980392157,#d7af9c,6.5,6.5,24,6.0,Médio / Medium
606,armani beauty,luminous silk compact powder foundation,,6.5,70.5882352941177,#d8aa90,6.5,6.5,8,61.0,Médio / Medium
607,charlotte tilbury,magic foundation,,6.75,70.7843137254902,#d4ac95,6.75,6.75,24,6.0,Médio / Medium
608,benefit cosmetics,hello happy air stick foundation spf 20,,shade 7,64.11764705882351,#d9a76e,7.0,shade 7,13,19.0,Médio / Medium
609,benefit cosmetics,hello happy flawless brightening foundation spf 15,medium-tan neutral,shade 7,51.5686274509804,#c88c3f,7.0,shade 7,14,20.0,Médio / Medium
610,benefit cosmetics,hello happy velvet powder foundation,medium-tan neutral,shade 7,58.627450980392204,#c39e68,7.0,shade 7,16,21.0,Médio / Medium
611,nudestix,tinted cover foundation,nude,7,56.470588235294095,#c08560,7.0,7,93,22.0,Médio / Medium
612,bareminerals,matte foundation broad spectrum spf 15,golden ivory,07,77.2549019607843,#f6c494,7.0,07,137,23.0,Claro / Light
613,makeup revolution,fast base stick foundation,,f7,68.6274509803922,#d7b187,7.0,f7,87,24.0,Médio / Medium
614,bareminerals,original foundation broad spectrum spf 15,golden ivory,07,77.2549019607843,#f6c494,7.0,07,139,25.0,Claro / Light
615,bareminerals,barepro performance wear powder foundation,warm light,07,78.82352941176471,#f5c59d,7.0,07,131,14.0,Claro / Light
616,clinique,beyond perfecting powder foundation + concealer,cream chamois,07,72.15686274509801,#deb192,7.0,07,28,,Médio / Medium
617,bareminerals,complexion rescue hydrating foundation stick broad spectrum spf 25,tan,07,64.3137254901961,#d79371,7.0,07,135,26.0,Médio / Medium
618,makeup revolution,conceal & hydrate foundation,,f7,76.4705882352941,#e8be9e,7.0,f7,86,27.0,Claro / Light
619,makeup revolution,conceal & define full coverage foundation,,f7,85.4901960784314,#fed2b6,7.0,f7,83,1.0,Claro / Light
620,makeup revolution,conceal & glow foundation,,f7,69.41176470588239,#dea884,7.0,f7,85,28.0,Médio / Medium
621,pacifica,alight clean foundation,warm deep,07wd,39.8039215686274,#9d5f2e,7.0,07wd,100,29.0,Escuro / Dark
622,jane iredale,beyond matte liquid foundation,,m7,67.45098039215691,#e3a775,7.0,m7,144,30.0,Médio / Medium
623,urban decay cosmetics,all nighter liquid full coverage foundation,,7.0,65.8823529411765,#cea182,7.0,7.0,126,15.0,Médio / Medium
624,bareminerals,barepro performance wear liquid foundation broad spectrum spf 20,warm light,07,78.82352941176471,#f5c59d,7.0,07,130,16.0,Claro / Light
625,ofra cosmetics,absolute cover foundation,,7,52.9411764705882,#a58b69,7.0,7,97,13.0,Médio / Medium
626,bareminerals,original liquid mineral foundation broad spectrum spf 20,golden ivory,07,76.2745098039216,#f5c290,7.0,07,140,32.0,Claro / Light
627,lorac,pro soft focus longwear foundation,,07,64.3137254901961,#d2a176,7.0,07,67,33.0,Médio / Medium
628,hourglass,veil fluid makeup,chestnut,no. 7,40.9803921568627,#92663f,7.0,no. 7,50,2.0,Escuro / Dark
629,ilia,super serum skin tint spf 40 foundation,diaz,7,71.5686274509804,#dcae91,7.0,7,53,34.0,Médio / Medium
630,bareminerals,complexion rescue™ tinted moisturizer with hyaluronic acid and mineral spf 30,tan,07,68.4313725490196,#caa293,7.0,07,134,36.0,Médio / Medium
631,bareminerals,barepro longwear powder foundation,warm light,07,78.82352941176471,#f6cc9c,7.0,07,129,17.0,Claro / Light
632,pat mcgrath labs,sublime perfection foundation,light,7,85.88235294117649,#f5d9c1,7.0,7,99,37.0,Claro / Light
633,bareminerals,barepro™ 24 hour longwear liquid foundation with mineral spf 20,warm light,07,77.0588235294118,#e1c8a8,7.0,07,132,18.0,Claro / Light
634,bareminerals,matte loose powder mineral foundation spf 15,golden ivory,07,63.5294117647059,#d19973,7.0,07,138,38.0,Médio / Medium
635,sephora collection,make no mistake foundation & concealer stick,maple,7,71.5686274509804,#dfaf8e,7.0,7,110,39.0,Médio / Medium
636,laura mercier,smooth finish foundation powder,,7,75.2941176470588,#fac186,7.0,7,76,40.0,Claro / Light
637,kosas,tinted face oil foundation,tone,07,61.568627450980394,#bf997b,7.0,07,65,41.0,Médio / Medium
638,tom ford,traceless soft matte foundation,tawny,7.0,66.4705882352941,#cea985,7.0,7.0,123,3.0,Médio / Medium
639,armani beauty,neo nude foundation,,7,66.4705882352941,#dda776,7.0,7,10,4.0,Médio / Medium
640,armani beauty,power fabric longwear high cover foundation spf 25,,7,64.11764705882351,#cc957b,7.0,7,11,42.0,Médio / Medium
641,charlotte tilbury,light wonder foundation,medium,7,68.6274509803922,#d5ab89,7.0,7,23,43.0,Médio / Medium
642,bareminerals,complexion rescue™ hydrating foundation stick with mineral spf 25,tan,07,70.0,#dda988,7.0,07,133,45.0,Médio / Medium
643,tom ford,traceless foundation stick,tawny,7.0,67.6470588235294,#de987b,7.0,7.0,122,5.0,Médio / Medium
644,charlotte tilbury,magic foundation,,7,70.7843137254902,#d4ae95,7.0,7,24,6.0,Médio / Medium
645,sephora collection,matte perfection tinted moisturizer,linen sephora quality way-nice price,7,71.3725490196078,#d5ae97,7.0,7,113,46.0,Médio / Medium
646,armani beauty,luminous silk compact powder foundation,,7,69.6078431372549,#d3a990,7.0,7,8,61.0,Médio / Medium
647,armani beauty,designer lift smoothing firming full coverage foundation with spf 20,,7,63.5294117647059,#d0a274,7.0,7,7,62.0,Médio / Medium
648,kevyn aucoin,foundation balm,medium ef,07,69.2156862745098,#ddad84,7.0,07,58,48.0,Médio / Medium
649,nudestix,nudies tinted blur stick,medium,7,60.588235294117595,#c6866f,7.0,7,92,49.0,Médio / Medium
650,givenchy,matissime velvet radiant mattifying fluid foundation spf 20,,n07,63.1372549019608,#cc9f76,7.0,n07,47,8.0,Médio / Medium
651,sephora collection,clean glowing skin foundation,,7,76.2745098039216,#e5c3a0,7.0,7,109,50.0,Claro / Light
652,kevyn aucoin,the etherealist foundation,medium ef,07,67.6470588235294,#c9a490,7.0,07,60,52.0,Médio / Medium
653,surratt beauty,surreal skin foundation wand,surreal skin,7,49.4117647058824,#ab7351,7.0,7,145,53.0,Escuro / Dark
654,bareminerals,i am an original get started® kit original loose mineral foundation customizable set,bareminerals,07,79.8039215686275,#f6cea1,7.0,07,136,54.0,Claro / Light
655,kevyn aucoin,stripped nude skin tint,st,07,74.1176470588235,#ebac8f,7.0,07,59,55.0,Médio / Medium
656,ofra cosmetics,absolute cover foundation,,7.15,60.98039215686279,#c5a472,7.15,7.15,97,13.0,Médio / Medium
657,ofra cosmetics,absolute cover foundation,,7.2,48.823529411764696,#af804a,7.2,7.2,97,13.0,Escuro / Dark
658,tom ford,traceless soft matte foundation,sepia,7.2,66.4705882352941,#cdab86,7.2,7.2,123,3.0,Médio / Medium
659,tom ford,traceless foundation stick,sepia,7.2,67.45098039215691,#d3a685,7.2,7.2,122,5.0,Médio / Medium
660,ofra cosmetics,absolute cover foundation,,7.25,45.6862745098039,#9c774d,7.25,7.25,97,13.0,Escuro / Dark
661,armani beauty,power fabric longwear high cover foundation spf 25,,7.25,64.3137254901961,#d49a74,7.25,7.25,11,42.0,Médio / Medium
662,nudestix,tinted cover foundation,nude,7.5,47.4509803921569,#ac7446,7.5,7.5,93,22.0,Escuro / Dark
663,bareminerals,barepro performance wear powder foundation,shell,7.5,74.50980392156859,#e6a996,7.5,7.5,131,14.0,Médio / Medium
664,bareminerals,complexion rescue hydrating foundation stick broad spectrum spf 25,dune,7.5,60.588235294117595,#cd9568,7.5,7.5,135,26.0,Médio / Medium
665,makeup revolution,conceal & define full coverage foundation,,f7.5,68.0392156862745,#dca67f,7.5,f7.5,83,1.0,Médio / Medium
666,urban decay cosmetics,all nighter liquid full coverage foundation,,7.5,60.392156862745104,#c39171,7.5,7.5,126,15.0,Médio / Medium
667,bareminerals,barepro performance wear liquid foundation broad spectrum spf 20,shell,7.5,74.50980392156859,#e6a996,7.5,7.5,130,16.0,Médio / Medium
668,ofra cosmetics,absolute cover foundation,,7.5,45.6862745098039,#a07349,7.5,7.5,97,13.0,Escuro / Dark
669,bareminerals,complexion rescue™ tinted moisturizer with hyaluronic acid and mineral spf 30,dune,7.5,70.1960784313725,#deae88,7.5,7.5,134,36.0,Médio / Medium
670,bareminerals,barepro longwear powder foundation,shell,7.5,78.2352941176471,#e9b6a6,7.5,7.5,129,17.0,Claro / Light
671,bareminerals,barepro™ 24 hour longwear liquid foundation with mineral spf 20,shell,7.5,81.1764705882353,#eec1b0,7.5,7.5,132,18.0,Claro / Light
672,kosas,tinted face oil foundation,tone,7.5,46.8627450980392,#b1763e,7.5,7.5,65,41.0,Escuro / Dark
673,tom ford,traceless soft matte foundation,shell beige,7.5,65.4901960784314,#c7a987,7.5,7.5,123,3.0,Médio / Medium
674,armani beauty,power fabric longwear high cover foundation spf 25,,7.5,62.3529411764706,#c79a77,7.5,7.5,11,42.0,Médio / Medium
675,bareminerals,complexion rescue™ hydrating foundation stick with mineral spf 25,dune,7.5,67.6470588235294,#d7ad82,7.5,7.5,133,45.0,Médio / Medium
676,tom ford,traceless foundation stick,shell beige,7.5,65.4901960784314,#cca282,7.5,7.5,122,5.0,Médio / Medium
677,kevyn aucoin,foundation balm,medium ef,7.5,69.6078431372549,#dfab84,7.5,7.5,58,48.0,Médio / Medium
678,tom ford,traceless soft matte foundation,honey,7.7,64.3137254901961,#c99f7f,7.7,7.7,123,3.0,Médio / Medium
679,tom ford,traceless foundation stick,honey,7.7,70.9803921568627,#e9ab81,7.7,7.7,122,5.0,Médio / Medium
680,urban decay cosmetics,all nighter liquid full coverage foundation,,7.75,62.9411764705882,#d09b71,7.75,7.75,126,15.0,Médio / Medium
681,armani beauty,power fabric longwear high cover foundation spf 25,,7.75,66.2745098039216,#da9878,7.75,7.75,11,42.0,Médio / Medium
682,benefit cosmetics,hello happy air stick foundation spf 20,,shade 8,60.98039215686279,#ca986d,8.0,shade 8,13,19.0,Médio / Medium
683,benefit cosmetics,hello happy flawless brightening foundation spf 15,tan warm,shade 8,44.7058823529412,#ab6939,8.0,shade 8,14,20.0,Escuro / Dark
684,benefit cosmetics,hello happy velvet powder foundation,tan warm,shade 8,55.88235294117651,#b48e69,8.0,shade 8,16,21.0,Médio / Medium
685,kvd vegan beauty,true portrait medium coverage shake foundation,light,008,76.6666666666667,#eac39d,8.0,008,63,57.0,Claro / Light
686,nudestix,tinted cover foundation,nude,8,40.1960784313726,#976136,8.0,8,93,22.0,Escuro / Dark
687,bareminerals,matte foundation broad spectrum spf 15,light,08,73.3333333333333,#f1b885,8.0,08,137,23.0,Médio / Medium
688,bareminerals,original foundation broad spectrum spf 15,light,08,73.1372549019608,#f1b884,8.0,08,139,25.0,Médio / Medium
689,bareminerals,barepro performance wear powder foundation,golden ivory,08,77.6470588235294,#f4c398,8.0,08,131,14.0,Claro / Light
690,clinique,beyond perfecting powder foundation + concealer,golden neutral,08,70.3921568627451,#e2b185,8.0,08,28,,Médio / Medium
691,bareminerals,complexion rescue hydrating foundation stick broad spectrum spf 25,spice,08,66.6666666666667,#e2a272,8.0,08,135,26.0,Médio / Medium
692,makeup revolution,conceal & define full coverage foundation,,f8,77.4509803921569,#fdbe8e,8.0,f8,83,1.0,Claro / Light
693,jane iredale,beyond matte liquid foundation,,m8,60.392156862745104,#d7995d,8.0,m8,144,30.0,Médio / Medium
694,clinique,stay matte oil-free makeup,linen,cn 08,88.4313725490196,#f4dfcf,8.0,cn 08,31,,Claro / Light
695,clinique,beyond perfecting foundation + concealer,linen,cn 08,88.4313725490196,#f4dfcf,8.0,cn 08,27,,Claro / Light
696,juice beauty,phyto-pigments flawless serum foundation,cream,08,82.156862745098,#edcdb6,8.0,08,56,71.0,Claro / Light
697,urban decay cosmetics,all nighter liquid full coverage foundation,,8.0,57.843137254902,#c38864,8.0,8.0,126,15.0,Médio / Medium
698,bareminerals,barepro performance wear liquid foundation broad spectrum spf 20,golden ivory,08,77.6470588235294,#f4c398,8.0,08,130,16.0,Claro / Light
699,ofra cosmetics,absolute cover foundation,,8,44.3137254901961,#9a6e48,8.0,8,97,13.0,Escuro / Dark
700,bareminerals,original liquid mineral foundation broad spectrum spf 20,light,08,73.1372549019608,#f5b780,8.0,08,140,32.0,Médio / Medium
701,lorac,pro soft focus longwear foundation,,08,60.98039215686279,#c79a70,8.0,08,67,33.0,Médio / Medium
702,hourglass,veil fluid makeup,walnut,no. 8,33.921568627451,#754a38,8.0,no. 8,50,2.0,Escuro / Dark
703,catrice,hd liquid coverage foundation,fair beige,008,68.8235294117647,#d4b28b,8.0,008,21,59.0,Médio / Medium
704,ilia,super serum skin tint spf 40 foundation,shela,8,70.1960784313725,#dfab87,8.0,8,53,34.0,Médio / Medium
705,bareminerals,complexion rescue™ tinted moisturizer with hyaluronic acid and mineral spf 30,spice,08,65.6862745098039,#cb9d84,8.0,08,134,36.0,Médio / Medium
706,sephora collection,10 hour wear perfection foundation,light ivory,8,73.1372549019608,#d9b19c,8.0,8,107,66.0,Médio / Medium
707,sephora collection,matte perfection powder foundation,fair neutral,08,73.5294117647059,#d3b4a4,8.0,08,112,60.0,Médio / Medium
708,bareminerals,barepro longwear powder foundation,golden ivory,08,78.82352941176471,#f4cd9e,8.0,08,129,17.0,Claro / Light
709,pat mcgrath labs,sublime perfection foundation,light medium,8,80.9803921568627,#efc9ae,8.0,8,99,37.0,Claro / Light
710,bareminerals,barepro™ 24 hour longwear liquid foundation with mineral spf 20,golden ivory,08,74.50980392156859,#dcc5a0,8.0,08,132,18.0,Médio / Medium
711,bareminerals,matte loose powder mineral foundation spf 15,light,08,65.6862745098039,#caad85,8.0,08,138,38.0,Médio / Medium
712,sephora collection,make no mistake foundation & concealer stick,bamboo,8,70.5882352941177,#dda78b,8.0,8,110,39.0,Médio / Medium
713,laura mercier,smooth finish foundation powder,,8,75.6862745098039,#fdc185,8.0,8,76,40.0,Claro / Light
714,kosas,tinted face oil foundation,tone,08,43.921568627451,#92634e,8.0,08,65,41.0,Escuro / Dark
715,armani beauty,neo nude foundation,,8,63.3333333333333,#cca077,8.0,8,10,4.0,Médio / Medium
716,armani beauty,power fabric longwear high cover foundation spf 25,,8,62.156862745097996,#c89475,8.0,8,11,42.0,Médio / Medium
717,charlotte tilbury,light wonder foundation,medium,8,68.2352941176471,#d0a78c,8.0,8,23,43.0,Médio / Medium
718,lancôme,skin feels good skin nourishing foundation,,08n,62.9411764705882,#c4927d,8.0,08n,73,44.0,Médio / Medium
719,bareminerals,complexion rescue™ hydrating foundation stick with mineral spf 25,spice,08,71.9607843137255,#e3b38c,8.0,08,133,45.0,Médio / Medium
720,charlotte tilbury,magic foundation,,8,68.4313725490196,#cfa68e,8.0,8,24,6.0,Médio / Medium
721,sephora collection,matte perfection tinted moisturizer,canvas sephora quality way-nice price,8,68.0392156862745,#cfa38c,8.0,8,113,46.0,Médio / Medium
722,bobbi brown,skin weightless powder foundation,walnut,8,58.23529411764709,#d18258,8.0,8,20,7.0,Médio / Medium
723,kevyn aucoin,foundation balm,medium ef,08,66.6666666666667,#d9a77b,8.0,08,58,48.0,Médio / Medium
724,nudestix,nudies tinted blur stick,deep,8,60.0,#c4836e,8.0,8,92,49.0,Médio / Medium
725,givenchy,matissime velvet radiant mattifying fluid foundation spf 20,,n08,62.156862745097996,#c99c74,8.0,n08,47,8.0,Médio / Medium
726,kevyn aucoin,the etherealist foundation,medium ef,08,66.8627450980392,#c8a88d,8.0,08,60,52.0,Médio / Medium
727,surratt beauty,surreal skin foundation wand,surreal skin,8,51.5686274509804,#af7f58,8.0,8,145,53.0,Médio / Medium
728,bareminerals,i am an original get started® kit original loose mineral foundation customizable set,bareminerals,08,65.6862745098039,#caad85,8.0,08,136,54.0,Médio / Medium
729,kevyn aucoin,stripped nude skin tint,st,08,66.6666666666667,#d6a27e,8.0,08,59,55.0,Médio / Medium
730,sephora collection,best skin ever liquid foundation,y,08,74.7058823529412,#edc390,8.0,08,108,69.0,Médio / Medium
731,makeup revolution,conceal & define full coverage foundation,,f8.2,63.1372549019608,#cd9e75,8.2,f8.2,83,1.0,Médio / Medium
732,kosas,tinted face oil foundation,tone,8.2,39.2156862745098,#a06728,8.2,8.2,65,41.0,Escuro / Dark
733,tom ford,traceless soft matte foundation,warm honey,8.2,63.1372549019608,#c69c7c,8.2,8.2,123,3.0,Médio / Medium
734,tom ford,traceless foundation stick,warm honey,8.2,47.6470588235294,#a26c51,8.2,8.2,122,5.0,Escuro / Dark
735,makeup revolution,conceal & define satte matte powder foundation,,p8.5,89.8039215686275,#f7e5d3,8.5,p8.5,84,11.0,Claro / Light
736,bareminerals,complexion rescue hydrating foundation stick broad spectrum spf 25,terra,8.5,50.9803921568627,#b17953,8.5,8.5,135,26.0,Médio / Medium
737,makeup revolution,conceal & define full coverage foundation,,f8.5,81.9607843137255,#f1dbb1,8.5,f8.5,83,1.0,Claro / Light
738,ofra cosmetics,absolute cover foundation,,8.5,38.2352941176471,#7c6047,8.5,8.5,97,13.0,Escuro / Dark
739,bareminerals,complexion rescue™ tinted moisturizer with hyaluronic acid and mineral spf 30,terra,8.5,67.6470588235294,#d9a480,8.5,8.5,134,36.0,Médio / Medium
740,armani beauty,neo nude foundation,,8.5,60.392156862745104,#c5946f,8.5,8.5,10,4.0,Médio / Medium
741,bareminerals,complexion rescue™ hydrating foundation stick with mineral spf 25,terra,8.5,64.5098039215686,#c7a482,8.5,8.5,133,45.0,Médio / Medium
742,charlotte tilbury,magic foundation,,8.5,63.921568627450995,#d39a73,8.5,8.5,24,6.0,Médio / Medium
743,kosas,tinted face oil foundation,tone,8.7,35.6862745098039,#98591e,8.7,8.7,65,41.0,Escuro / Dark
744,tom ford,traceless soft matte foundation,golden almond,8.7,63.725490196078404,#c9a27c,8.7,8.7,123,3.0,Médio / Medium
745,tom ford,traceless foundation stick,golden almond,8.7,66.07843137254899,#d2a57f,8.7,8.7,122,5.0,Médio / Medium
746,urban decay cosmetics,all nighter liquid full coverage foundation,,8.75,58.627450980392204,#c89163,8.75,8.75,126,15.0,Médio / Medium
747,armani beauty,neo nude foundation,,8.75,61.7647058823529,#d19a6a,8.75,8.75,10,4.0,Médio / Medium
748,armani beauty,power fabric longwear high cover foundation spf 25,,8.75,63.1372549019608,#cd9075,8.75,8.75,11,42.0,Médio / Medium
749,benefit cosmetics,hello happy air stick foundation spf 20,,shade 9,52.156862745097996,#b87b52,9.0,shade 9,13,19.0,Médio / Medium
750,benefit cosmetics,hello happy flawless brightening foundation spf 15,deep neutral,shade 9,38.0392156862745,#8d5d35,9.0,shade 9,14,20.0,Escuro / Dark
751,benefit cosmetics,hello happy velvet powder foundation,deep neutral,shade 9,49.4117647058824,#b78145,9.0,shade 9,16,21.0,Escuro / Dark
752,nudestix,tinted cover foundation,nude,9,35.6862745098039,#8b542b,9.0,9,93,22.0,Escuro / Dark
753,bareminerals,matte foundation broad spectrum spf 15,light beige,09,78.6274509803922,#f1c5a0,9.0,09,137,23.0,Claro / Light
754,makeup revolution,fast base stick foundation,,f9,68.4313725490196,#d8ad85,9.0,f9,87,24.0,Médio / Medium
755,bareminerals,original foundation broad spectrum spf 15,light beige,09,78.6274509803922,#f1c5a0,9.0,09,139,25.0,Claro / Light
756,bareminerals,barepro performance wear powder foundation,light natural,09,69.8039215686274,#dcac88,9.0,09,131,14.0,Médio / Medium
757,clinique,beyond perfecting powder foundation + concealer,neutral,09,69.6078431372549,#ddab86,9.0,09,28,,Médio / Medium
758,bareminerals,complexion rescue hydrating foundation stick broad spectrum spf 25,chestnut,09,43.7254901960784,#996a46,9.0,09,135,26.0,Escuro / Dark
759,makeup revolution,conceal & define full coverage foundation,,f9,84.9019607843137,#fed8b3,9.0,f9,83,1.0,Claro / Light
760,jane iredale,beyond matte liquid foundation,,m9,60.392156862745104,#d49660,9.0,m9,144,30.0,Médio / Medium
761,urban decay cosmetics,all nighter liquid full coverage foundation,,9.0,50.0,#ac7453,9.0,9.0,126,15.0,Escuro / Dark
762,bareminerals,barepro performance wear liquid foundation broad spectrum spf 20,light natural,09,69.8039215686274,#dcac88,9.0,09,130,16.0,Médio / Medium
763,ofra cosmetics,absolute cover foundation,,9,42.156862745098,#8d6b4a,9.0,9,97,13.0,Escuro / Dark
764,bareminerals,original liquid mineral foundation broad spectrum spf 20,light beige,09,80.7843137254902,#fcc6a0,9.0,09,140,32.0,Claro / Light
765,lorac,pro soft focus longwear foundation,,09,61.7647058823529,#d8a563,9.0,09,67,33.0,Médio / Medium
766,ilia,super serum skin tint spf 40 foundation,paloma,9,70.1960784313725,#dfab87,9.0,9,53,34.0,Médio / Medium
767,bareminerals,complexion rescue™ tinted moisturizer with hyaluronic acid and mineral spf 30,chestnut,09,62.54901960784311,#c5937a,9.0,09,134,36.0,Médio / Medium
768,bareminerals,barepro longwear powder foundation,natural light,09,80.0,#f6cca2,9.0,09,129,17.0,Claro / Light
769,pat mcgrath labs,sublime perfection foundation,light medium,9,81.3725490196078,#f1c3ae,9.0,9,99,37.0,Claro / Light
770,bareminerals,barepro™ 24 hour longwear liquid foundation with mineral spf 20,light natural,09,78.6274509803922,#eec8a3,9.0,09,132,18.0,Claro / Light
771,bareminerals,matte loose powder mineral foundation spf 15,light beige,09,69.8039215686274,#d1a593,9.0,09,138,38.0,Médio / Medium
772,sephora collection,make no mistake foundation & concealer stick,sandalwood,9,61.3725490196078,#c69073,9.0,9,110,39.0,Médio / Medium
773,laura mercier,smooth finish foundation powder,,9,64.3137254901961,#db9d6d,9.0,9,76,40.0,Médio / Medium
774,kosas,tinted face oil foundation,tone,09,41.1764705882353,#855e4d,9.0,09,65,41.0,Escuro / Dark
775,armani beauty,neo nude foundation,,9,62.9411764705882,#d19b70,9.0,9,10,4.0,Médio / Medium
776,armani beauty,power fabric longwear high cover foundation spf 25,,9,58.0392156862745,#b98b6f,9.0,9,11,42.0,Médio / Medium
777,charlotte tilbury,light wonder foundation,dark,9,67.45098039215691,#d5a483,9.0,9,23,43.0,Médio / Medium
778,lancôme,skin feels good skin nourishing foundation,,009n,86.078431372549,#eddcca,9.0,009n,73,44.0,Claro / Light
779,bareminerals,complexion rescue™ hydrating foundation stick with mineral spf 25,chestnut,09,54.1176470588235,#ad8667,9.0,09,133,45.0,Médio / Medium
780,charlotte tilbury,magic foundation,,9,67.2549019607843,#cca28b,9.0,9,24,6.0,Médio / Medium
781,sephora collection,matte perfection tinted moisturizer,chiffon sephora quality way-nice price,9,66.07843137254899,#d09b81,9.0,9,113,46.0,Médio / Medium
782,armani beauty,luminous silk compact powder foundation,,9,60.7843137254902,#c38d73,9.0,9,8,61.0,Médio / Medium
783,kevyn aucoin,foundation balm,medium ef,09,65.8823529411765,#d2a37e,9.0,09,58,48.0,Médio / Medium
784,nudestix,nudies tinted blur stick,deep,9,52.3529411764706,#b26f59,9.0,9,92,49.0,Médio / Medium
785,givenchy,matissime velvet radiant mattifying fluid foundation spf 20,,n09,56.078431372549,#d18a4d,9.0,n09,47,8.0,Médio / Medium
786,sephora collection,clean glowing skin foundation,,9,75.8823529411765,#e3b3a0,9.0,9,109,50.0,Claro / Light
787,kevyn aucoin,the etherealist foundation,medium ef,09,65.8823529411765,#c79d89,9.0,09,60,52.0,Médio / Medium
788,surratt beauty,surreal skin foundation wand,surreal skin,9,51.176470588235304,#b17d54,9.0,9,145,53.0,Médio / Medium
789,bareminerals,i am an original get started® kit original loose mineral foundation customizable set,bareminerals,09,69.8039215686274,#d1a593,9.0,09,136,54.0,Médio / Medium
790,kevyn aucoin,stripped nude skin tint,st,09,52.7450980392157,#b3755a,9.0,09,59,55.0,Médio / Medium
791,armani beauty,maestro fusion makeup spf 15 liquid foundation,,9,63.3333333333333,#d3a170,9.0,9,9,64.0,Médio / Medium
792,makeup revolution,conceal & define full coverage foundation,,f9.2,50.0,#ae7651,9.2,f9.2,83,1.0,Escuro / Dark
793,makeup revolution,conceal & define satte matte powder foundation,,p9.5,77.4509803921569,#f2c599,9.5,p9.5,84,11.0,Claro / Light
794,bareminerals,barepro performance wear powder foundation,flax,9.5,71.7647058823529,#d9ac95,9.5,9.5,131,14.0,Médio / Medium
795,makeup revolution,conceal & define full coverage foundation,,f9.5,53.7254901960784,#c48b4e,9.5,f9.5,83,1.0,Médio / Medium
796,bareminerals,barepro performance wear liquid foundation broad spectrum spf 20,flax,9.5,71.7647058823529,#d9ac95,9.5,9.5,130,16.0,Médio / Medium
797,bareminerals,barepro longwear powder foundation,flax,9.5,75.8823529411765,#deb8a5,9.5,9.5,129,17.0,Claro / Light
798,bareminerals,barepro™ 24 hour longwear liquid foundation with mineral spf 20,flax,9.5,79.2156862745098,#e4c2b0,9.5,9.5,132,18.0,Claro / Light
799,kosas,tinted face oil foundation,tone,9.5,37.0588235294118,#8c4c31,9.5,9.5,65,41.0,Escuro / Dark
800,tom ford,traceless soft matte foundation,warm almond,9.5,50.3921568627451,#b17750,9.5,9.5,123,3.0,Médio / Medium
801,tom ford,traceless foundation stick,warm almond,9.5,49.4117647058824,#b16e4b,9.5,9.5,122,5.0,Escuro / Dark
802,charlotte tilbury,magic foundation,,9.5,64.3137254901961,#c49b84,9.5,9.5,24,6.0,Médio / Medium
803,tom ford,traceless soft matte foundation,cool dusk,9.7,50.3921568627451,#ab7856,9.7,9.7,123,3.0,Médio / Medium
804,tom ford,traceless foundation stick,cool dusk,9.7,35.2941176470588,#815633,9.7,9.7,122,5.0,Escuro / Dark
805,urban decay cosmetics,all nighter liquid full coverage foundation,,9.75,50.3921568627451,#b27b4f,9.75,9.75,126,15.0,Médio / Medium
806,benefit cosmetics,hello happy air stick foundation spf 20,,shade 10,47.0588235294118,#ac6c44,10.0,shade 10,13,19.0,Escuro / Dark
807,benefit cosmetics,hello happy flawless brightening foundation spf 15,deep warm,shade 10,35.8823529411765,#914d26,10.0,shade 10,14,20.0,Escuro / Dark
808,benefit cosmetics,hello happy velvet powder foundation,deep warm,shade 10,41.960784313725505,#946542,10.0,shade 10,16,21.0,Escuro / Dark
809,it cosmetics,your skin but better foundation + skincare,fair warm,10,90.1960784313726,#fae6d2,10.0,10,54,75.0,Claro / Light
810,kvd vegan beauty,true portrait medium coverage shake foundation,light,010,73.5294117647059,#dfb398,10.0,010,63,57.0,Médio / Medium
811,nudestix,tinted cover foundation,nude,10,33.921568627451,#824e2b,10.0,10,93,22.0,Escuro / Dark
812,urban decay cosmetics,hydromaniac glowy tinted hydrator foundation,,10,82.156862745098,#ecccb7,10.0,10,127,76.0,Claro / Light
813,catrice,true skin hydrating foundation,cool cashmere,010,69.0196078431373,#dea682,10.0,010,22,58.0,Médio / Medium
814,bareminerals,matte foundation broad spectrum spf 15,medium,10,74.50980392156859,#e2af9a,10.0,10,137,23.0,Médio / Medium
815,makeup revolution,conceal & define satte matte powder foundation,,p10,70.1960784313725,#e2b284,10.0,p10,84,11.0,Médio / Medium
816,bareminerals,original foundation broad spectrum spf 15,medium,10,74.50980392156859,#e2af9a,10.0,10,139,25.0,Médio / Medium
817,bareminerals,barepro performance wear powder foundation,cool beige,10,67.6470588235294,#d8a381,10.0,10,131,14.0,Médio / Medium
818,bareminerals,complexion rescue hydrating foundation stick broad spectrum spf 25,sienna,10,35.6862745098039,#844d32,10.0,10,135,26.0,Escuro / Dark
819,makeup revolution,conceal & hydrate foundation,,f10,68.0392156862745,#d8a883,10.0,f10,86,27.0,Médio / Medium
820,makeup revolution,conceal & define full coverage foundation,,f10,68.0392156862745,#e0ac7b,10.0,f10,83,1.0,Médio / Medium
821,jane iredale,beyond matte liquid foundation,,m10,60.0,#d3925f,10.0,m10,144,30.0,Médio / Medium
822,clinique,superbalanced makeup,alabaster,10,96.8627450980392,#f9f7f5,10.0,10,32,,Claro / Light
823,clinique,stay matte oil-free makeup,alabaster,cn 10,81.3725490196078,#f1c9ae,10.0,cn 10,31,,Claro / Light
824,clinique,beyond perfecting foundation + concealer,alabaster,cn 10,81.3725490196078,#f1c9ae,10.0,cn 10,27,,Claro / Light
825,juice beauty,phyto-pigments flawless serum foundation,naked beige,10,67.2549019607843,#d0a787,10.0,10,56,71.0,Médio / Medium
826,urban decay cosmetics,all nighter liquid full coverage foundation,,10.0,46.274509803921596,#a36849,10.0,10.0,126,15.0,Escuro / Dark
827,bareminerals,barepro performance wear liquid foundation broad spectrum spf 20,cool beige,10,67.6470588235294,#d8a381,10.0,10,130,16.0,Médio / Medium
828,clinique,even better glow light reflecting makeup broad spectrum spf 15,alabaster,cn 10,67.843137254902,#dba67f,10.0,cn 10,29,,Médio / Medium
829,ofra cosmetics,absolute cover foundation,,10,31.5686274509804,#614c40,10.0,10,97,13.0,Escuro / Dark
830,florence by mills,like a light skin tint,,f010,82.7450980392157,#f8cbae,10.0,f010,143,77.0,Claro / Light
831,bareminerals,original liquid mineral foundation broad spectrum spf 20,medium,10,77.2549019607843,#f3b997,10.0,10,140,32.0,Claro / Light
832,lorac,pro soft focus longwear foundation,,10,62.3529411764706,#c99e75,10.0,10,67,33.0,Médio / Medium
833,colourpop,pretty fresh foundation,fair,10n,88.6274509803922,#f0dfd4,10.0,10n,33,65.0,Claro / Light
834,zoeva,authentik skin natural luminous foundation,aglow,010n,90.3921568627451,#f3e6da,10.0,010n,128,78.0,Claro / Light
835,catrice,hd liquid coverage foundation,light beige,010,87.25490196078431,#eddfd0,10.0,010,21,59.0,Claro / Light
836,essence,pretty natural hydrating foundation,cool porcelain,10,68.0392156862745,#d5ab86,10.0,10,42,79.0,Médio / Medium
837,ilia,super serum skin tint spf 40 foundation,porto ferro,10,78.2352941176471,#e3c2ac,10.0,10,53,34.0,Claro / Light
838,bareminerals,complexion rescue™ tinted moisturizer with hyaluronic acid and mineral spf 30,sienna,10,51.960784313725505,#a47465,10.0,10,134,36.0,Médio / Medium
839,sephora collection,10 hour wear perfection foundation,light ivory,10,68.4313725490196,#dcaa81,10.0,10,107,66.0,Médio / Medium
840,sephora collection,matte perfection powder foundation,fair pink,10,73.1372549019608,#d5b0a0,10.0,10,112,60.0,Médio / Medium
841,bareminerals,barepro longwear powder foundation,cool beige,10,74.50980392156859,#e7b995,10.0,10,129,17.0,Médio / Medium
842,pat mcgrath labs,sublime perfection foundation,light medium,10,81.1764705882353,#f0c9ae,10.0,10,99,37.0,Claro / Light
843,bareminerals,barepro™ 24 hour longwear liquid foundation with mineral spf 20,cool beige,10,77.84313725490199,#e0c4ad,10.0,10,132,18.0,Claro / Light
844,bareminerals,matte loose powder mineral foundation spf 15,medium,10,65.2941176470588,#d0a17d,10.0,10,138,38.0,Médio / Medium
845,laura mercier,smooth finish foundation powder,,10,62.9411764705882,#d99f68,10.0,10,76,40.0,Médio / Medium
846,kosas,tinted face oil foundation,tone,10,32.156862745098,#6d4637,10.0,10,65,41.0,Escuro / Dark
847,tom ford,traceless soft matte foundation,chestnut,10.0,50.3921568627451,#a87959,10.0,10.0,123,3.0,Médio / Medium
848,armani beauty,neo nude foundation,,10,54.5098039215686,#c8894e,10.0,10,10,4.0,Médio / Medium
849,armani beauty,power fabric longwear high cover foundation spf 25,,10,60.1960784313725,#c38b70,10.0,10,11,42.0,Médio / Medium
850,charlotte tilbury,light wonder foundation,dark,10,56.6666666666667,#b4856d,10.0,10,23,43.0,Médio / Medium
851,natasha denona,transformatte pore vanishing matte foundation,,10r,91.3725490196078,#f9e6d9,10.0,10r,96,67.0,Claro / Light
852,lancôme,skin feels good skin nourishing foundation,,010c,79.0196078431373,#e7bfac,10.0,010c,73,44.0,Claro / Light
853,dior,diorskin forever undercover foundation,ivory,010,88.8235294117647,#fedcc7,10.0,010,37,73.0,Claro / Light
854,bareminerals,complexion rescue™ hydrating foundation stick with mineral spf 25,sienna,10,42.941176470588196,#8d644e,10.0,10,133,45.0,Escuro / Dark
855,dior,dreamskin fresh & perfect cushion broad spectrum spf 50,ivory,010,77.4509803921569,#f3ba98,10.0,010,38,80.0,Claro / Light
856,tom ford,traceless foundation stick,chestnut,10.0,51.960784313725505,#ac6c5d,10.0,10.0,122,5.0,Médio / Medium
857,charlotte tilbury,magic foundation,,10,54.7058823529412,#b17966,10.0,10,24,6.0,Médio / Medium
858,dior,diorskin forever perfect matte powder foundation,ivory,010,83.92156862745101,#f4c9b8,10.0,010,36,81.0,Claro / Light
859,sephora collection,matte perfection tinted moisturizer,tulle sephora quality way-nice price,10,63.921568627450995,#c69480,10.0,10,113,46.0,Médio / Medium
860,bite beauty,changemaker supercharged micellar foundation,,l10,82.156862745098,#eec8b5,10.0,l10,18,82.0,Claro / Light
861,josie maran,vibrancy argan oil foundation fluid,supernatural,rg10,80.58823529411761,#e4c4b7,10.0,rg10,55,74.0,Claro / Light
862,bobbi brown,skin weightless powder foundation,espresso,10,39.0196078431373,#835144,10.0,10,20,7.0,Escuro / Dark
863,sephora collection,matte perfection full coverage foundation,ivory,10,80.1960784313726,#ebc5ae,10.0,10,111,70.0,Claro / Light
864,kevyn aucoin,foundation balm,medium ef,10,63.1372549019608,#cf9a73,10.0,10,58,48.0,Médio / Medium
865,nudestix,nudies tinted blur stick,deep,10,49.607843137254896,#9b6862,10.0,10,92,49.0,Escuro / Dark
866,givenchy,matissime velvet radiant mattifying fluid foundation spf 20,,n10,44.509803921568604,#b26c31,10.0,n10,47,8.0,Escuro / Dark
867,kevyn aucoin,the etherealist foundation,medium ef,10,64.9019607843137,#c5a086,10.0,10,60,52.0,Médio / Medium
868,dior,dreamskin fresh & perfect cushion broad spectrum spf 50 refill,ivory,010,84.5098039215686,#fbd4b4,10.0,010,39,83.0,Claro / Light
869,surratt beauty,surreal skin foundation wand,surreal skin,10,58.4313725490196,#c49066,10.0,10,145,53.0,Médio / Medium
870,natasha denona,foundation x+,yfair,10,86.8627450980392,#ebdfd0,10.0,10,95,68.0,Claro / Light
871,bareminerals,i am an original get started® kit original loose mineral foundation customizable set,bareminerals,10,65.2941176470588,#d0a17d,10.0,10,136,54.0,Médio / Medium
872,kevyn aucoin,stripped nude skin tint,st,10,52.7450980392157,#b3755a,10.0,10,59,55.0,Médio / Medium
873,natasha denona,face glow foundation,fn,10,78.82352941176471,#e7d4ab,10.0,10,94,84.0,Claro / Light
874,sephora collection,best skin ever liquid foundation,n,10,76.4705882352941,#f2c594,10.0,10,108,69.0,Claro / Light
875,makeup revolution,conceal & define satte matte powder foundation,,p10.2,83.3333333333333,#f6d2b3,10.2,p10.2,84,11.0,Claro / Light
876,makeup revolution,conceal & define full coverage foundation,,f10.2,57.0588235294118,#bb8d68,10.2,f10.2,83,1.0,Médio / Medium
877,it cosmetics,your skin but better foundation + skincare,fair neutral,10.5,80.9803921568627,#e8ccb5,10.5,10.5,54,75.0,Claro / Light
878,bareminerals,barepro performance wear powder foundation,linen,10.5,66.8627450980392,#d19f84,10.5,10.5,131,14.0,Médio / Medium
879,bareminerals,complexion rescue hydrating foundation stick broad spectrum spf 25,cinnamon,10.5,38.6274509803922,#86563f,10.5,10.5,135,26.0,Escuro / Dark
880,makeup revolution,conceal & define full coverage foundation,,f10.5,76.8627450980392,#f0c698,10.5,f10.5,83,1.0,Claro / Light
881,makeup revolution,conceal & glow foundation,,f10.5,60.0,#d88b5a,10.5,f10.5,85,28.0,Médio / Medium
882,bareminerals,barepro performance wear liquid foundation broad spectrum spf 20,linen,10.5,66.8627450980392,#d19f84,10.5,10.5,130,16.0,Médio / Medium
883,bareminerals,complexion rescue™ tinted moisturizer with hyaluronic acid and mineral spf 30,cinnamon,10.5,42.7450980392157,#8b624f,10.5,10.5,134,36.0,Escuro / Dark
884,bareminerals,barepro longwear powder foundation,linen,10.5,72.7450980392157,#d9b09a,10.5,10.5,129,17.0,Médio / Medium
885,bareminerals,barepro™ 24 hour longwear liquid foundation with mineral spf 20,linen,10.5,73.5294117647059,#dbb29c,10.5,10.5,132,18.0,Médio / Medium
886,tom ford,traceless soft matte foundation,mocha,10.5,53.137254901960794,#b0885f,10.5,10.5,123,3.0,Médio / Medium
887,bareminerals,complexion rescue™ hydrating foundation stick with mineral spf 25,cinnamon,10.5,46.078431372549,#9a6a51,10.5,10.5,133,45.0,Escuro / Dark
888,tom ford,traceless foundation stick,mocha,10.5,48.2352941176471,#a47252,10.5,10.5,122,5.0,Escuro / Dark
889,kevyn aucoin,foundation balm,medium ef,10.5,61.960784313725505,#cf9d6d,10.5,10.5,58,48.0,Médio / Medium
890,tom ford,traceless soft matte foundation,amber,10.7,52.54901960784309,#af835d,10.7,10.7,123,3.0,Médio / Medium
891,tom ford,traceless foundation stick,amber,10.7,47.4509803921569,#a26c50,10.7,10.7,122,5.0,Escuro / Dark
892,benefit cosmetics,hello happy air stick foundation spf 20,,shade 11,43.921568627451,#9d6743,11.0,shade 11,13,19.0,Escuro / Dark
893,benefit cosmetics,hello happy flawless brightening foundation spf 15,dark neutral,shade 11,30.0,#6e452b,11.0,shade 11,14,20.0,Retinto / Deep
894,benefit cosmetics,hello happy velvet powder foundation,dark neutral,shade 11,39.6078431372549,#926738,11.0,shade 11,16,21.0,Escuro / Dark
895,it cosmetics,your skin but better foundation + skincare,fair neutral,11,79.2156862745098,#ecc8a8,11.0,11,54,75.0,Claro / Light
896,bareminerals,matte foundation broad spectrum spf 15,soft medium,11,69.0196078431373,#e1a77f,11.0,11,137,23.0,Médio / Medium
897,bareminerals,original foundation broad spectrum spf 15,soft medium,11,69.0196078431373,#e1a77f,11.0,11,139,25.0,Médio / Medium
898,bareminerals,barepro performance wear powder foundation,natural,11,71.17647058823529,#e7a984,11.0,11,131,14.0,Médio / Medium
899,clinique,beyond perfecting powder foundation + concealer,honey,11,66.6666666666667,#dba879,11.0,11,28,,Médio / Medium
900,bareminerals,complexion rescue hydrating foundation stick broad spectrum spf 25,cedar,11,30.5882352941176,#71422b,11.0,11,135,26.0,Escuro / Dark
901,jane iredale,beyond matte liquid foundation,,m11,59.4117647058824,#c98966,11.0,m11,144,30.0,Médio / Medium
902,juice beauty,phyto-pigments flawless serum foundation,rosy beige,11,79.6078431372549,#eac6ac,11.0,11,56,71.0,Claro / Light
903,urban decay cosmetics,all nighter liquid full coverage foundation,,11.0,41.7647058823529,#995b3c,11.0,11.0,126,15.0,Escuro / Dark
904,bareminerals,barepro performance wear liquid foundation broad spectrum spf 20,natural,11,71.17647058823529,#e7a984,11.0,11,130,16.0,Médio / Medium
905,bareminerals,original liquid mineral foundation broad spectrum spf 20,soft medium,11,80.0,#fcc89c,11.0,11,140,32.0,Claro / Light
906,lorac,pro soft focus longwear foundation,,11,57.2549019607843,#c39061,11.0,11,67,33.0,Médio / Medium
907,ilia,super serum skin tint spf 40 foundation,matira,11,63.1372549019608,#cd9b75,11.0,11,53,34.0,Médio / Medium
908,bareminerals,complexion rescue™ tinted moisturizer with hyaluronic acid and mineral spf 30,cedar,11,46.4705882352941,#9c6351,11.0,11,134,36.0,Escuro / Dark
909,bareminerals,barepro longwear powder foundation,natural,11,76.8627450980392,#f4c594,11.0,11,129,17.0,Claro / Light
910,pat mcgrath labs,sublime perfection foundation,light medium,11,77.6470588235294,#ecbea0,11.0,11,99,37.0,Claro / Light
911,bareminerals,barepro™ 24 hour longwear liquid foundation with mineral spf 20,natural,11,75.49019607843141,#e7c99a,11.0,11,132,18.0,Claro / Light
912,bareminerals,matte loose powder mineral foundation spf 15,soft medium,11,68.4313725490196,#cea08f,11.0,11,138,38.0,Médio / Medium
913,laura mercier,smooth finish foundation powder,,11,62.156862745097996,#d49b69,11.0,11,76,40.0,Médio / Medium
914,tom ford,traceless soft matte foundation,dusk,11.0,48.2352941176471,#a07356,11.0,11.0,123,3.0,Escuro / Dark
915,armani beauty,power fabric longwear high cover foundation spf 25,,11,51.3725490196078,#b27754,11.0,11,11,42.0,Médio / Medium
916,bareminerals,complexion rescue™ hydrating foundation stick with mineral spf 25,cedar,11,45.294117647058805,#8e6a59,11.0,11,133,45.0,Escuro / Dark
917,tom ford,traceless foundation stick,dusk,11.0,46.6666666666667,#a76347,11.0,11.0,122,5.0,Escuro / Dark
918,charlotte tilbury,magic foundation,,11,54.5098039215686,#b08066,11.0,11,24,6.0,Médio / Medium
919,sephora collection,matte perfection tinted moisturizer,khaki sephora quality way-nice price,11,61.960784313725505,#c58e77,11.0,11,113,46.0,Médio / Medium
920,la mer,the luminous lifting cushion foundation spf 20 + refill,rosy ivory,11,84.7058823529412,#f3ccbd,11.0,11,68,47.0,Claro / Light
921,kevyn aucoin,foundation balm,medium ef,11,61.568627450980394,#c99471,11.0,11,58,48.0,Médio / Medium
922,sephora collection,clean glowing skin foundation,,11,70.3921568627451,#dcac8b,11.0,11,109,50.0,Médio / Medium
923,kevyn aucoin,the etherealist foundation,medium ef,11,62.54901960784311,#c1977e,11.0,11,60,52.0,Médio / Medium
924,surratt beauty,surreal skin foundation wand,surreal skin,11,50.9803921568627,#ae7e56,11.0,11,145,53.0,Médio / Medium
925,bareminerals,i am an original get started® kit original loose mineral foundation customizable set,bareminerals,11,68.4313725490196,#cea08f,11.0,11,136,54.0,Médio / Medium
926,benefit cosmetics,mini hello happy flawless brightening foundation spf 15,,11,37.254901960784295,#8b5033,11.0,11,17,56.0,Escuro / Dark
927,benefit cosmetics,hello happy soft blur foundation,,shade 11,60.98039215686279,#c9866e,11.0,shade 11,15,,Médio / Medium
928,makeup revolution,conceal & define satte matte powder foundation,,p11.2,78.4313725490196,#f3ca9d,11.2,p11.2,84,11.0,Claro / Light
929,makeup revolution,conceal & define full coverage foundation,,f11.2,47.4509803921569,#ab7447,11.2,f11.2,83,1.0,Escuro / Dark
930,bareminerals,complexion rescue hydrating foundation stick broad spectrum spf 25,mahogany,11.5,30.784313725490197,#674036,11.5,11.5,135,26.0,Escuro / Dark
931,bareminerals,complexion rescue™ tinted moisturizer with hyaluronic acid and mineral spf 30,mahogany,11.5,38.0392156862745,#74544e,11.5,11.5,134,36.0,Escuro / Dark
932,sephora collection,10 hour wear perfection foundation,pink ecru,11.5,78.6274509803922,#dbbfb6,11.5,11.5,107,66.0,Claro / Light
933,tom ford,traceless soft matte foundation,warm nutmeg,11.5,44.9019607843137,#98694d,11.5,11.5,123,3.0,Escuro / Dark
934,armani beauty,neo nude foundation,,11.5,61.3725490196078,#cd976c,11.5,11.5,10,4.0,Médio / Medium
935,bareminerals,complexion rescue™ hydrating foundation stick with mineral spf 25,mahogany,11.5,35.2941176470588,#764e3e,11.5,11.5,133,45.0,Escuro / Dark
936,tom ford,traceless foundation stick,warm nutmeg,11.5,40.9803921568627,#8f6142,11.5,11.5,122,5.0,Escuro / Dark
937,charlotte tilbury,magic foundation,,11.5,47.4509803921569,#a16b51,11.5,11.5,24,6.0,Escuro / Dark
938,sephora collection,best skin ever liquid foundation,p,11.5,79.2156862745098,#f2cda2,11.5,11.5,108,69.0,Claro / Light
939,tom ford,traceless soft matte foundation,nutmeg,11.7,42.3529411764706,#8a664e,11.7,11.7,123,3.0,Escuro / Dark
940,tom ford,traceless foundation stick,nutmeg,11.7,41.5686274509804,#855f4f,11.7,11.7,122,5.0,Escuro / Dark
941,armani beauty,power fabric longwear high cover foundation spf 25,,11.75,53.3333333333333,#b2715e,11.75,11.75,11,42.0,Médio / Medium
942,benefit cosmetics,hello happy air stick foundation spf 20,,shade 12,36.6666666666667,#835138,12.0,shade 12,13,19.0,Escuro / Dark
943,benefit cosmetics,hello happy flawless brightening foundation spf 15,dark warm,shade 12,38.0392156862745,#83503f,12.0,shade 12,14,20.0,Escuro / Dark
944,benefit cosmetics,hello happy velvet powder foundation,dark warm,shade 12,36.078431372549005,#7f5739,12.0,shade 12,16,21.0,Escuro / Dark
945,it cosmetics,your skin but better foundation + skincare,fair warm,12,79.8039215686275,#f0cba7,12.0,12,54,75.0,Claro / Light
946,kvd vegan beauty,true portrait medium coverage shake foundation,light,012,69.2156862745098,#d6ae8b,12.0,012,63,57.0,Médio / Medium
947,bareminerals,matte foundation broad spectrum spf 15,medium beige,12,70.3921568627451,#e0ac87,12.0,12,137,23.0,Médio / Medium
948,bareminerals,original foundation broad spectrum spf 15,medium beige,12,70.3921568627451,#e0ab87,12.0,12,139,25.0,Médio / Medium
949,tarte,travel size face tape foundation,fair neutral,12n,81.9607843137255,#edcdb5,12.0,12n,125,85.0,Claro / Light
950,bareminerals,barepro performance wear powder foundation,warm natural,12,67.2549019607843,#dd9f7a,12.0,12,131,14.0,Médio / Medium
951,makeup revolution,conceal & define full coverage foundation,,f12,66.6666666666667,#e2a672,12.0,f12,83,1.0,Médio / Medium
952,jane iredale,beyond matte liquid foundation,,m12,54.3137254901961,#c8834d,12.0,m12,144,30.0,Médio / Medium
953,clinique,beyond perfecting foundation + concealer,meringue,wn 12,72.5490196078431,#e5b88d,12.0,wn 12,27,,Médio / Medium
954,juice beauty,phyto-pigments flawless serum foundation,desert beige,12,68.6274509803922,#d6a388,12.0,12,56,71.0,Médio / Medium
955,urban decay cosmetics,all nighter liquid full coverage foundation,,12.0,32.5490196078431,#754631,12.0,12.0,126,15.0,Escuro / Dark
956,bareminerals,barepro performance wear liquid foundation broad spectrum spf 20,warm natural,12,67.2549019607843,#dd9f7a,12.0,12,130,16.0,Médio / Medium
957,bareminerals,original liquid mineral foundation broad spectrum spf 20,medium beige,12,70.0,#e4ad81,12.0,12,140,32.0,Médio / Medium
958,lorac,pro soft focus longwear foundation,,12,62.54901960784311,#c79d78,12.0,12,67,33.0,Médio / Medium
959,ilia,super serum skin tint spf 40 foundation,kokkini,12,62.9411764705882,#cb9876,12.0,12,53,34.0,Médio / Medium
960,sephora collection,10 hour wear perfection foundation,light ecru,12,67.05882352941181,#d6ac80,12.0,12,107,66.0,Médio / Medium
961,sephora collection,matte perfection powder foundation,fair warm,12,71.3725490196078,#ceb09e,12.0,12,112,60.0,Médio / Medium
962,bareminerals,barepro longwear powder foundation,warm natural,12,75.6862745098039,#f0c892,12.0,12,129,17.0,Claro / Light
963,pat mcgrath labs,sublime perfection foundation,light medium,12,75.8823529411765,#eeb395,12.0,12,99,37.0,Claro / Light
964,bareminerals,barepro™ 24 hour longwear liquid foundation with mineral spf 20,warm natural,12,69.8039215686274,#ddae87,12.0,12,132,18.0,Médio / Medium
965,bareminerals,matte loose powder mineral foundation spf 15,medium beige,12,63.921568627450995,#cca67a,12.0,12,138,38.0,Médio / Medium
966,sephora collection,make no mistake foundation & concealer stick,chestnut,12,62.54901960784311,#cf9370,12.0,12,110,39.0,Médio / Medium
967,laura mercier,smooth finish foundation powder,,12,63.725490196078404,#d09c75,12.0,12,76,40.0,Médio / Medium
968,tom ford,traceless soft matte foundation,macassar,12.0,41.3725490196078,#89624a,12.0,12.0,123,3.0,Escuro / Dark
969,armani beauty,power fabric longwear high cover foundation spf 25,,12,50.196078431372506,#b07350,12.0,12,11,42.0,Médio / Medium
970,lancôme,skin feels good skin nourishing foundation,,12w,56.078431372549,#af7d6f,12.0,12w,73,44.0,Médio / Medium
971,charlotte tilbury,magic foundation,,12,52.3529411764706,#a57566,12.0,12,24,6.0,Médio / Medium
972,sephora collection,matte perfection tinted moisturizer,tweed sephora quality way-nice price,12,55.294117647058805,#b48366,12.0,12,113,46.0,Médio / Medium
973,la mer,the luminous lifting cushion foundation spf 20 + refill,neutral ivory,12,85.6862745098039,#f3d2c2,12.0,12,68,47.0,Claro / Light
974,kevyn aucoin,foundation balm,deep ef,12,59.21568627450981,#c59469,12.0,12,58,48.0,Médio / Medium
975,koh gen do,aqua foundation,,12,84.7058823529412,#edcfc3,12.0,12,64,63.0,Claro / Light
976,kevyn aucoin,the etherealist foundation,deep ef,12,61.568627450980394,#c19879,12.0,12,60,52.0,Médio / Medium
977,surratt beauty,surreal skin foundation wand,surreal skin,12,47.2549019607843,#a3704e,12.0,12,145,53.0,Escuro / Dark
978,bareminerals,i am an original get started® kit original loose mineral foundation customizable set,bareminerals,12,63.921568627450995,#cca67a,12.0,12,136,54.0,Médio / Medium
979,black up,full coverage cream foundation,hc,12,45.0980392156863,#935f53,12.0,12,19,,Escuro / Dark
980,sephora collection,best skin ever liquid foundation,y,12,75.49019607843141,#edc894,12.0,12,108,69.0,Claro / Light
981,makeup revolution,conceal & define full coverage foundation,,f12.2,45.0980392156863,#a26b44,12.2,f12.2,83,1.0,Escuro / Dark
982,tom ford,traceless soft matte foundation,walnut,12.5,38.8235294117647,#845a42,12.5,12.5,123,3.0,Escuro / Dark
983,tom ford,traceless foundation stick,walnut,12.5,35.2941176470588,#705144,12.5,12.5,122,5.0,Escuro / Dark
984,makeup revolution,conceal & define full coverage foundation,,f12.7,42.5490196078431,#916548,12.7,f12.7,83,1.0,Escuro / Dark
985,bareminerals,matte foundation broad spectrum spf 15,golden beige,13,67.45098039215691,#e1a477,13.0,13,137,23.0,Médio / Medium
986,makeup revolution,fast base stick foundation,,f13,42.5490196078431,#a06839,13.0,f13,87,24.0,Escuro / Dark
987,bareminerals,original foundation broad spectrum spf 15,golden beige,13,67.45098039215691,#e1a477,13.0,13,139,25.0,Médio / Medium
988,tarte,travel size babassu foundcealer skincare foundation broad spectrum spf 20,fair neutral,13n,80.1960784313726,#ebc8ae,13.0,13n,124,86.0,Claro / Light
989,bareminerals,barepro performance wear powder foundation,golden nude,13,70.9803921568627,#ebab7f,13.0,13,131,14.0,Médio / Medium
990,makeup revolution,conceal & hydrate foundation,,f13,40.0,#9a5b32,13.0,f13,86,27.0,Escuro / Dark
991,jane iredale,beyond matte liquid foundation,,m13,53.137254901960794,#be7c51,13.0,m13,144,30.0,Médio / Medium
992,bareminerals,original liquid mineral foundation broad spectrum spf 20,golden beige,13,75.2941176470588,#f3c38d,13.0,13,140,32.0,Claro / Light
993,lorac,pro soft focus longwear foundation,,13,61.7647058823529,#c89173,13.0,13,67,33.0,Médio / Medium
994,ilia,super serum skin tint spf 40 foundation,kamari,13,67.843137254902,#de9e7c,13.0,13,53,34.0,Médio / Medium
995,sephora collection,10 hour wear perfection foundation,pink porcelaine,13,69.8039215686274,#d3aa91,13.0,13,107,66.0,Médio / Medium
996,bareminerals,barepro longwear powder foundation,golden nude,13,79.0196078431373,#f3cda0,13.0,13,129,17.0,Claro / Light
997,pat mcgrath labs,sublime perfection foundation,light medium,13,79.6078431372549,#f2c5a4,13.0,13,99,37.0,Claro / Light
998,bareminerals,barepro™ 24 hour longwear liquid foundation with mineral spf 20,golden nude,13,74.9019607843137,#e3c69b,13.0,13,132,18.0,Médio / Medium
999,bareminerals,matte loose powder mineral foundation spf 15,golden beige,13,65.8823529411765,#cca184,13.0,13,138,38.0,Médio / Medium
1000,sephora collection,make no mistake foundation & concealer stick,walnut,13,60.7843137254902,#ca846c,13.0,13,110,39.0,Médio / Medium
1001,laura mercier,smooth finish foundation powder,,13,63.3333333333333,#c49a7f,13.0,13,76,40.0,Médio / Medium
1002,tom ford,traceless soft matte foundation,espresso,13.0,35.2941176470588,#75503f,13.0,13.0,123,3.0,Escuro / Dark
1003,armani beauty,neo nude foundation,,13,50.0,#ad7452,13.0,13,10,4.0,Escuro / Dark
1004,armani beauty,power fabric longwear high cover foundation spf 25,,13,49.607843137254896,#a1755c,13.0,13,11,42.0,Escuro / Dark
1005,lancôme,skin feels good skin nourishing foundation,,13c,46.078431372549,#a36548,13.0,13c,73,44.0,Escuro / Dark
1006,tom ford,traceless foundation stick,espresso,13.0,30.5882352941176,#5a4642,13.0,13.0,122,5.0,Escuro / Dark
1007,sephora collection,matte perfection tinted moisturizer,taffeta sephora quality way-nice price,13,54.7058823529412,#b37864,13.0,13,113,46.0,Médio / Medium
1008,la mer,the luminous lifting cushion foundation spf 20 + refill,warm ivory,13,80.58823529411761,#e8cab3,13.0,13,68,47.0,Claro / Light
1009,kevyn aucoin,foundation balm,deep ef,13,59.21568627450981,#c68f68,13.0,13,58,48.0,Médio / Medium
1010,koh gen do,aqua foundation,,13,80.1960784313726,#e3c6b6,13.0,13,64,63.0,Claro / Light
1011,sephora collection,clean glowing skin foundation,,13,70.7843137254902,#dca98d,13.0,13,109,50.0,Médio / Medium
1012,kevyn aucoin,the etherealist foundation,deep ef,13,52.3529411764706,#af815c,13.0,13,60,52.0,Médio / Medium
1013,surratt beauty,surreal skin foundation wand,surreal skin,13,45.4901960784314,#a66942,13.0,13,145,53.0,Escuro / Dark
1014,bareminerals,i am an original get started® kit original loose mineral foundation customizable set,bareminerals,13,65.8823529411765,#cca184,13.0,13,136,54.0,Médio / Medium
1015,sephora collection,best skin ever liquid foundation,p,13,71.5686274509804,#e3af8a,13.0,13,108,69.0,Médio / Medium
1016,makeup revolution,conceal & define full coverage foundation,,f13.2,38.4313725490196,#815843,13.2,f13.2,83,1.0,Escuro / Dark
1017,makeup revolution,conceal & define full coverage foundation,,f13.5,47.4509803921569,#b7633b,13.5,f13.5,83,1.0,Escuro / Dark
1018,armani beauty,power fabric longwear high cover foundation spf 25,,13.5,46.8627450980392,#9d5e52,13.5,13.5,11,42.0,Escuro / Dark
1019,makeup revolution,conceal & define full coverage foundation,,f13.7,34.9019607843137,#705242,13.7,f13.7,83,1.0,Escuro / Dark
1020,bareminerals,matte foundation broad spectrum spf 15,golden medium,14,69.41176470588239,#e9b179,14.0,14,137,23.0,Médio / Medium
1021,bareminerals,original foundation broad spectrum spf 15,golden medium,14,69.41176470588239,#e9b179,14.0,14,139,25.0,Médio / Medium
1022,bareminerals,barepro performance wear powder foundation,silk,14,71.3725490196078,#efaa7d,14.0,14,131,14.0,Médio / Medium
1023,makeup revolution,conceal & hydrate foundation,,f14,38.4313725490196,#88533c,14.0,f14,86,27.0,Escuro / Dark
1024,makeup revolution,conceal & define full coverage foundation,,f14,48.823529411764696,#b86441,14.0,f14,83,1.0,Escuro / Dark
1025,jane iredale,beyond matte liquid foundation,,m14,42.3529411764706,#995f3f,14.0,m14,144,30.0,Escuro / Dark
1026,juice beauty,phyto-pigments flawless serum foundation,sand,14,77.6470588235294,#e8c1a4,14.0,14,56,71.0,Claro / Light
1027,bareminerals,barepro performance wear liquid foundation broad spectrum spf 20,silk,14,71.3725490196078,#efaa7d,14.0,14,130,16.0,Médio / Medium
1028,bareminerals,original liquid mineral foundation broad spectrum spf 20,golden medium,14,70.9803921568627,#ecb87e,14.0,14,140,32.0,Médio / Medium
1029,lorac,pro soft focus longwear foundation,,14,56.6666666666667,#c3995e,14.0,14,67,33.0,Médio / Medium
1030,ilia,super serum skin tint spf 40 foundation,dominica,14,57.2549019607843,#c48160,14.0,14,53,34.0,Médio / Medium
1031,sephora collection,10 hour wear perfection foundation,light delicate beige,14,70.9803921568627,#ddaf8d,14.0,14,107,66.0,Médio / Medium
1032,sephora collection,matte perfection powder foundation,neutral linen,14,73.3333333333333,#d6b4a0,14.0,14,112,60.0,Médio / Medium
1033,bareminerals,barepro longwear powder foundation,silk,14,72.5490196078431,#e3c08f,14.0,14,129,17.0,Médio / Medium
1034,pat mcgrath labs,sublime perfection foundation,light medium,14,69.6078431372549,#ddae86,14.0,14,99,37.0,Médio / Medium
1035,bareminerals,barepro™ 24 hour longwear liquid foundation with mineral spf 20,silk,14,67.2549019607843,#d1af86,14.0,14,132,18.0,Médio / Medium
1036,bareminerals,matte loose powder mineral foundation spf 15,golden medium,14,62.156862745097996,#cea56f,14.0,14,138,38.0,Médio / Medium
1037,sephora collection,make no mistake foundation & concealer stick,teak,14,50.196078431372506,#ac6554,14.0,14,110,39.0,Médio / Medium
1038,laura mercier,smooth finish foundation powder,,14,59.8039215686274,#d4915d,14.0,14,76,40.0,Médio / Medium
1039,dior,diorskin forever undercover foundation,fair almond,014,81.9607843137255,#eec3b4,14.0,014,37,73.0,Claro / Light
1040,sephora collection,matte perfection tinted moisturizer,chenille sephora quality way-nice price,14,53.3333333333333,#ab7165,14.0,14,113,46.0,Médio / Medium
1041,kevyn aucoin,foundation balm,deep ef,14,52.156862745097996,#b78153,14.0,14,58,48.0,Médio / Medium
1042,kevyn aucoin,the etherealist foundation,deep ef,14,47.843137254902004,#a07454,14.0,14,60,52.0,Escuro / Dark
1043,surratt beauty,surreal skin foundation wand,surreal skin,14,42.5490196078431,#a06039,14.0,14,145,53.0,Escuro / Dark
1044,bareminerals,i am an original get started® kit original loose mineral foundation customizable set,bareminerals,14,62.156862745097996,#cea56f,14.0,14,136,54.0,Médio / Medium
1045,sephora collection,best skin ever liquid foundation,p,14,68.4313725490196,#dba982,14.0,14,108,69.0,Médio / Medium
1046,makeup revolution,conceal & glow foundation,,f14.2,31.5686274509804,#894a18,14.2,f14.2,85,28.0,Escuro / Dark
1047,makeup revolution,conceal & define satte matte powder foundation,,p14.5,67.05882352941181,#e4a272,14.5,p14.5,84,11.0,Médio / Medium
1048,makeup revolution,conceal & define full coverage foundation,,f14.7,37.4509803921569,#81533e,14.7,f14.7,83,1.0,Escuro / Dark
1049,kvd vegan beauty,true portrait medium coverage shake foundation,light,015,70.3921568627451,#e0b087,15.0,015,63,57.0,Médio / Medium
1050,bareminerals,matte foundation broad spectrum spf 15,neutral medium,15,67.6470588235294,#e3a676,15.0,15,137,23.0,Médio / Medium
1051,bareminerals,original foundation broad spectrum spf 15,neutral medium,15,67.6470588235294,#e3a676,15.0,15,139,25.0,Médio / Medium
1052,bareminerals,barepro performance wear powder foundation,sandalwood,15,65.0980392156863,#dc9c70,15.0,15,131,14.0,Médio / Medium
1053,pacifica,alight clean foundation,warm tan,15wt,57.2549019607843,#cf9355,15.0,15wt,100,29.0,Médio / Medium
1054,jane iredale,beyond matte liquid foundation,,m15,42.3529411764706,#99543f,15.0,m15,144,30.0,Escuro / Dark
1055,juice beauty,phyto-pigments flawless serum foundation,rosy sand,15,59.6078431372549,#c78d69,15.0,15,56,71.0,Médio / Medium
1056,bareminerals,barepro performance wear liquid foundation broad spectrum spf 20,sandalwood,15,65.0980392156863,#dc9c70,15.0,15,130,16.0,Médio / Medium
1057,bareminerals,original liquid mineral foundation broad spectrum spf 20,neutral medium,15,69.2156862745098,#e0ae81,15.0,15,140,32.0,Médio / Medium
1058,lorac,pro soft focus longwear foundation,,15,55.294117647058805,#c48e56,15.0,15,67,33.0,Médio / Medium
1059,colourpop,pretty fresh foundation,fair,15w,81.5686274509804,#e7d0b9,15.0,15w,33,65.0,Claro / Light
1060,ilia,super serum skin tint spf 40 foundation,porto covo,15,46.8627450980392,#a66f49,15.0,15,53,34.0,Escuro / Dark
1061,sephora collection,10 hour wear perfection foundation,peach cream,15,68.8235294117647,#cda792,15.0,15,107,66.0,Médio / Medium
1062,bareminerals,barepro longwear powder foundation,sandalwood,15,71.3725490196078,#efb87d,15.0,15,129,17.0,Médio / Medium
1063,pat mcgrath labs,sublime perfection foundation,medium,15,63.1372549019608,#c9a079,15.0,15,99,37.0,Médio / Medium
1064,bareminerals,barepro™ 24 hour longwear liquid foundation with mineral spf 20,sandalwood,15,66.6666666666667,#d0a984,15.0,15,132,18.0,Médio / Medium
1065,bareminerals,matte loose powder mineral foundation spf 15,neutral medium,15,63.725490196078404,#cd9c78,15.0,15,138,38.0,Médio / Medium
1066,sephora collection,make no mistake foundation & concealer stick,mahogany,15,48.2352941176471,#9d6559,15.0,15,110,39.0,Escuro / Dark
1067,laura mercier,smooth finish foundation powder,,15,55.490196078431396,#c68355,15.0,15,76,40.0,Médio / Medium
1068,sephora collection,microsmooth baked powder foundation,nude sephora quality way-nice price,15,73.7254901960784,#d9b69f,15.0,15,114,72.0,Médio / Medium
1069,armani beauty,power fabric longwear high cover foundation spf 25,,15,38.4313725490196,#7e5046,15.0,15,11,42.0,Escuro / Dark
1070,lancôme,skin feels good skin nourishing foundation,,015n,76.6666666666667,#e0c5a7,15.0,015n,73,44.0,Claro / Light
1071,dior,diorskin forever undercover foundation,tender beige,015,87.6470588235294,#fed9c1,15.0,015,37,73.0,Claro / Light
1072,sephora collection,matte perfection tinted moisturizer,suede sephora quality way-nice price,15,47.2549019607843,#916860,15.0,15,113,46.0,Escuro / Dark
1073,bite beauty,changemaker supercharged micellar foundation,,l15,82.7450980392157,#f5c5b1,15.0,l15,18,82.0,Claro / Light
1074,kevyn aucoin,foundation balm,deep ef,15,49.607843137254896,#a67757,15.0,15,58,48.0,Escuro / Dark
1075,sephora collection,clean glowing skin foundation,,15,66.2745098039216,#d3a27f,15.0,15,109,50.0,Médio / Medium
1076,kevyn aucoin,the etherealist foundation,deep ef,15,48.4313725490196,#9d725a,15.0,15,60,52.0,Escuro / Dark
1077,surratt beauty,surreal skin foundation wand,surreal skin,15,37.843137254902,#885739,15.0,15,145,53.0,Escuro / Dark
1078,bareminerals,i am an original get started® kit original loose mineral foundation customizable set,bareminerals,15,49.4117647058824,#a38059,15.0,15,136,54.0,Escuro / Dark
1079,bareminerals,barepro performance wear powder foundation,butterscotch,15.5,67.843137254902,#dfa97b,15.5,15.5,131,14.0,Médio / Medium
1080,bareminerals,barepro performance wear liquid foundation broad spectrum spf 20,butterscotch,15.5,67.843137254902,#dfa97b,15.5,15.5,130,16.0,Médio / Medium
1081,sephora collection,10 hour wear perfection foundation,intense porcelain,15.5,73.5294117647059,#d6b1a1,15.5,15.5,107,66.0,Médio / Medium
1082,bareminerals,barepro longwear powder foundation,butterscotch,15.5,73.1372549019608,#e4b691,15.5,15.5,129,17.0,Médio / Medium
1083,bareminerals,barepro™ 24 hour longwear liquid foundation with mineral spf 20,butterscotch,15.5,76.6666666666667,#e8c29f,15.5,15.5,132,18.0,Claro / Light
1084,sephora collection,best skin ever liquid foundation,n,15.5,71.5686274509804,#e1b38c,15.5,15.5,108,69.0,Médio / Medium
1085,bareminerals,matte foundation broad spectrum spf 15,golden nude,16,70.5882352941177,#ecad7c,16.0,16,137,23.0,Médio / Medium
1086,bareminerals,original foundation broad spectrum spf 15,golden nude,16,70.5882352941177,#ecad7c,16.0,16,139,25.0,Médio / Medium
1087,bareminerals,barepro performance wear powder foundation,sandstone,16,67.843137254902,#e4a176,16.0,16,131,14.0,Médio / Medium
1088,makeup revolution,conceal & define full coverage foundation,,f16,44.7058823529412,#aa533a,16.0,f16,83,1.0,Escuro / Dark
1089,pacifica,alight clean foundation,neutral tan,16nt,53.529411764705905,#c98e48,16.0,16nt,100,29.0,Médio / Medium
1090,jane iredale,beyond matte liquid foundation,,m16,41.1764705882353,#905742,16.0,m16,144,30.0,Escuro / Dark
1091,juice beauty,phyto-pigments flawless serum foundation,natural tan,16,64.11764705882351,#c9957e,16.0,16,56,71.0,Médio / Medium
1092,bareminerals,barepro performance wear liquid foundation broad spectrum spf 20,sandstone,16,67.843137254902,#e4a176,16.0,16,130,16.0,Médio / Medium
1093,bareminerals,original liquid mineral foundation broad spectrum spf 20,golden nude,16,66.4705882352941,#dba678,16.0,16,140,32.0,Médio / Medium
1094,lorac,pro soft focus longwear foundation,,16,57.2549019607843,#c38d61,16.0,16,67,33.0,Médio / Medium
1095,ilia,super serum skin tint spf 40 foundation,pavones,16,48.0392156862745,#a16554,16.0,16,53,34.0,Escuro / Dark
1096,sephora collection,10 hour wear perfection foundation,light linen,16,67.45098039215691,#d5a683,16.0,16,107,66.0,Médio / Medium
1097,sephora collection,matte perfection powder foundation,cool linen,16,72.5490196078431,#d3b09f,16.0,16,112,60.0,Médio / Medium
1098,bareminerals,barepro longwear powder foundation,sandstone,16,76.2745098039216,#f4c591,16.0,16,129,17.0,Claro / Light
1099,pat mcgrath labs,sublime perfection foundation,medium,16,64.9019607843137,#d3a878,16.0,16,99,37.0,Médio / Medium
1100,bareminerals,barepro™ 24 hour longwear liquid foundation with mineral spf 20,sandstone,16,64.9019607843137,#d1ae7a,16.0,16,132,18.0,Médio / Medium
1101,bareminerals,matte loose powder mineral foundation spf 15,golden nude,16,47.6470588235294,#a66d4d,16.0,16,138,38.0,Escuro / Dark
1102,sephora collection,make no mistake foundation & concealer stick,ebony,16,49.4117647058824,#996b63,16.0,16,110,39.0,Escuro / Dark
1103,laura mercier,smooth finish foundation powder,,16,55.6862745098039,#c98153,16.0,16,76,40.0,Médio / Medium
1104,armani beauty,neo nude foundation,,16,34.1176470588235,#764e38,16.0,16,10,4.0,Escuro / Dark
1105,lancôme,skin feels good skin nourishing foundation,,16c,44.1176470588235,#7e6963,16.0,16c,73,44.0,Escuro / Dark
1106,sephora collection,matte perfection tinted moisturizer,velvet sephora quality way-nice price,16,45.8823529411765,#886262,16.0,16,113,46.0,Escuro / Dark
1107,kevyn aucoin,foundation balm,deep ef,16,46.078431372549,#967055,16.0,16,58,48.0,Escuro / Dark
1108,kevyn aucoin,the etherealist foundation,deep ef,16,44.509803921568604,#8f6454,16.0,16,60,52.0,Escuro / Dark
1109,bareminerals,i am an original get started® kit original loose mineral foundation customizable set,bareminerals,16,47.6470588235294,#a66d4d,16.0,16,136,54.0,Escuro / Dark
1110,sephora collection,best skin ever liquid foundation,y,16,72.3529411764706,#e7bd8a,16.0,16,108,69.0,Médio / Medium
1111,makeup revolution,conceal & define full coverage foundation,,f16.5,26.6666666666667,#683320,16.5,f16.5,83,1.0,Retinto / Deep
1112,bareminerals,matte foundation broad spectrum spf 15,tan nude,17,61.3725490196078,#c98f70,17.0,17,137,23.0,Médio / Medium
1113,bareminerals,original foundation broad spectrum spf 15,tan nude,17,61.3725490196078,#c98f70,17.0,17,139,25.0,Médio / Medium
1114,bareminerals,barepro performance wear powder foundation,fawn,17,62.9411764705882,#c3957e,17.0,17,131,14.0,Médio / Medium
1115,jane iredale,beyond matte liquid foundation,,m17,36.078431372549005,#794d3f,17.0,m17,144,30.0,Escuro / Dark
1116,juice beauty,phyto-pigments flawless serum foundation,medium tan,17,73.3333333333333,#e3b493,17.0,17,56,71.0,Médio / Medium
1117,bareminerals,barepro performance wear liquid foundation broad spectrum spf 20,fawn,17,62.9411764705882,#c3957e,17.0,17,130,16.0,Médio / Medium
1118,bareminerals,original liquid mineral foundation broad spectrum spf 20,tan nude,17,69.41176470588239,#e9b179,17.0,17,140,32.0,Médio / Medium
1119,lorac,pro soft focus longwear foundation,,17,51.7647058823529,#b68252,17.0,17,67,33.0,Médio / Medium
1120,ilia,super serum skin tint spf 40 foundation,miho,17,38.6274509803922,#835142,17.0,17,53,34.0,Escuro / Dark
1121,bareminerals,barepro longwear powder foundation,fawn,17,69.8039215686274,#cea896,17.0,17,129,17.0,Médio / Medium
1122,pat mcgrath labs,sublime perfection foundation,medium,17,59.0196078431373,#c79266,17.0,17,99,37.0,Médio / Medium
1123,bareminerals,barepro™ 24 hour longwear liquid foundation with mineral spf 20,fawn,17,71.3725490196078,#d2ad9a,17.0,17,132,18.0,Médio / Medium
1124,bareminerals,matte loose powder mineral foundation spf 15,tan nude,17,48.0392156862745,#a46e51,17.0,17,138,38.0,Escuro / Dark
1125,laura mercier,smooth finish foundation powder,,17,57.2549019607843,#c7895d,17.0,17,76,40.0,Médio / Medium
1126,armani beauty,neo nude foundation,,17,32.5490196078431,#744432,17.0,17,10,4.0,Escuro / Dark
1127,sephora collection,matte perfection full coverage foundation,warm natural,17,80.9803921568627,#f3c9aa,17.0,17,111,70.0,Claro / Light
1128,sephora collection,clean glowing skin foundation,,17,64.5098039215686,#cfa07a,17.0,17,109,50.0,Médio / Medium
1129,bareminerals,i am an original get started® kit original loose mineral foundation customizable set,bareminerals,17,46.6666666666667,#9f794f,17.0,17,136,54.0,Escuro / Dark
1130,makeup revolution,conceal & define full coverage foundation,,f17.5,24.1176470588235,#582e23,17.5,f17.5,83,1.0,Retinto / Deep
1131,sephora collection,10 hour wear perfection foundation,oat,17.5,73.5294117647059,#d4b4a3,17.5,17.5,107,66.0,Médio / Medium
1132,sephora collection,best skin ever liquid foundation,n,17.5,73.921568627451,#e9bf90,17.5,17.5,108,69.0,Médio / Medium
1133,makeup revolution,conceal & define full coverage foundation,,f17.7,29.0196078431373,#58403c,17.7,f17.7,83,1.0,Retinto / Deep
1134,kvd vegan beauty,true portrait medium coverage shake foundation,light,018,67.45098039215691,#d3ab85,18.0,018,63,57.0,Médio / Medium
1135,bareminerals,matte foundation broad spectrum spf 15,medium tan,18,52.156862745097996,#b17559,18.0,18,137,23.0,Médio / Medium
1136,makeup revolution,fast base stick foundation,,f18,21.7647058823529,#4c2e23,18.0,f18,87,24.0,Retinto / Deep
1137,bareminerals,original foundation broad spectrum spf 15,medium tan,18,52.156862745097996,#b17559,18.0,18,139,25.0,Médio / Medium
1138,bareminerals,barepro performance wear powder foundation,pecan,18,64.11764705882351,#db986c,18.0,18,131,14.0,Médio / Medium
1139,clinique,beyond perfecting powder foundation + concealer,sand,18,61.3725490196078,#c89b71,18.0,18,28,,Médio / Medium
1140,makeup revolution,conceal & define full coverage foundation,,f18,39.411764705882405,#914338,18.0,f18,83,1.0,Escuro / Dark
1141,makeup revolution,conceal & glow foundation,,f18,25.6862745098039,#533730,18.0,f18,85,28.0,Retinto / Deep
1142,pacifica,alight clean foundation,warm tan,18wt,56.6666666666667,#d28f4f,18.0,18wt,100,29.0,Médio / Medium
1143,jane iredale,beyond matte liquid foundation,,m18,33.921568627451,#73453a,18.0,m18,144,30.0,Escuro / Dark
1144,clinique,stay matte oil-free makeup,cream whip,cn 18,75.49019607843141,#e8bd99,18.0,cn 18,31,,Claro / Light
1145,clinique,beyond perfecting foundation + concealer,cream whip,cn 18,75.49019607843141,#e8bd99,18.0,cn 18,27,,Claro / Light
1146,bareminerals,barepro performance wear liquid foundation broad spectrum spf 20,pecan,18,64.11764705882351,#db986c,18.0,18,130,16.0,Médio / Medium
1147,bareminerals,original liquid mineral foundation broad spectrum spf 20,medium tan,18,68.4313725490196,#e0ae7d,18.0,18,140,32.0,Médio / Medium
1148,lorac,pro soft focus longwear foundation,,18,56.6666666666667,#c5895c,18.0,18,67,33.0,Médio / Medium
1149,ilia,super serum skin tint spf 40 foundation,roque,18,34.9019607843137,#6e5044,18.0,18,53,34.0,Escuro / Dark
1150,sephora collection,10 hour wear perfection foundation,light cream,18,67.05882352941181,#cba88b,18.0,18,107,66.0,Médio / Medium
1151,sephora collection,matte perfection powder foundation,golden linen,18,73.1372549019608,#d3b4a2,18.0,18,112,60.0,Médio / Medium
1152,bareminerals,barepro longwear powder foundation,pecan,18,62.54901960784311,#dca363,18.0,18,129,17.0,Médio / Medium
1153,pat mcgrath labs,sublime perfection foundation,medium,18,56.6666666666667,#b78d6a,18.0,18,99,37.0,Médio / Medium
1154,bareminerals,barepro™ 24 hour longwear liquid foundation with mineral spf 20,pecan,18,65.0980392156863,#d9a873,18.0,18,132,18.0,Médio / Medium
1155,bareminerals,matte loose powder mineral foundation spf 15,medium tan,18,61.3725490196078,#cea56b,18.0,18,138,38.0,Médio / Medium
1156,laura mercier,smooth finish foundation powder,,18,47.4509803921569,#a96f49,18.0,18,76,40.0,Escuro / Dark
1157,bareminerals,i am an original get started® kit original loose mineral foundation customizable set,bareminerals,18,61.3725490196078,#cea56b,18.0,18,136,54.0,Médio / Medium
1158,sephora collection,10 hour wear perfection foundation,dune,18.5,71.5686274509804,#d8b495,18.5,18.5,107,66.0,Médio / Medium
1159,sephora collection,best skin ever liquid foundation,y,18.5,68.6274509803922,#e1b37d,18.5,18.5,108,69.0,Médio / Medium
1160,bareminerals,matte foundation broad spectrum spf 15,tan,19,52.156862745097996,#b0765a,19.0,19,137,23.0,Médio / Medium
1161,bareminerals,original foundation broad spectrum spf 15,tan,19,52.156862745097996,#b0765a,19.0,19,139,25.0,Médio / Medium
1162,bareminerals,barepro performance wear powder foundation,toffee,19,61.3725490196078,#d79562,19.0,19,131,14.0,Médio / Medium
1163,bareminerals,original liquid mineral foundation broad spectrum spf 20,tan,19,63.3333333333333,#d6986d,19.0,19,140,32.0,Médio / Medium
1164,lorac,pro soft focus longwear foundation,,19,52.3529411764706,#c88343,19.0,19,67,33.0,Médio / Medium
1165,bareminerals,barepro longwear powder foundation,toffee,19,59.6078431372549,#d29f5e,19.0,19,129,17.0,Médio / Medium
1166,pat mcgrath labs,sublime perfection foundation,medium,19,56.078431372549,#c68658,19.0,19,99,37.0,Médio / Medium
1167,bareminerals,barepro™ 24 hour longwear liquid foundation with mineral spf 20,toffee,19,64.5098039215686,#d2a877,19.0,19,132,18.0,Médio / Medium
1168,bareminerals,matte loose powder mineral foundation spf 15,tan,19,60.98039215686279,#cd956a,19.0,19,138,38.0,Médio / Medium
1169,laura mercier,smooth finish foundation powder,,19,44.7058823529412,#a06a44,19.0,19,76,40.0,Escuro / Dark
1170,sephora collection,matte perfection full coverage foundation,warm linen,19,80.3921568627451,#efc6ab,19.0,19,111,70.0,Claro / Light
1171,sephora collection,clean glowing skin foundation,,19,64.11764705882351,#ca9b7d,19.0,19,109,50.0,Médio / Medium
1172,bareminerals,i am an original get started® kit original loose mineral foundation customizable set,bareminerals,19,60.98039215686279,#cd956a,19.0,19,136,54.0,Médio / Medium
1173,sephora collection,10 hour wear perfection foundation,pink cream,19.5,73.1372549019608,#d3aea2,19.5,19.5,107,66.0,Médio / Medium
1174,sephora collection,best skin ever liquid foundation,p,19.5,72.5490196078431,#d7b69b,19.5,19.5,108,69.0,Médio / Medium
1175,it cosmetics,your skin but better foundation + skincare,light cool,20,80.7843137254902,#f4cba8,20.0,20,54,75.0,Claro / Light
1176,urban decay cosmetics,hydromaniac glowy tinted hydrator foundation,,20,72.3529411764706,#ddb894,20.0,20,127,76.0,Médio / Medium
1177,catrice,true skin hydrating foundation,warm beige,020,59.8039215686274,#c88d69,20.0,020,22,58.0,Médio / Medium
1178,bareminerals,matte foundation broad spectrum spf 15,golden tan,20,53.7254901960784,#ba8058,20.0,20,137,23.0,Médio / Medium
1179,bareminerals,original foundation broad spectrum spf 15,golden tan,20,53.7254901960784,#ba8058,20.0,20,139,25.0,Médio / Medium
1180,bareminerals,barepro performance wear powder foundation,oak,20,60.98039215686279,#c88e6f,20.0,20,131,14.0,Médio / Medium
1181,pacifica,alight clean foundation,cool medium,20cm,63.3333333333333,#d4a26f,20.0,20cm,100,29.0,Médio / Medium
1182,clinique,superbalanced makeup,fair,20,96.8627450980392,#f9f7f5,20.0,20,32,,Claro / Light
1183,clinique,stay matte oil-free makeup,fair,cn 20,78.2352941176471,#f1bf9e,20.0,cn 20,31,,Claro / Light
1184,clinique,beyond perfecting foundation + concealer,fair,cn 20,78.2352941176471,#f1bf9e,20.0,cn 20,27,,Claro / Light
1185,juice beauty,phyto-pigments flawless serum foundation,golden tan,20,70.7843137254902,#e1ac88,20.0,20,56,71.0,Médio / Medium
1186,bareminerals,barepro performance wear liquid foundation broad spectrum spf 20,oak,20,60.98039215686279,#c88e6f,20.0,20,130,16.0,Médio / Medium
1187,clinique,even better glow light reflecting makeup broad spectrum spf 15,fair,cn 20,70.3921568627451,#e5ae82,20.0,cn 20,29,,Médio / Medium
1188,florence by mills,like a light skin tint,,f020,74.9019607843137,#f4b68a,20.0,f020,143,77.0,Médio / Medium
1189,bareminerals,original liquid mineral foundation broad spectrum spf 20,golden tan,20,67.45098039215691,#dea97a,20.0,20,140,32.0,Médio / Medium
1190,lorac,pro soft focus longwear foundation,,20,45.294117647058805,#ad723a,20.0,20,67,33.0,Escuro / Dark
1191,colourpop,pretty fresh foundation,fair,20n,87.843137254902,#f0dcd0,20.0,20n,33,65.0,Claro / Light
1192,zoeva,authentik skin natural luminous foundation,amazing,020c,82.156862745098,#eacfb9,20.0,020c,128,78.0,Claro / Light
1193,catrice,hd liquid coverage foundation,rose beige,020,80.7843137254902,#eaccb2,20.0,020,21,59.0,Claro / Light
1194,sephora collection,10 hour wear perfection foundation,light cream,20,61.1764705882353,#ca9d6e,20.0,20,107,66.0,Médio / Medium
1195,sephora collection,matte perfection powder foundation,neutral beige,20,69.0196078431373,#cca794,20.0,20,112,60.0,Médio / Medium
1196,bareminerals,barepro longwear powder foundation,oak,20,67.843137254902,#d2a288,20.0,20,129,17.0,Médio / Medium
1197,pat mcgrath labs,sublime perfection foundation,medium,20,55.6862745098039,#c2835a,20.0,20,99,37.0,Médio / Medium
1198,bareminerals,barepro™ 24 hour longwear liquid foundation with mineral spf 20,oak,20,69.41176470588239,#d5a78d,20.0,20,132,18.0,Médio / Medium
1199,bareminerals,matte loose powder mineral foundation spf 15,golden tan,20,66.4705882352941,#d1a082,20.0,20,138,38.0,Médio / Medium
1200,laura mercier,smooth finish foundation powder,,20,43.921568627451,#9b6345,20.0,20,76,40.0,Escuro / Dark
1201,natasha denona,transformatte pore vanishing matte foundation,,20y,88.8235294117647,#f9e6cc,20.0,20y,96,67.0,Claro / Light
1202,dior,diorskin forever undercover foundation,light beige,020,84.1176470588235,#fdceb0,20.0,020,37,73.0,Claro / Light
1203,dior,dreamskin fresh & perfect cushion broad spectrum spf 50,light beige,020,72.5490196078431,#efaf83,20.0,020,38,80.0,Médio / Medium
1204,dior,diorskin forever perfect matte powder foundation,light beige,020,83.3333333333333,#f6c9b3,20.0,020,36,81.0,Claro / Light
1205,bite beauty,changemaker supercharged micellar foundation,,l20,79.2156862745098,#ebc3a9,20.0,l20,18,82.0,Claro / Light
1206,erborian,bb cream tinted moisturizer broad spectrum spf20,erborian bb cream tinted moisturizer broad spectrum,spf20,97.0588235294118,#f9f7f6,20.0,spf20,41,,Claro / Light
1207,sephora collection,matte perfection full coverage foundation,cream,20,79.4117647058823,#ebc6aa,20.0,20,111,70.0,Claro / Light
1208,dior,dreamskin fresh & perfect cushion broad spectrum spf 50 refill,light beige,020,80.7843137254902,#f8c5a4,20.0,020,39,83.0,Claro / Light
1209,natasha denona,foundation x+,ylight,20,90.0,#ffe1cc,20.0,20,95,68.0,Claro / Light
1210,bareminerals,i am an original get started® kit original loose mineral foundation customizable set,bareminerals,20,66.4705882352941,#d1a082,20.0,20,136,54.0,Médio / Medium
1211,natasha denona,face glow foundation,ly,20,78.82352941176471,#e7d4ab,20.0,20,94,84.0,Claro / Light
1212,sephora collection,best skin ever liquid foundation,n,20,70.3921568627451,#e3b384,20.0,20,108,69.0,Médio / Medium
1213,bareminerals,bareskin® pure brightening serum foundation broad spectrum spf 20,bare mocha,20,51.3725490196078,#af7357,20.0,20,141,,Médio / Medium
1214,it cosmetics,your skin but better foundation + skincare,light neutral,20.5,79.0196078431373,#eac1a9,20.5,20.5,54,75.0,Claro / Light
1215,it cosmetics,your skin but better foundation + skincare,light warm,21,78.0392156862745,#edc6a1,21.0,21,54,75.0,Claro / Light
1216,kvd vegan beauty,true portrait medium coverage shake foundation,light,021,66.8627450980392,#d8a87d,21.0,021,63,57.0,Médio / Medium
1217,bareminerals,matte foundation broad spectrum spf 15,neutral tan,21,57.2549019607843,#c5895f,21.0,21,137,23.0,Médio / Medium
1218,bareminerals,original foundation broad spectrum spf 15,neutral tan,21,57.2549019607843,#c5895f,21.0,21,139,25.0,Médio / Medium
1219,bareminerals,barepro performance wear powder foundation,sable,21,56.470588235294095,#c4885c,21.0,21,131,14.0,Médio / Medium
1220,bareminerals,barepro performance wear liquid foundation broad spectrum spf 20,sable,21,56.470588235294095,#c4885c,21.0,21,130,16.0,Médio / Medium
1221,bareminerals,original liquid mineral foundation broad spectrum spf 20,neutral tan,21,65.6862745098039,#dca773,21.0,21,140,32.0,Médio / Medium
1222,lorac,pro soft focus longwear foundation,,21,44.3137254901961,#976d4b,21.0,21,67,33.0,Escuro / Dark
1223,sephora collection,10 hour wear perfection foundation,petal,21,71.17647058823529,#d2ac99,21.0,21,107,66.0,Médio / Medium
1224,bareminerals,barepro longwear powder foundation,sable,21,57.0588235294118,#cf9454,21.0,21,129,17.0,Médio / Medium
1225,pat mcgrath labs,sublime perfection foundation,medium,21,47.843137254902004,#a7764d,21.0,21,99,37.0,Escuro / Dark
1226,bareminerals,barepro™ 24 hour longwear liquid foundation with mineral spf 20,sable,21,62.156862745097996,#cda070,21.0,21,132,18.0,Médio / Medium
1227,bareminerals,matte loose powder mineral foundation spf 15,neutral tan,21,44.1176470588235,#a3623e,21.0,21,138,38.0,Escuro / Dark
1228,dior,diorskin forever undercover foundation,linen,021,82.156862745098,#fecca5,21.0,021,37,73.0,Claro / Light
1229,la mer,the luminous lifting cushion foundation spf 20 + refill,petal,21,72.9411764705882,#deb196,21.0,21,68,47.0,Médio / Medium
1230,sephora collection,clean glowing skin foundation,,21,62.7450980392157,#c79e79,21.0,21,109,50.0,Médio / Medium
1231,bareminerals,i am an original get started® kit original loose mineral foundation customizable set,bareminerals,21,44.1176470588235,#a3623e,21.0,21,136,54.0,Escuro / Dark
1232,sephora collection,best skin ever liquid foundation,p,21,69.0196078431373,#e0a780,21.0,21,108,69.0,Médio / Medium
1233,it cosmetics,your skin but better foundation + skincare,light neutral,21.5,71.9607843137255,#e0b78f,21.5,21.5,54,75.0,Médio / Medium
1234,sephora collection,10 hour wear perfection foundation,vanilla,21.5,70.9803921568627,#d5b095,21.5,21.5,107,66.0,Médio / Medium
1235,sephora collection,best skin ever liquid foundation,y,21.5,68.8235294117647,#ddb382,21.5,21.5,108,69.0,Médio / Medium
1236,it cosmetics,your skin but better foundation + skincare,light neutral,22,71.9607843137255,#deb391,22.0,22,54,75.0,Médio / Medium
1237,bareminerals,matte foundation broad spectrum spf 15,warm tan,22,54.901960784313694,#c17f57,22.0,22,137,23.0,Médio / Medium
1238,bareminerals,original foundation broad spectrum spf 15,warm tan,22,54.901960784313694,#c17f57,22.0,22,139,25.0,Médio / Medium
1239,tarte,travel size babassu foundcealer skincare foundation broad spectrum spf 20,light neutral,22n,79.8039215686275,#ebc8ac,22.0,22n,124,86.0,Claro / Light
1240,tarte,travel size face tape foundation,light neutral,22n,77.6470588235294,#eabfa2,22.0,22n,125,85.0,Claro / Light
1241,bareminerals,barepro performance wear powder foundation,almond,22,59.0196078431373,#be8a6f,22.0,22,131,14.0,Médio / Medium
1242,clinique,beyond perfecting foundation + concealer,ecru,wn 22,69.8039215686274,#e6ad7e,22.0,wn 22,27,,Médio / Medium
1243,bareminerals,barepro performance wear liquid foundation broad spectrum spf 20,almond,22,59.0196078431373,#be8a6f,22.0,22,130,16.0,Médio / Medium
1244,clinique,even better glow light reflecting makeup broad spectrum spf 15,ecru,wn 22,69.6078431372549,#edab76,22.0,wn 22,29,,Médio / Medium
1245,bareminerals,original liquid mineral foundation broad spectrum spf 20,warm tan,22,56.470588235294095,#c4875c,22.0,22,140,32.0,Médio / Medium
1246,lorac,pro soft focus longwear foundation,,22,45.294117647058805,#ad643a,22.0,22,67,33.0,Escuro / Dark
1247,sephora collection,10 hour wear perfection foundation,light natural,22,66.4705882352941,#d2a681,22.0,22,107,66.0,Médio / Medium
1248,sephora collection,matte perfection powder foundation,cool beige,22,72.3529411764706,#d5ae9c,22.0,22,112,60.0,Médio / Medium
1249,bareminerals,barepro longwear powder foundation,almond,22,65.6862745098039,#c89d87,22.0,22,129,17.0,Médio / Medium
1250,pat mcgrath labs,sublime perfection foundation,medium deep,22,47.4509803921569,#a66c4c,22.0,22,99,37.0,Escuro / Dark
1251,bareminerals,barepro™ 24 hour longwear liquid foundation with mineral spf 20,almond,22,67.843137254902,#cda48d,22.0,22,132,18.0,Médio / Medium
1252,bareminerals,matte loose powder mineral foundation spf 15,warm tan,22,61.960784313725505,#d69266,22.0,22,138,38.0,Médio / Medium
1253,natasha denona,transformatte pore vanishing matte foundation,,22w,89.21568627450979,#f8e3cf,22.0,22w,96,67.0,Claro / Light
1254,dior,diorskin forever undercover foundation,cameo,022,82.7450980392157,#fdc1a9,22.0,022,37,73.0,Claro / Light
1255,dior,diorskin forever perfect matte powder foundation,cameo,022,82.156862745098,#f1c1b2,22.0,022,36,81.0,Claro / Light
1256,sephora collection,matte perfection full coverage foundation,natural,22,80.9803921568627,#ecc4b1,22.0,22,111,70.0,Claro / Light
1257,natasha denona,foundation x+,rlight,22,87.843137254902,#f6d8ca,22.0,22,95,68.0,Claro / Light
1258,bareminerals,i am an original get started® kit original loose mineral foundation customizable set,bareminerals,22,61.960784313725505,#d69266,22.0,22,136,54.0,Médio / Medium
1259,sephora collection,best skin ever liquid foundation,p,22,69.0196078431373,#e0b080,22.0,22,108,69.0,Médio / Medium
1260,it cosmetics,your skin but better foundation + skincare,light warm,22.5,81.1764705882353,#f3cfab,22.5,22.5,54,75.0,Claro / Light
1261,sephora collection,10 hour wear perfection foundation,pink natural,22.5,71.5686274509804,#d8af95,22.5,22.5,107,66.0,Médio / Medium
1262,sephora collection,best skin ever liquid foundation,n,22.5,70.1960784313725,#e1b085,22.5,22.5,108,69.0,Médio / Medium
1263,it cosmetics,your skin but better foundation + skincare,light warm,23,75.8823529411765,#ecc097,23.0,23,54,75.0,Claro / Light
1264,bareminerals,matte foundation broad spectrum spf 15,medium dark,23,38.2352941176471,#9b5628,23.0,23,137,23.0,Escuro / Dark
1265,bareminerals,original foundation broad spectrum spf 15,medium dark,23,38.2352941176471,#9b5628,23.0,23,139,25.0,Escuro / Dark
1266,bareminerals,barepro performance wear powder foundation,walnut,23,44.9019607843137,#aa673b,23.0,23,131,14.0,Escuro / Dark
1267,pacifica,alight clean foundation,neutral medium,23nm,64.5098039215686,#dfa46a,23.0,23nm,100,29.0,Médio / Medium
1268,juice beauty,phyto-pigments flawless serum foundation,medium tawny,23,52.3529411764706,#aa7b61,23.0,23,56,71.0,Médio / Medium
1269,bareminerals,barepro performance wear liquid foundation broad spectrum spf 20,walnut,23,44.9019607843137,#aa673b,23.0,23,130,16.0,Escuro / Dark
1270,bareminerals,original liquid mineral foundation broad spectrum spf 20,medium dark,23,51.3725490196078,#b67a50,23.0,23,140,32.0,Médio / Medium
1271,lorac,pro soft focus longwear foundation,,23,38.8235294117647,#825e44,23.0,23,67,33.0,Escuro / Dark
1272,sephora collection,10 hour wear perfection foundation,light natural beige,23,66.07843137254899,#d9a778,23.0,23,107,66.0,Médio / Medium
1273,bareminerals,barepro longwear powder foundation,walnut,23,53.3333333333333,#b78059,23.0,23,129,17.0,Médio / Medium
1274,pat mcgrath labs,sublime perfection foundation,medium deep,23,49.8039215686275,#af7a4f,23.0,23,99,37.0,Escuro / Dark
1275,bareminerals,barepro™ 24 hour longwear liquid foundation with mineral spf 20,walnut,23,59.8039215686274,#c2916f,23.0,23,132,18.0,Médio / Medium
1276,bareminerals,matte loose powder mineral foundation spf 15,medium dark,23,48.2352941176471,#a76d4f,23.0,23,138,38.0,Escuro / Dark
1277,natasha denona,transformatte pore vanishing matte foundation,natasha denona transformatte pore vanishing matte foundation,23r,91.1764705882353,#f7e6da,23.0,23r,96,67.0,Claro / Light
1278,dior,diorskin forever undercover foundation,peach,023,81.1764705882353,#fec6a0,23.0,023,37,73.0,Claro / Light
1279,la mer,the luminous lifting cushion foundation spf 20 + refill,warm vanilla,23,77.2549019607843,#dfc0ab,23.0,23,68,47.0,Claro / Light
1280,sephora collection,clean glowing skin foundation,,23,62.9411764705882,#c99978,23.0,23,109,50.0,Médio / Medium
1281,natasha denona,foundation x+,,23r,79.6078431372549,#e3c5b3,23.0,23r,95,68.0,Claro / Light
1282,bareminerals,i am an original get started® kit original loose mineral foundation customizable set,bareminerals,23,48.2352941176471,#a76d4f,23.0,23,136,54.0,Escuro / Dark
1283,sephora collection,best skin ever liquid foundation,y,23,70.7843137254902,#e9b280,23.0,23,108,69.0,Médio / Medium
1284,sephora collection,10 hour wear perfection foundation,intense petal,23.5,70.5882352941177,#d4a494,23.5,23.5,107,66.0,Médio / Medium
1285,sephora collection,best skin ever liquid foundation,p,23.5,68.6274509803922,#dea380,23.5,23.5,108,69.0,Médio / Medium
1286,kvd vegan beauty,true portrait medium coverage shake foundation,light,024,69.8039215686274,#deb186,24.0,024,63,57.0,Médio / Medium
1287,bareminerals,matte foundation broad spectrum spf 15,neutral dark,24,38.8235294117647,#9c5e2a,24.0,24,137,23.0,Escuro / Dark
1288,bareminerals,original foundation broad spectrum spf 15,neutral dark,24,38.8235294117647,#9c5e2a,24.0,24,139,25.0,Escuro / Dark
1289,bareminerals,barepro performance wear powder foundation,latte,24,44.7058823529412,#b26c32,24.0,24,131,14.0,Escuro / Dark
1290,clinique,beyond perfecting powder foundation + concealer,golden,24,47.2549019607843,#b3743e,24.0,24,28,,Escuro / Dark
1291,clinique,beyond perfecting foundation + concealer,cork,wn 24,68.2352941176471,#dbac81,24.0,wn 24,27,,Médio / Medium
1292,bareminerals,barepro performance wear liquid foundation broad spectrum spf 20,latte,24,44.7058823529412,#b26c32,24.0,24,130,16.0,Escuro / Dark
1293,bareminerals,original liquid mineral foundation broad spectrum spf 20,neutral dark,24,51.3725490196078,#b77b4f,24.0,24,140,32.0,Médio / Medium
1294,lorac,pro soft focus longwear foundation,,24,31.3725490196078,#7a4526,24.0,24,67,33.0,Escuro / Dark
1295,sephora collection,10 hour wear perfection foundation,medium honey,24,62.156862745097996,#c69f77,24.0,24,107,66.0,Médio / Medium
1296,sephora collection,matte perfection powder foundation,warm beige,24,71.7647058823529,#d3b29b,24.0,24,112,60.0,Médio / Medium
1297,bareminerals,barepro longwear powder foundation,latte,24,55.88235294117651,#c28a5b,24.0,24,129,17.0,Médio / Medium
1298,pat mcgrath labs,sublime perfection foundation,medium deep,24,46.6666666666667,#ad6941,24.0,24,99,37.0,Escuro / Dark
1299,bareminerals,barepro™ 24 hour longwear liquid foundation with mineral spf 20,latte,24,58.627450980392204,#c79064,24.0,24,132,18.0,Médio / Medium
1300,bareminerals,matte loose powder mineral foundation spf 15,neutral dark,24,43.921568627451,#986448,24.0,24,138,38.0,Escuro / Dark
1301,natasha denona,transformatte pore vanishing matte foundation,,24w,88.8235294117647,#fae2cb,24.0,24w,96,67.0,Claro / Light
1302,sephora collection,matte perfection full coverage foundation,honey,24,79.0196078431373,#e9c1aa,24.0,24,111,70.0,Claro / Light
1303,natasha denona,foundation x+,,24w,86.4705882352941,#f6d9c3,24.0,24w,95,68.0,Claro / Light
1304,bareminerals,i am an original get started® kit original loose mineral foundation customizable set,bareminerals,24,43.921568627451,#986448,24.0,24,136,54.0,Escuro / Dark
1305,sephora collection,best skin ever liquid foundation,n,24,71.3725490196078,#e8b184,24.0,24,108,69.0,Médio / Medium
1306,bareminerals,barepro performance wear powder foundation,maple,24.5,44.3137254901961,#aa6638,24.5,24.5,131,14.0,Escuro / Dark
1307,bareminerals,barepro performance wear liquid foundation broad spectrum spf 20,maple,24.5,44.3137254901961,#aa6638,24.5,24.5,130,16.0,Escuro / Dark
1308,bareminerals,barepro longwear powder foundation,maple,24.5,52.7450980392157,#b77f56,24.5,24.5,129,17.0,Médio / Medium
1309,bareminerals,barepro™ 24 hour longwear liquid foundation with mineral spf 20,maple,24.5,59.21568627450981,#c2906c,24.5,24.5,132,18.0,Médio / Medium
1310,bareminerals,matte foundation broad spectrum spf 15,golden dark,25,45.294117647058805,#a36744,25.0,25,137,23.0,Escuro / Dark
1311,bareminerals,original foundation broad spectrum spf 15,golden dark,25,45.294117647058805,#a36744,25.0,25,139,25.0,Escuro / Dark
1312,bareminerals,barepro performance wear powder foundation,cinnamon,25,43.5294117647059,#b56729,25.0,25,131,14.0,Escuro / Dark
1313,pacifica,alight clean foundation,warm medium,25wm,68.2352941176471,#e6af76,25.0,25wm,100,29.0,Médio / Medium
1314,bareminerals,barepro performance wear liquid foundation broad spectrum spf 20,cinnamon,25,43.5294117647059,#b56729,25.0,25,130,16.0,Escuro / Dark
1315,bareminerals,original liquid mineral foundation broad spectrum spf 20,golden dark,25,42.156862745098,#9a613d,25.0,25,140,32.0,Escuro / Dark
1316,lorac,pro soft focus longwear foundation,,25,29.8039215686275,#704d28,25.0,25,67,33.0,Retinto / Deep
1317,colourpop,pretty fresh foundation,fair,25w,81.5686274509804,#e6cfba,25.0,25w,33,65.0,Claro / Light
1318,catrice,hd liquid coverage foundation,warm oat,025,71.3725490196078,#dab692,25.0,025,21,59.0,Médio / Medium
1319,sephora collection,10 hour wear perfection foundation,medium beige,25,60.7843137254902,#c79c6f,25.0,25,107,66.0,Médio / Medium
1320,bareminerals,barepro longwear powder foundation,cinnamon,25,54.7058823529412,#c38654,25.0,25,129,17.0,Médio / Medium
1321,pat mcgrath labs,sublime perfection foundation,medium deep,25,43.3333333333333,#a56038,25.0,25,99,37.0,Escuro / Dark
1322,bareminerals,barepro™ 24 hour longwear liquid foundation with mineral spf 20,cinnamon,25,57.4509803921569,#c88d5d,25.0,25,132,18.0,Médio / Medium
1323,bareminerals,matte loose powder mineral foundation spf 15,golden dark,25,44.509803921568604,#9f5f44,25.0,25,138,38.0,Escuro / Dark
1324,sephora collection,microsmooth baked powder foundation,beige sephora quality way-nice price,25,68.4313725490196,#d9ac84,25.0,25,114,72.0,Médio / Medium
1325,natasha denona,transformatte pore vanishing matte foundation,,25ny,87.4509803921569,#f8dfc6,25.0,25ny,96,67.0,Claro / Light
1326,lancôme,skin feels good skin nourishing foundation,,025w,69.6078431372549,#d4a58f,25.0,025w,73,44.0,Médio / Medium
1327,dior,diorskin forever undercover foundation,soft beige,025,81.5686274509804,#fec6a2,25.0,025,37,73.0,Claro / Light
1328,dior,dreamskin fresh & perfect cushion broad spectrum spf 50,apricot beige,025,67.6470588235294,#e49e75,25.0,025,38,80.0,Médio / Medium
1329,dior,diorskin forever perfect matte powder foundation,soft beige,025,77.84313725490199,#e6b7a7,25.0,025,36,81.0,Claro / Light
1330,bite beauty,changemaker supercharged micellar foundation,,l25,77.84313725490199,#e3c1aa,25.0,l25,18,82.0,Claro / Light
1331,sephora collection,matte perfection full coverage foundation,beige,25,79.2156862745098,#e5c3af,25.0,25,111,70.0,Claro / Light
1332,sephora collection,clean glowing skin foundation,,25,61.7647058823529,#c29179,25.0,25,109,50.0,Médio / Medium
1333,dior,dreamskin fresh & perfect cushion broad spectrum spf 50 refill,apricot beige,025,73.5294117647059,#eab38d,25.0,025,39,83.0,Médio / Medium
1334,natasha denona,foundation x+,wlight,25,80.58823529411761,#e9c8b2,25.0,25,95,68.0,Claro / Light
1335,bareminerals,i am an original get started® kit original loose mineral foundation customizable set,bareminerals,25,44.509803921568604,#9f5f44,25.0,25,136,54.0,Escuro / Dark
1336,sephora collection,best skin ever liquid foundation,n,25,68.8235294117647,#dfab80,25.0,25,108,69.0,Médio / Medium
1337,sephora collection,10 hour wear perfection foundation,warm beige,25.5,67.843137254902,#cfa88b,25.5,25.5,107,66.0,Médio / Medium
1338,sephora collection,best skin ever liquid foundation,y,25.5,64.7058823529412,#da9e70,25.5,25.5,108,69.0,Médio / Medium
1339,bareminerals,matte foundation broad spectrum spf 15,warm dark,26,46.6666666666667,#a86d46,26.0,26,137,23.0,Escuro / Dark
1340,bareminerals,original foundation broad spectrum spf 15,warm dark,26,46.6666666666667,#a86d46,26.0,26,139,25.0,Escuro / Dark
1341,bareminerals,barepro performance wear powder foundation,chai,26,42.5490196078431,#9e613b,26.0,26,131,14.0,Escuro / Dark
1342,clinique,beyond perfecting powder foundation + concealer,amber,26,38.2352941176471,#995d2a,26.0,26,28,,Escuro / Dark
1343,pacifica,alight clean foundation,neutral medium,26nm,65.8823529411765,#e0ae70,26.0,26nm,100,29.0,Médio / Medium
1344,juice beauty,phyto-pigments flawless serum foundation,tawny,26,47.4509803921569,#9d6e55,26.0,26,56,71.0,Escuro / Dark
1345,bareminerals,barepro performance wear liquid foundation broad spectrum spf 20,chai,26,42.5490196078431,#9e613b,26.0,26,130,16.0,Escuro / Dark
1346,bareminerals,original liquid mineral foundation broad spectrum spf 20,warm dark,26,44.509803921568604,#a36a40,26.0,26,140,32.0,Escuro / Dark
1347,sephora collection,10 hour wear perfection foundation,medium peach,26,63.921568627450995,#d4a172,26.0,26,107,66.0,Médio / Medium
1348,sephora collection,matte perfection powder foundation,neutral sand,26,68.4313725490196,#cea98f,26.0,26,112,60.0,Médio / Medium
1349,bareminerals,barepro longwear powder foundation,chai,26,45.294117647058805,#a77040,26.0,26,129,17.0,Escuro / Dark
1350,pat mcgrath labs,sublime perfection foundation,medium deep,26,43.5294117647059,#a66438,26.0,26,99,37.0,Escuro / Dark
1351,bareminerals,barepro™ 24 hour longwear liquid foundation with mineral spf 20,chai,26,43.137254901960794,#b1712b,26.0,26,132,18.0,Escuro / Dark
1352,bareminerals,matte loose powder mineral foundation spf 15,warm dark,26,50.9803921568627,#a57c5f,26.0,26,138,38.0,Médio / Medium
1353,natasha denona,transformatte pore vanishing matte foundation,,26y,87.6470588235294,#f7e4c8,26.0,26y,96,67.0,Claro / Light
1354,sephora collection,matte perfection full coverage foundation,peach,26,73.5294117647059,#e1af96,26.0,26,111,70.0,Médio / Medium
1355,natasha denona,foundation x+,,26y,80.7843137254902,#ead1b2,26.0,26y,95,68.0,Claro / Light
1356,bareminerals,i am an original get started® kit original loose mineral foundation customizable set,bareminerals,26,50.9803921568627,#a57c5f,26.0,26,136,54.0,Médio / Medium
1357,sephora collection,best skin ever liquid foundation,n,26,68.6274509803922,#d9ac85,26.0,26,108,69.0,Médio / Medium
1358,sephora collection,10 hour wear perfection foundation,intense peach,26.5,69.41176470588239,#d8a68a,26.5,26.5,107,66.0,Médio / Medium
1359,sephora collection,best skin ever liquid foundation,y,26.5,67.05882352941181,#dea678,26.5,26.5,108,69.0,Médio / Medium
1360,kvd vegan beauty,true portrait medium coverage shake foundation,medium,027,66.6666666666667,#d6ae7e,27.0,027,63,57.0,Médio / Medium
1361,bareminerals,matte foundation broad spectrum spf 15,warm deep,27,37.4509803921569,#8e5431,27.0,27,137,23.0,Escuro / Dark
1362,bareminerals,original foundation broad spectrum spf 15,warm deep,27,37.4509803921569,#8e5431,27.0,27,139,25.0,Escuro / Dark
1363,tarte,travel size babassu foundcealer skincare foundation broad spectrum spf 20,light-medium neutral,27n,70.7843137254902,#d8b091,27.0,27n,124,86.0,Médio / Medium
1364,bareminerals,barepro performance wear powder foundation,espresso,27,37.4509803921569,#8c5833,27.0,27,131,14.0,Escuro / Dark
1365,pacifica,alight clean foundation,warm medium,27wm,73.1372549019608,#edb688,27.0,27wm,100,29.0,Médio / Medium
1366,bareminerals,barepro performance wear liquid foundation broad spectrum spf 20,espresso,27,37.4509803921569,#8c5833,27.0,27,130,16.0,Escuro / Dark
1367,bareminerals,original liquid mineral foundation broad spectrum spf 20,warm deep,27,46.6666666666667,#ad6d41,27.0,27,140,32.0,Escuro / Dark
1368,sephora collection,10 hour wear perfection foundation,medium peach beige,27,61.960784313725505,#c69576,27.0,27,107,66.0,Médio / Medium
1369,bareminerals,barepro longwear powder foundation,espresso,27,48.2352941176471,#a17555,27.0,27,129,17.0,Escuro / Dark
1370,pat mcgrath labs,sublime perfection foundation,medium deep,27,41.1764705882353,#94623e,27.0,27,99,37.0,Escuro / Dark
1371,bareminerals,barepro™ 24 hour longwear liquid foundation with mineral spf 20,espresso,27,50.3921568627451,#a57b5c,27.0,27,132,18.0,Médio / Medium
1372,bareminerals,matte loose powder mineral foundation spf 15,warm deep,27,44.3137254901961,#98644a,27.0,27,138,38.0,Escuro / Dark
1373,natasha denona,transformatte pore vanishing matte foundation,,27wy,88.6274509803922,#fddfc7,27.0,27wy,96,67.0,Claro / Light
1374,sephora collection,clean glowing skin foundation,,27,54.901960784313694,#b48464,27.0,27,109,50.0,Médio / Medium
1375,natasha denona,foundation x+,,27wy,80.1960784313726,#efceaa,27.0,27wy,95,68.0,Claro / Light
1376,bareminerals,i am an original get started® kit original loose mineral foundation customizable set,bareminerals,27,44.3137254901961,#98644a,27.0,27,136,54.0,Escuro / Dark
1377,sephora collection,best skin ever liquid foundation,p,27,66.8627450980392,#d7a77e,27.0,27,108,69.0,Médio / Medium
1378,bareminerals,matte foundation broad spectrum spf 15,golden deep,28,40.9803921568627,#975e3a,28.0,28,137,23.0,Escuro / Dark
1379,bareminerals,original foundation broad spectrum spf 15,golden deep,28,40.9803921568627,#975e3a,28.0,28,139,25.0,Escuro / Dark
1380,clinique,superbalanced makeup,ivory,28,97.64705882352939,#f9f9f9,28.0,28,32,,Claro / Light
1381,clinique,stay matte oil-free makeup,ivory,cn 28,76.078431372549,#e5bd9f,28.0,cn 28,31,,Claro / Light
1382,clinique,beyond perfecting foundation + concealer,ivory,cn 28,76.078431372549,#e5bd9f,28.0,cn 28,27,,Claro / Light
1383,clinique,even better glow light reflecting makeup broad spectrum spf 15,ivory,cn 28,77.4509803921569,#eec09d,28.0,cn 28,29,,Claro / Light
1384,bareminerals,original liquid mineral foundation broad spectrum spf 20,golden deep,28,46.078431372549,#a96d42,28.0,28,140,32.0,Escuro / Dark
1385,sephora collection,matte perfection powder foundation,cool sand,28,68.2352941176471,#cca690,28.0,28,112,60.0,Médio / Medium
1386,pat mcgrath labs,sublime perfection foundation,medium deep,28,42.3529411764706,#9a5f3e,28.0,28,99,37.0,Escuro / Dark
1387,bareminerals,matte loose powder mineral foundation spf 15,golden deep,28,48.2352941176471,#a57f51,28.0,28,138,38.0,Escuro / Dark
1388,bareminerals,i am an original get started® kit original loose mineral foundation customizable set,bareminerals,28,48.2352941176471,#a57f51,28.0,28,136,54.0,Escuro / Dark
1389,sephora collection,10 hour wear perfection foundation,natural camel,28.5,69.2156862745098,#d4a98d,28.5,28.5,107,66.0,Médio / Medium
1390,sephora collection,best skin ever liquid foundation,n,28.5,68.4313725490196,#daac83,28.5,28.5,108,69.0,Médio / Medium
1391,bareminerals,matte foundation broad spectrum spf 15,neutral deep,29,36.6666666666667,#835638,29.0,29,137,23.0,Escuro / Dark
1392,bareminerals,original foundation broad spectrum spf 15,neutral deep,29,36.6666666666667,#835638,29.0,29,139,25.0,Escuro / Dark
1393,tarte,travel size face tape foundation,light medium neutral,29n,70.3921568627451,#dea889,29.0,29n,125,85.0,Médio / Medium
1394,bareminerals,barepro performance wear powder foundation,truffle,29,36.8627450980392,#855637,29.0,29,131,14.0,Escuro / Dark
1395,pacifica,alight clean foundation,cool medium,29cm,74.9019607843137,#edb491,29.0,29cm,100,29.0,Médio / Medium
1396,juice beauty,phyto-pigments flawless serum foundation,deep,29,39.6078431372549,#90563a,29.0,29,56,71.0,Escuro / Dark
1397,bareminerals,barepro performance wear liquid foundation broad spectrum spf 20,truffle,29,36.8627450980392,#855637,29.0,29,130,16.0,Escuro / Dark
1398,bareminerals,original liquid mineral foundation broad spectrum spf 20,neutral deep,29,45.294117647058805,#a96a3e,29.0,29,140,32.0,Escuro / Dark
1399,sephora collection,10 hour wear perfection foundation,medium camel intense,29,58.627450980392204,#c29369,29.0,29,107,66.0,Médio / Medium
1400,bareminerals,barepro longwear powder foundation,truffle,29,41.7647058823529,#96613f,29.0,29,129,17.0,Escuro / Dark
1401,pat mcgrath labs,sublime perfection foundation,deep,29,46.8627450980392,#a06e4f,29.0,29,99,37.0,Escuro / Dark
1402,bareminerals,barepro™ 24 hour longwear liquid foundation with mineral spf 20,truffle,29,44.509803921568604,#ab6c38,29.0,29,132,18.0,Escuro / Dark
1403,bareminerals,matte loose powder mineral foundation spf 15,neutral deep,29,42.7450980392157,#905d4a,29.0,29,138,38.0,Escuro / Dark
1404,sephora collection,matte perfection full coverage foundation,golden honey,29,67.843137254902,#d4aa86,29.0,29,111,70.0,Médio / Medium
1405,sephora collection,clean glowing skin foundation,,29,52.7450980392157,#a87c65,29.0,29,109,50.0,Médio / Medium
1406,bareminerals,i am an original get started® kit original loose mineral foundation customizable set,bareminerals,29,42.7450980392157,#905d4a,29.0,29,136,54.0,Escuro / Dark
1407,sephora collection,best skin ever liquid foundation,y,29,64.7058823529412,#d7a873,29.0,29,108,69.0,Médio / Medium
1408,it cosmetics,your skin but better foundation + skincare,medium cool,30,71.5686274509804,#ddb290,30.0,30,54,75.0,Médio / Medium
1409,kvd vegan beauty,true portrait medium coverage shake foundation,medium,030,68.2352941176471,#dab182,30.0,030,63,57.0,Médio / Medium
1410,urban decay cosmetics,hydromaniac glowy tinted hydrator foundation,,30,70.5882352941177,#dbae8d,30.0,30,127,76.0,Médio / Medium
1411,catrice,true skin hydrating foundation,neutral sand,030,64.7058823529412,#d59975,30.0,030,22,58.0,Médio / Medium
1412,bareminerals,matte foundation broad spectrum spf 15,deepest deep,30,33.7254901960784,#774d35,30.0,30,137,23.0,Escuro / Dark
1413,bareminerals,original foundation broad spectrum spf 15,deepest deep,30,33.7254901960784,#774d35,30.0,30,139,25.0,Escuro / Dark
1414,bareminerals,barepro performance wear powder foundation,cocoa,30,32.7450980392157,#764d31,30.0,30,131,14.0,Escuro / Dark
1415,clinique,beyond perfecting foundation + concealer,biscuit,wn 30,70.5882352941177,#e1ab87,30.0,wn 30,27,,Médio / Medium
1416,bareminerals,barepro performance wear liquid foundation broad spectrum spf 20,cocoa,30,32.7450980392157,#764d31,30.0,30,130,16.0,Escuro / Dark
1417,clinique,even better glow light reflecting makeup broad spectrum spf 15,biscuit,wn 30,61.7647058823529,#d29569,30.0,wn 30,29,,Médio / Medium
1418,florence by mills,like a light skin tint,,l030,66.8627450980392,#d3a282,30.0,l030,143,77.0,Médio / Medium
1419,bareminerals,original liquid mineral foundation broad spectrum spf 20,deepest deep,30,35.6862745098039,#804f36,30.0,30,140,32.0,Escuro / Dark
1420,colourpop,pretty fresh foundation,fair,30n,80.0,#e1c7b7,30.0,30n,33,65.0,Claro / Light
1421,catrice,hd liquid coverage foundation,sand beige,030,79.6078431372549,#eacbac,30.0,030,21,59.0,Claro / Light
1422,essence,pretty natural hydrating foundation,neutral ivory,30,66.07843137254899,#d5a77c,30.0,30,42,79.0,Médio / Medium
1423,sephora collection,10 hour wear perfection foundation,medium sand,30,62.54901960784311,#c69879,30.0,30,107,66.0,Médio / Medium
1424,sephora collection,matte perfection powder foundation,warm sand,30,67.2549019607843,#caa78d,30.0,30,112,60.0,Médio / Medium
1425,bareminerals,barepro longwear powder foundation,cocoa,30,36.8627450980392,#7a5542,30.0,30,129,17.0,Escuro / Dark
1426,pat mcgrath labs,sublime perfection foundation,deep,30,44.1176470588235,#9e6243,30.0,30,99,37.0,Escuro / Dark
1427,bareminerals,barepro™ 24 hour longwear liquid foundation with mineral spf 20,cocoa,30,41.5686274509804,#9c6638,30.0,30,132,18.0,Escuro / Dark
1428,bareminerals,matte loose powder mineral foundation spf 15,deepest deep,30,42.5490196078431,#916048,30.0,30,138,38.0,Escuro / Dark
1429,sephora collection,microsmooth baked powder foundation,sand sephora quality way-nice price,30,68.2352941176471,#d5aa87,30.0,30,114,72.0,Médio / Medium
1430,natasha denona,transformatte pore vanishing matte foundation,,30w,81.1764705882353,#f2cfac,30.0,30w,96,67.0,Claro / Light
1431,dior,diorskin forever undercover foundation,medium beige,030,75.49019607843141,#f4b28d,30.0,030,37,73.0,Claro / Light
1432,dior,dreamskin fresh & perfect cushion broad spectrum spf 50,medium beige,030,67.6470588235294,#dc9e7d,30.0,030,38,80.0,Médio / Medium
1433,dior,diorskin forever perfect matte powder foundation,medium beige,030,76.078431372549,#e4b7a0,30.0,030,36,81.0,Claro / Light
1434,bite beauty,changemaker supercharged micellar foundation,,l30,80.1960784313726,#edc2ac,30.0,l30,18,82.0,Claro / Light
1435,josie maran,vibrancy argan oil foundation fluid,mystical,rg30,72.9411764705882,#d5b19f,30.0,rg30,55,74.0,Médio / Medium
1436,sephora collection,matte perfection full coverage foundation,sand,30,67.6470588235294,#d1a288,30.0,30,111,70.0,Médio / Medium
1437,dior,dreamskin fresh & perfect cushion broad spectrum spf 50 refill,medium beige,030,69.8039215686274,#e2a482,30.0,030,39,83.0,Médio / Medium
1438,natasha denona,foundation x+,wlight medium,30,78.6274509803922,#e4cbad,30.0,30,95,68.0,Claro / Light
1439,bareminerals,i am an original get started® kit original loose mineral foundation customizable set,bareminerals,30,42.5490196078431,#916048,30.0,30,136,54.0,Escuro / Dark
1440,natasha denona,face glow foundation,lmw,30,68.4313725490196,#d3b28a,30.0,30,94,84.0,Médio / Medium
1441,sephora collection,best skin ever liquid foundation,p,30,68.8235294117647,#e5a77a,30.0,30,108,69.0,Médio / Medium
1442,it cosmetics,your skin but better foundation + skincare,medium neutral,31,67.45098039215691,#d6a982,31.0,31,54,75.0,Médio / Medium
1443,bareminerals,barepro performance wear powder foundation,mocha,31,33.7254901960784,#8e441e,31.0,31,131,14.0,Escuro / Dark
1444,pacifica,alight clean foundation,cool light,31cl,77.6470588235294,#f1c09b,31.0,31cl,100,29.0,Claro / Light
1445,bareminerals,barepro performance wear liquid foundation broad spectrum spf 20,mocha,31,33.7254901960784,#8e441e,31.0,31,130,16.0,Escuro / Dark
1446,sephora collection,10 hour wear perfection foundation,medium almond,31,55.490196078431396,#bf8b5c,31.0,31,107,66.0,Médio / Medium
1447,bareminerals,barepro longwear powder foundation,mocha,31,44.509803921568604,#a16442,31.0,31,129,17.0,Escuro / Dark
1448,pat mcgrath labs,sublime perfection foundation,deep,31,40.7843137254902,#9b5a35,31.0,31,99,37.0,Escuro / Dark
1449,bareminerals,barepro™ 24 hour longwear liquid foundation with mineral spf 20,mocha,31,46.8627450980392,#a66a49,31.0,31,132,18.0,Escuro / Dark
1450,natasha denona,transformatte pore vanishing matte foundation,,31w,81.3725490196078,#f3cdac,31.0,31w,96,67.0,Claro / Light
1451,dior,diorskin forever undercover foundation,sand,031,79.4117647058823,#fcc699,31.0,031,37,73.0,Claro / Light
1452,la mer,the luminous lifting cushion foundation spf 20 + refill,pink bisque,31,64.7058823529412,#bf9c8b,31.0,31,68,47.0,Médio / Medium
1453,sephora collection,matte perfection full coverage foundation,warm sand,31,69.0196078431373,#dba685,31.0,31,111,70.0,Médio / Medium
1454,sephora collection,clean glowing skin foundation,,31,53.529411764705905,#ab7a66,31.0,31,109,50.0,Médio / Medium
1455,natasha denona,foundation x+,,31w,78.4313725490196,#e3c8ad,31.0,31w,95,68.0,Claro / Light
1456,sephora collection,best skin ever liquid foundation,y,31,62.7450980392157,#d3a06d,31.0,31,108,69.0,Médio / Medium
1457,it cosmetics,your skin but better foundation + skincare,medium neutral,31.5,64.11764705882351,#cca17b,31.5,31.5,54,75.0,Médio / Medium
1458,it cosmetics,your skin but better foundation + skincare,medium warm,32,63.921568627450995,#d7a06f,32.0,32,54,75.0,Médio / Medium
1459,pacifica,alight clean foundation,warm light,32wl,73.1372549019608,#e5ba90,32.0,32wl,100,29.0,Médio / Medium
1460,clinique,beyond perfecting foundation + concealer,buttermilk,cn 32,80.58823529411761,#f2c9a9,32.0,cn 32,27,,Claro / Light
1461,catrice,hd liquid coverage foundation,nude beige,032,61.1764705882353,#c19e77,32.0,032,21,59.0,Médio / Medium
1462,sephora collection,matte perfection powder foundation,neutral fawn,32,66.2745098039216,#c9a389,32.0,32,112,60.0,Médio / Medium
1463,pat mcgrath labs,sublime perfection foundation,deep,32,42.3529411764706,#976041,32.0,32,99,37.0,Escuro / Dark
1464,dior,diorskin forever perfect matte powder foundation,rosy beige,032,75.8823529411765,#e1b2a2,32.0,032,36,81.0,Claro / Light
1465,it cosmetics,your skin but better foundation + skincare,medium neutral,33,67.843137254902,#d9a681,33.0,33,54,75.0,Médio / Medium
1466,kvd vegan beauty,true portrait medium coverage shake foundation,medium,033,63.921568627450995,#d3a073,33.0,033,63,57.0,Médio / Medium
1467,pacifica,alight clean foundation,neutral light,33nl,75.6862745098039,#ebc097,33.0,33nl,100,29.0,Claro / Light
1468,colourpop,pretty fresh foundation,light,33c,88.0392156862745,#f1dbd0,33.0,33c,33,65.0,Claro / Light
1469,sephora collection,10 hour wear perfection foundation,medium walnut,33,58.4313725490196,#c19769,33.0,33,107,66.0,Médio / Medium
1470,pat mcgrath labs,sublime perfection foundation,deep,33,33.7254901960784,#81492b,33.0,33,99,37.0,Escuro / Dark
1471,dior,diorskin forever undercover foundation,beige apricot,033,74.7058823529412,#f6b287,33.0,033,37,73.0,Médio / Medium
1472,la mer,the luminous lifting cushion foundation spf 20 + refill,warm bisque,33,68.2352941176471,#c9a493,33.0,33,68,47.0,Médio / Medium
1473,sephora collection,matte perfection full coverage foundation,walnut,33,67.45098039215691,#d1a687,33.0,33,111,70.0,Médio / Medium
1474,sephora collection,clean glowing skin foundation,,33,51.3725490196078,#a67460,33.0,33,109,50.0,Médio / Medium
1475,sephora collection,best skin ever liquid foundation,n,33,66.6666666666667,#dba979,33.0,33,108,69.0,Médio / Medium
1476,sephora collection,10 hour wear perfection foundation,golden walnut,33.5,63.3333333333333,#cba178,33.5,33.5,107,66.0,Médio / Medium
1477,sephora collection,best skin ever liquid foundation,y,33.5,60.588235294117595,#cf9c66,33.5,33.5,108,69.0,Médio / Medium
1478,it cosmetics,your skin but better foundation + skincare,medium cool,34,66.07843137254899,#d79f7a,34.0,34,54,75.0,Médio / Medium
1479,tarte,travel size babassu foundcealer skincare foundation broad spectrum spf 20,medium neutral,34n,71.7647058823529,#dfb18f,34.0,34n,124,86.0,Médio / Medium
1480,pacifica,alight clean foundation,neutral light,34nl,80.1960784313726,#f2cca7,34.0,34nl,100,29.0,Claro / Light
1481,clinique,superbalanced makeup,light,34,97.64705882352939,#f9f9f9,34.0,34,32,,Claro / Light
1482,catrice,hd liquid coverage foundation,medium beige,034,55.0980392156863,#b78d62,34.0,034,21,59.0,Médio / Medium
1483,sephora collection,10 hour wear perfection foundation,soft tan,34,62.54901960784311,#c1987e,34.0,34,107,66.0,Médio / Medium
1484,sephora collection,matte perfection powder foundation,peach fawn,34,69.2156862745098,#cfa792,34.0,34,112,60.0,Médio / Medium
1485,pat mcgrath labs,sublime perfection foundation,deep,34,24.509803921568597,#5d3420,34.0,34,99,37.0,Retinto / Deep
1486,sephora collection,matte perfection full coverage foundation,maple,34,68.0392156862745,#dba280,34.0,34,111,70.0,Médio / Medium
1487,sephora collection,10 hour wear perfection foundation,nutmeg,34.5,63.3333333333333,#c29f81,34.5,34.5,107,66.0,Médio / Medium
1488,sephora collection,best skin ever liquid foundation,n,34.5,64.9019607843137,#d9a372,34.5,34.5,108,69.0,Médio / Medium
1489,it cosmetics,your skin but better foundation + skincare,medium warm,35,59.6078431372549,#c99567,35.0,35,54,75.0,Médio / Medium
1490,tarte,travel size face tape foundation,medium neutral,35n,66.07843137254899,#d79f7a,35.0,35n,125,85.0,Médio / Medium
1491,catrice,hd liquid coverage foundation,natural beige,035,55.0980392156863,#b88f61,35.0,035,21,59.0,Médio / Medium
1492,sephora collection,10 hour wear perfection foundation,tan bronze,35,45.4901960784314,#a07548,35.0,35,107,66.0,Escuro / Dark
1493,pat mcgrath labs,sublime perfection foundation,deep,35,22.5490196078431,#512f22,35.0,35,99,37.0,Retinto / Deep
1494,sephora collection,microsmooth baked powder foundation,bronze sephora quality way-nice price,35,63.725490196078404,#cfa076,35.0,35,114,72.0,Médio / Medium
1495,natasha denona,transformatte pore vanishing matte foundation,,35r,86.078431372549,#f1d3c6,35.0,35r,96,67.0,Claro / Light
1496,lancôme,skin feels good skin nourishing foundation,,035w,66.2745098039216,#d29f80,35.0,035w,73,44.0,Médio / Medium
1497,dior,diorskin forever perfect matte powder foundation,desert beige,035,72.15686274509801,#d9ae97,35.0,035,36,81.0,Médio / Medium
1498,bite beauty,changemaker supercharged micellar foundation,,l35,80.0,#f3c1a5,35.0,l35,18,82.0,Claro / Light
1499,sephora collection,matte perfection full coverage foundation,bronze,35,67.05882352941181,#d29e84,35.0,35,111,70.0,Médio / Medium
1500,sephora collection,clean glowing skin foundation,,35,48.2352941176471,#9b705b,35.0,35,109,50.0,Escuro / Dark
1501,natasha denona,foundation x+,,35r,77.84313725490199,#ddc2b0,35.0,35r,95,68.0,Claro / Light
1502,sephora collection,best skin ever liquid foundation,n,35,60.98039215686279,#d09667,35.0,35,108,69.0,Médio / Medium
1503,it cosmetics,your skin but better foundation + skincare,medium cool,36,67.843137254902,#d3a187,36.0,36,54,75.0,Médio / Medium
1504,kvd vegan beauty,true portrait medium coverage shake foundation,medium,036,64.11764705882351,#d2a275,36.0,036,63,57.0,Médio / Medium
1505,pacifica,alight clean foundation,cool light,36cl,81.7647058823529,#f5c9ac,36.0,36cl,100,29.0,Claro / Light
1506,catrice,hd liquid coverage foundation,hazelnut beige,036,62.9411764705882,#c9a478,36.0,036,21,59.0,Médio / Medium
1507,sephora collection,10 hour wear perfection foundation,ambre,36,54.901960784313694,#b38665,36.0,36,107,66.0,Médio / Medium
1508,sephora collection,matte perfection powder foundation,golden fawn,36,66.07843137254899,#c7a38a,36.0,36,112,60.0,Médio / Medium
1509,pat mcgrath labs,sublime perfection foundation,deep,36,22.9411764705882,#513624,36.0,36,99,37.0,Retinto / Deep
1510,pacifica,alight clean foundation,warm light,37wl,78.4313725490196,#ecc8a4,37.0,37wl,100,29.0,Claro / Light
1511,catrice,hd liquid coverage foundation,golden beige,037,60.98039215686279,#cb9d6c,37.0,037,21,59.0,Médio / Medium
1512,sephora collection,clean glowing skin foundation,,37,48.0392156862745,#956f60,37.0,37,109,50.0,Escuro / Dark
1513,pacifica,alight clean foundation,neutral fair,38nf,79.0196078431373,#eccaa7,38.0,38nf,100,29.0,Claro / Light
1514,clinique,beyond perfecting foundation + concealer,sesame,wn 38,72.3529411764706,#e3b28e,38.0,wn 38,27,,Médio / Medium
1515,clinique,even better glow light reflecting makeup broad spectrum spf 15,stone,wn 38,70.0,#e2b183,38.0,wn 38,29,,Médio / Medium
1516,catrice,hd liquid coverage foundation,honey beige,038,60.392156862745104,#c7986d,38.0,038,21,59.0,Médio / Medium
1517,sephora collection,10 hour wear perfection foundation,chai,38,55.0980392156863,#b37a66,38.0,38,107,66.0,Médio / Medium
1518,sephora collection,matte perfection powder foundation,neutral tan,38,59.6078431372549,#b48f7c,38.0,38,112,60.0,Médio / Medium
1519,sephora collection,best skin ever liquid foundation,p,38,57.2549019607843,#c48b60,38.0,38,108,69.0,Médio / Medium
1520,it cosmetics,your skin but better foundation + skincare,tan neutral,39,59.6078431372549,#c1936f,39.0,39,54,75.0,Médio / Medium
1521,kvd vegan beauty,true portrait medium coverage shake foundation,medium,039,62.3529411764706,#d1966d,39.0,039,63,57.0,Médio / Medium
1522,pacifica,alight clean foundation,cool fair,39cf,84.5098039215686,#f9d8b6,39.0,39cf,100,29.0,Claro / Light
1523,catrice,hd liquid coverage foundation,warm driftwood,039,66.8627450980392,#d7a67e,39.0,039,21,59.0,Médio / Medium
1524,sephora collection,clean glowing skin foundation,,39,38.2352941176471,#76564d,39.0,39,109,50.0,Escuro / Dark
1525,it cosmetics,your skin but better foundation + skincare,tan cool,40,61.3725490196078,#cd996c,40.0,40,54,75.0,Médio / Medium
1526,urban decay cosmetics,hydromaniac glowy tinted hydrator foundation,,40,67.05882352941181,#dca27a,40.0,40,127,76.0,Médio / Medium
1527,pacifica,alight clean foundation,neutral fair,40nf,91.1764705882353,#fde9d4,40.0,40nf,100,29.0,Claro / Light
1528,clinique,superbalanced makeup,cream chamois,40,97.2549019607843,#f9f8f7,40.0,40,32,,Claro / Light
1529,clinique,stay matte oil-free makeup,cream chamois,cn 40,72.15686274509801,#deb192,40.0,cn 40,31,,Médio / Medium
1530,clinique,beyond perfecting foundation + concealer,cream chamois,cn 40,72.15686274509801,#deb192,40.0,cn 40,27,,Médio / Medium
1531,clinique,even better glow light reflecting makeup broad spectrum spf 15,cream chamois,cn 40,67.2549019607843,#d7a580,40.0,cn 40,29,,Médio / Medium
1532,florence by mills,like a light skin tint,,l040,67.6470588235294,#daa47f,40.0,l040,143,77.0,Médio / Medium
1533,colourpop,pretty fresh foundation,light,40n,79.2156862745098,#e4c3b0,40.0,40n,33,65.0,Claro / Light
1534,zoeva,authentik skin natural luminous foundation,artist,040w,78.2352941176471,#eac8a5,40.0,040w,128,78.0,Claro / Light
1535,catrice,hd liquid coverage foundation,warm beige,040,77.4509803921569,#e0c0ab,40.0,040,21,59.0,Claro / Light
1536,essence,pretty natural hydrating foundation,neutral vanilla,40,64.3137254901961,#d3a275,40.0,40,42,79.0,Médio / Medium
1537,sephora collection,10 hour wear perfection foundation,honey bronze,40,53.3333333333333,#ae8162,40.0,40,107,66.0,Médio / Medium
1538,sephora collection,matte perfection powder foundation,peach tan,40,63.1372549019608,#c3977f,40.0,40,112,60.0,Médio / Medium
1539,sephora collection,microsmooth baked powder foundation,tan sephora quality way-nice price,40,59.0196078431373,#c38f6a,40.0,40,114,72.0,Médio / Medium
1540,natasha denona,transformatte pore vanishing matte foundation,,40n,80.7843137254902,#eac7b2,40.0,40n,96,67.0,Claro / Light
1541,dior,diorskin forever undercover foundation,honey beige,040,73.3333333333333,#f1ab85,40.0,040,37,73.0,Médio / Medium
1542,dior,diorskin forever perfect matte powder foundation,honey beige,040,71.17647058823529,#d7a894,40.0,040,36,81.0,Médio / Medium
1543,bite beauty,changemaker supercharged micellar foundation,,l40,71.17647058823529,#dca98f,40.0,l40,18,82.0,Médio / Medium
1544,natasha denona,foundation x+,nlight medium,40,79.8039215686275,#e8caaf,40.0,40,95,68.0,Claro / Light
1545,natasha denona,face glow foundation,lmn,40,66.6666666666667,#c8a58c,40.0,40,94,84.0,Médio / Medium
1546,it cosmetics,your skin but better foundation + skincare,tan warm,41,61.1764705882353,#d09868,41.0,41,54,75.0,Médio / Medium
1547,urban decay cosmetics,hydromaniac glowy tinted hydrator foundation,,41,59.8039215686274,#c5936c,41.0,41,127,76.0,Médio / Medium
1548,natasha denona,transformatte pore vanishing matte foundation,,41wy,82.54901960784309,#f0d1b5,41.0,41wy,96,67.0,Claro / Light
1549,dior,diorskin forever undercover foundation,ochre,041,70.1960784313725,#eea878,41.0,041,37,73.0,Médio / Medium
1550,la mer,the luminous lifting cushion foundation spf 20 + refill,soft cameo,41,60.98039215686279,#bf9878,41.0,41,68,47.0,Médio / Medium
1551,natasha denona,foundation x+,ylight medium,41,77.84313725490199,#e4c7a9,41.0,41,95,68.0,Claro / Light
1552,it cosmetics,your skin but better foundation + skincare,tan neutral,42,59.6078431372549,#d3965d,42.0,42,54,75.0,Médio / Medium
1553,kvd vegan beauty,true portrait medium coverage shake foundation,medium,042,61.568627450980394,#cf986b,42.0,042,63,57.0,Médio / Medium
1554,clinique,superbalanced makeup,neutral,42,76.078431372549,#efad95,42.0,42,32,,Claro / Light
1555,sephora collection,matte perfection powder foundation,warm tan,42,58.23529411764709,#b48c75,42.0,42,112,60.0,Médio / Medium
1556,natasha denona,transformatte pore vanishing matte foundation,,42ny,79.4117647058823,#eacaab,42.0,42ny,96,67.0,Claro / Light
1557,natasha denona,foundation x+,wymedium,42,78.82352941176471,#e3c9af,42.0,42,95,68.0,Claro / Light
1558,natasha denona,face glow foundation,my,42,67.05882352941181,#cfae87,42.0,42,94,84.0,Médio / Medium
1559,it cosmetics,your skin but better foundation + skincare,tan warm,42.5,53.3333333333333,#b6855a,42.5,42.5,54,75.0,Médio / Medium
1560,it cosmetics,your skin but better foundation + skincare,tan warm,43,50.9803921568627,#b47e50,43.0,43,54,75.0,Médio / Medium
1561,clinique,superbalanced makeup,nude beige,43,97.64705882352939,#f9f9f9,43.0,43,32,,Claro / Light
1562,la mer,the luminous lifting cushion foundation spf 20 + refill,beige nude,43,67.6470588235294,#d0a589,43.0,43,68,47.0,Médio / Medium
1563,it cosmetics,your skin but better foundation + skincare,tan warm,44,48.823529411764696,#b87241,44.0,44,54,75.0,Escuro / Dark
1564,tarte,travel size babassu foundcealer skincare foundation broad spectrum spf 20,tan sand,44s,60.392156862745104,#d49860,44.0,44s,124,86.0,Médio / Medium
1565,sephora collection,10 hour wear perfection foundation,praline,44,52.54901960784309,#a97e63,44.0,44,107,66.0,Médio / Medium
1566,sephora collection,matte perfection powder foundation,neutral almond,44,64.3137254901961,#c59d83,44.0,44,112,60.0,Médio / Medium
1567,sephora collection,best skin ever liquid foundation,y,44,57.6470588235294,#c88e5e,44.0,44,108,69.0,Médio / Medium
1568,kvd vegan beauty,true portrait medium coverage shake foundation,medium,045,63.3333333333333,#cf9b74,45.0,045,63,57.0,Médio / Medium
1569,colourpop,pretty fresh foundation,light,45w,78.82352941176471,#e0c9b2,45.0,45w,33,65.0,Claro / Light
1570,sephora collection,10 hour wear perfection foundation,tan café latte,45,47.6470588235294,#a56e4e,45.0,45,107,66.0,Escuro / Dark
1571,natasha denona,transformatte pore vanishing matte foundation,,45n,77.84313725490199,#e8caa5,45.0,45n,96,67.0,Claro / Light
1572,lancôme,skin feels good skin nourishing foundation,,045w,68.0392156862745,#dca77f,45.0,045w,73,44.0,Médio / Medium
1573,dior,diorskin forever undercover foundation,hazel beige,045,66.2745098039216,#e29870,45.0,045,37,73.0,Médio / Medium
1574,bite beauty,changemaker supercharged micellar foundation,,l45,76.078431372549,#e9b29b,45.0,l45,18,82.0,Claro / Light
1575,natasha denona,foundation x+,nmedium,45,78.2352941176471,#dcc1b3,45.0,45,95,68.0,Claro / Light
1576,natasha denona,face glow foundation,mn,45,68.2352941176471,#cba991,45.0,45,94,84.0,Médio / Medium
1577,sephora collection,best skin ever liquid foundation,p,45,56.470588235294095,#c5885b,45.0,45,108,69.0,Médio / Medium
1578,catrice,true skin hydrating foundation,neutral toffee,046,54.1176470588235,#c07a54,46.0,046,22,58.0,Médio / Medium
1579,clinique,stay matte oil-free makeup,golden neutral,wn 46,70.3921568627451,#e2b185,46.0,wn 46,31,,Médio / Medium
1580,clinique,beyond perfecting foundation + concealer,golden neutral,wn 46,70.3921568627451,#e2b185,46.0,wn 46,27,,Médio / Medium
1581,catrice,hd liquid coverage foundation,caramel beige,046,54.7058823529412,#b68b61,46.0,046,21,59.0,Médio / Medium
1582,sephora collection,10 hour wear perfection foundation,pecan,46,51.7647058823529,#a57e63,46.0,46,107,66.0,Médio / Medium
1583,sephora collection,matte perfection powder foundation,almond peach,46,63.725490196078404,#c6987f,46.0,46,112,60.0,Médio / Medium
1584,tarte,travel size face tape foundation,tan deep sand,47s,58.23529411764709,#c48a65,47.0,47s,125,85.0,Médio / Medium
1585,sephora collection,matte perfection full coverage foundation,cappuccino,47,58.4313725490196,#bb826f,47.0,47,111,70.0,Médio / Medium
1586,kvd vegan beauty,true portrait medium coverage shake foundation,medium,048,63.725490196078404,#ca9c7b,48.0,048,63,57.0,Médio / Medium
1587,clinique,beyond perfecting foundation + concealer,oat,wn 48,67.45098039215691,#dca27c,48.0,wn 48,27,,Médio / Medium
1588,catrice,hd liquid coverage foundation,desert beige,048,51.960784313725505,#b18258,48.0,048,21,59.0,Médio / Medium
1589,sephora collection,matte perfection powder foundation,golden almond,48,57.2549019607843,#b48770,48.0,48,112,60.0,Médio / Medium
1590,sephora collection,matte perfection full coverage foundation,mocha,48,52.156862745097996,#aa7460,48.0,48,111,70.0,Médio / Medium
1591,natasha denona,foundation x+,wmedium,48,71.3725490196078,#d0b09c,48.0,48,95,68.0,Médio / Medium
1592,it cosmetics,your skin but better foundation + skincare,rich cool,50,49.2156862745098,#aa7451,50.0,50,54,75.0,Escuro / Dark
1593,urban decay cosmetics,hydromaniac glowy tinted hydrator foundation,,50,60.0,#cc9b66,50.0,50,127,76.0,Médio / Medium
1594,florence by mills,like a light skin tint,,lm050,65.6862745098039,#d2a07d,50.0,lm050,143,77.0,Médio / Medium
1595,colourpop,pretty fresh foundation,light,50w,78.4313725490196,#e6c7aa,50.0,50w,33,65.0,Claro / Light
1596,zoeva,authentik skin natural luminous foundation,beautiful,050n,75.0980392156863,#e1be9e,50.0,050n,128,78.0,Claro / Light
1597,essence,pretty natural hydrating foundation,neutral champagne,50,62.7450980392157,#cd9b73,50.0,50,42,79.0,Médio / Medium
1598,sephora collection,10 hour wear perfection foundation,deep mocha,50,47.2549019607843,#a6744b,50.0,50,107,66.0,Escuro / Dark
1599,sephora collection,matte perfection powder foundation,neutral amber,50,57.6470588235294,#b58771,50.0,50,112,60.0,Médio / Medium
1600,natasha denona,transformatte pore vanishing matte foundation,,50wn,66.4705882352941,#dba778,50.0,50wn,96,67.0,Médio / Medium
1601,dior,diorskin forever undercover foundation,dark beige,050,60.98039215686279,#d78660,50.0,050,37,73.0,Médio / Medium
1602,josie maran,vibrancy argan oil foundation fluid,juicy,rg50,70.9803921568627,#cbae9f,50.0,rg50,55,74.0,Médio / Medium
1603,natasha denona,foundation x+,wnwarm,50,78.4313725490196,#e4c2ac,50.0,50,95,68.0,Claro / Light
1604,shiseido,sports bb spf 50+,shiseido sports bb spf,50,79.2156862745098,#f4c9a0,50.0,50,116,,Claro / Light
1605,natasha denona,face glow foundation,mw,50,64.3137254901961,#c5a683,50.0,50,94,84.0,Médio / Medium
1606,sephora collection,best skin ever liquid foundation,n,50,60.0,#ca9368,50.0,50,108,69.0,Médio / Medium
1607,it cosmetics,your skin but better foundation + skincare,rich warm,51,41.960784313725505,#9e6338,51.0,51,54,75.0,Escuro / Dark
1608,kvd vegan beauty,true portrait medium coverage shake foundation,medium,051,62.7450980392157,#d19d6f,51.0,051,63,57.0,Médio / Medium
1609,urban decay cosmetics,hydromaniac glowy tinted hydrator foundation,,51,59.0196078431373,#cb9262,51.0,51,127,76.0,Médio / Medium
1610,dior,diorskin forever undercover foundation,praline,051,59.4117647058824,#d18c5e,51.0,051,37,73.0,Médio / Medium
1611,it cosmetics,your skin but better foundation + skincare,rich neutral,51.25,46.078431372549,#9e6e4d,51.25,51.25,54,75.0,Escuro / Dark
1612,it cosmetics,your skin but better foundation + skincare,rich warm,51.5,41.1764705882353,#996239,51.5,51.5,54,75.0,Escuro / Dark
1613,it cosmetics,your skin but better foundation + skincare,rich cool,51.75,43.137254901960794,#9a6542,51.75,51.75,54,75.0,Escuro / Dark
1614,it cosmetics,your skin but better foundation + skincare,rich warm,52,36.2745098039216,#8e512b,52.0,52,54,75.0,Escuro / Dark
1615,tarte,travel size babassu foundcealer skincare foundation broad spectrum spf 20,deep neutral,52n,37.254901960784295,#8b5333,52.0,52n,124,86.0,Escuro / Dark
1616,clinique,stay matte oil-free makeup,neutral,cn 52,69.6078431372549,#ddab86,52.0,cn 52,31,,Médio / Medium
1617,clinique,beyond perfecting foundation + concealer,neutral,cn 52,69.6078431372549,#ddab86,52.0,cn 52,27,,Médio / Medium
1618,clinique,even better glow light reflecting makeup broad spectrum spf 15,neutral,cn 52,71.9607843137255,#e6ae89,52.0,cn 52,29,,Médio / Medium
1619,sephora collection,matte perfection powder foundation,cool amber,52,55.490196078431396,#b1826a,52.0,52,112,60.0,Médio / Medium
1620,la mer,the luminous lifting cushion foundation spf 20 + refill,warm honey,52,54.901960784313694,#aa816e,52.0,52,68,47.0,Médio / Medium
1621,it cosmetics,your skin but better foundation + skincare,rich neutral,53,41.5686274509804,#945e40,53.0,53,54,75.0,Escuro / Dark
1622,tarte,travel size face tape foundation,deep golden,53g,47.843137254902004,#af7245,53.0,53g,125,85.0,Escuro / Dark
1623,sephora collection,matte perfection full coverage foundation,dark caramel,53,51.176470588235304,#a96a5c,53.0,53,111,70.0,Médio / Medium
1624,sephora collection,10 hour wear perfection foundation,macchiato,53.5,53.921568627451,#ab7d68,53.5,53.5,107,66.0,Médio / Medium
1625,sephora collection,best skin ever liquid foundation,n,53.5,56.6666666666667,#c08d61,53.5,53.5,108,69.0,Médio / Medium
1626,kvd vegan beauty,true portrait medium coverage shake foundation,medium,054,60.0,#c8996a,54.0,054,63,57.0,Médio / Medium
1627,clinique,beyond perfecting foundation + concealer,honey wheat,wn 54,65.2941176470588,#d9a374,54.0,wn 54,27,,Médio / Medium
1628,clinique,even better glow light reflecting makeup broad spectrum spf 15,honey wheat,wn 54,61.7647058823529,#d59566,54.0,wn 54,29,,Médio / Medium
1629,sephora collection,matte perfection powder foundation,warm amber,54,57.2549019607843,#b48770,54.0,54,112,60.0,Médio / Medium
1630,sephora collection,matte perfection full coverage foundation,truffle,54,51.5686274509804,#a36e64,54.0,54,111,70.0,Médio / Medium
1631,colourpop,pretty fresh foundation,light,55n,78.2352941176471,#e2c2ad,55.0,55n,33,65.0,Claro / Light
1632,catrice,hd liquid coverage foundation,warm bamboo,055,58.823529411764696,#c1956b,55.0,055,21,59.0,Médio / Medium
1633,sephora collection,10 hour wear perfection foundation,deep cocoa,55,39.6078431372549,#896041,55.0,55,107,66.0,Escuro / Dark
1634,natasha denona,transformatte pore vanishing matte foundation,,55wr,80.1960784313726,#f6c6a3,55.0,55wr,96,67.0,Claro / Light
1635,bite beauty,changemaker supercharged micellar foundation,,m55,74.7058823529412,#e4b399,55.0,m55,18,82.0,Médio / Medium
1636,natasha denona,foundation x+,,55wr,72.3529411764706,#e1b390,55.0,55wr,95,68.0,Médio / Medium
1637,sephora collection,best skin ever liquid foundation,n,55,59.0196078431373,#c99064,55.0,55,108,69.0,Médio / Medium
1638,sephora collection,10 hour wear perfection foundation,milk chocolate,56,47.2549019607843,#9a7057,56.0,56,107,66.0,Escuro / Dark
1639,sephora collection,matte perfection powder foundation,neutral toffee,56,56.470588235294095,#b3836d,56.0,56,112,60.0,Médio / Medium
1640,sephora collection,microsmooth baked powder foundation,mahogany sephora quality way-nice price,56,63.1372549019608,#cb9977,56.0,56,114,72.0,Médio / Medium
1641,sephora collection,10 hour wear perfection foundation,tea,56.5,53.529411764705905,#aa7767,56.5,56.5,107,66.0,Médio / Medium
1642,sephora collection,best skin ever liquid foundation,p,56.5,39.6078431372549,#8a6140,56.5,56.5,108,69.0,Escuro / Dark
1643,kvd vegan beauty,true portrait medium coverage shake foundation,tan,057,56.6666666666667,#c18f60,57.0,057,63,57.0,Médio / Medium
1644,sephora collection,10 hour wear perfection foundation,deep chocolate,57,43.137254901960794,#92694a,57.0,57,107,66.0,Escuro / Dark
1645,sephora collection,best skin ever liquid foundation,y,57,47.843137254902004,#b07344,57.0,57,108,69.0,Escuro / Dark
1646,it cosmetics,your skin but better foundation + skincare,deep neutral,58,35.6862745098039,#7c4e3a,58.0,58,54,75.0,Escuro / Dark
1647,clinique,stay matte oil-free makeup,honey,cn 58,66.6666666666667,#dba879,58.0,cn 58,31,,Médio / Medium
1648,clinique,beyond perfecting foundation + concealer,honey,cn 58,66.6666666666667,#dba879,58.0,cn 58,27,,Médio / Medium
1649,clinique,even better glow light reflecting makeup broad spectrum spf 15,honey,cn 58,64.3137254901961,#d99f6f,58.0,cn 58,29,,Médio / Medium
1650,sephora collection,10 hour wear perfection foundation,dark chocolate,58,46.078431372549,#906d5b,58.0,58,107,66.0,Escuro / Dark
1651,sephora collection,matte perfection powder foundation,toffee peach,58,55.88235294117651,#b58168,58.0,58,112,60.0,Médio / Medium
1652,natasha denona,transformatte pore vanishing matte foundation,,58y,68.6274509803922,#dcac82,58.0,58y,96,67.0,Médio / Medium
1653,natasha denona,foundation x+,,58y,69.0196078431373,#e6b47a,58.0,58y,95,68.0,Médio / Medium
1654,it cosmetics,your skin but better foundation + skincare,deep cool,59,37.6470588235294,#895337,59.0,59,54,75.0,Escuro / Dark
1655,sephora collection,10 hour wear perfection foundation,mahogany,59,50.3921568627451,#a26f5f,59.0,59,107,66.0,Médio / Medium
1656,sephora collection,matte perfection full coverage foundation,ebony,59,50.78431372549021,#99736a,59.0,59,111,70.0,Médio / Medium
1657,sephora collection,best skin ever liquid foundation,n,59,42.7450980392157,#966844,59.0,59,108,69.0,Escuro / Dark
1658,it cosmetics,your skin but better foundation + skincare,deep warm,60,30.784313725490197,#73492a,60.0,60,54,75.0,Escuro / Dark
1659,kvd vegan beauty,true portrait medium coverage shake foundation,tan,060,53.3333333333333,#b88558,60.0,060,63,57.0,Médio / Medium
1660,urban decay cosmetics,hydromaniac glowy tinted hydrator foundation,,60,52.9411764705882,#bf814f,60.0,60,127,76.0,Médio / Medium
1661,florence by mills,like a light skin tint,,lm060,66.8627450980392,#d6a17f,60.0,lm060,143,77.0,Médio / Medium
1662,colourpop,pretty fresh foundation,light,60n,74.7058823529412,#d7b9a6,60.0,60n,33,65.0,Médio / Medium
1663,zoeva,authentik skin natural luminous foundation,brave,060n,75.49019607843141,#e7bd9a,60.0,060n,128,78.0,Claro / Light
1664,catrice,hd liquid coverage foundation,latte macchiato beige,060,48.2352941176471,#a67950,60.0,060,21,59.0,Escuro / Dark
1665,sephora collection,matte perfection powder foundation,warm toffee,60,55.294117647058805,#af846b,60.0,60,112,60.0,Médio / Medium
1666,sephora collection,microsmooth baked powder foundation,deep ebony sephora quality way-nice price,60,46.6666666666667,#9e6d50,60.0,60,114,72.0,Escuro / Dark
1667,natasha denona,transformatte pore vanishing matte foundation,,60wy,80.1960784313726,#ecccad,60.0,60wy,96,67.0,Claro / Light
1668,dior,diorskin forever undercover foundation,light mocha,060,45.6862745098039,#ad603c,60.0,060,37,73.0,Escuro / Dark
1669,bite beauty,changemaker supercharged micellar foundation,,m60,76.2745098039216,#ebb29a,60.0,m60,18,82.0,Claro / Light
1670,natasha denona,foundation x+,wymedium,60,73.3333333333333,#e0b196,60.0,60,95,68.0,Médio / Medium
1671,it cosmetics,your skin but better foundation + skincare,deep neutral,61,27.4509803921569,#6a3c22,61.0,61,54,75.0,Retinto / Deep
1672,sephora collection,10 hour wear perfection foundation,dark chocolate,61,49.4117647058824,#9b6b61,61.0,61,107,66.0,Escuro / Dark
1673,sephora collection,best skin ever liquid foundation,p,61,45.4901960784314,#9f6c49,61.0,61,108,69.0,Escuro / Dark
1674,it cosmetics,your skin but better foundation + skincare,deep cool,62,26.078431372548998,#603725,62.0,62,54,75.0,Retinto / Deep
1675,clinique,superbalanced makeup,porcelain beige,62,97.843137254902,#fafaf9,62.0,62,32,,Claro / Light
1676,sephora collection,matte perfection powder foundation,toffee spice,62,53.921568627451,#ad7d66,62.0,62,112,60.0,Médio / Medium
1677,it cosmetics,your skin but better foundation + skincare,deep cool,63,31.3725490196078,#673f39,63.0,63,54,75.0,Escuro / Dark
1678,kvd vegan beauty,true portrait medium coverage shake foundation,tan,063,51.7647058823529,#b27e56,63.0,063,63,57.0,Médio / Medium
1679,sephora collection,10 hour wear perfection foundation,sienna,63,47.6470588235294,#926761,63.0,63,107,66.0,Escuro / Dark
1680,sephora collection,best skin ever liquid foundation,p,63,40.9803921568627,#896448,63.0,63,108,69.0,Escuro / Dark
1681,it cosmetics,your skin but better foundation + skincare,deep cool,64,33.3333333333333,#644846,64.0,64,54,75.0,Escuro / Dark
1682,sephora collection,matte perfection powder foundation,neutral mocha,64,50.0,#9e7461,64.0,64,112,60.0,Escuro / Dark
1683,sephora collection,matte perfection full coverage foundation,coffee,64,50.9803921568627,#98736c,64.0,64,111,70.0,Médio / Medium
1684,catrice,hd liquid coverage foundation,bronze beige,065,46.4705882352941,#a47349,65.0,065,21,59.0,Escuro / Dark
1685,sephora collection,10 hour wear perfection foundation,deep dark ebony,65,30.784313725490197,#6a4733,65.0,65,107,66.0,Escuro / Dark
1686,bite beauty,changemaker supercharged micellar foundation,,m65,75.2941176470588,#e8b298,65.0,m65,18,82.0,Claro / Light
1687,natasha denona,face glow foundation,md,65,35.8823529411765,#7d543a,65.0,65,94,84.0,Escuro / Dark
1688,sephora collection,best skin ever liquid foundation,n,65,36.4705882352941,#805c3a,65.0,65,108,69.0,Escuro / Dark
1689,sephora collection,10 hour wear perfection foundation,chestnut,65.5,45.0980392156863,#87625f,65.5,65.5,107,66.0,Escuro / Dark
1690,sephora collection,best skin ever liquid foundation,p,65.5,32.5490196078431,#715035,65.5,65.5,108,69.0,Escuro / Dark
1691,kvd vegan beauty,true portrait medium coverage shake foundation,tan,066,49.2156862745098,#ad7a4e,66.0,066,63,57.0,Escuro / Dark
1692,sephora collection,10 hour wear perfection foundation,sandalwood,66,36.6666666666667,#745947,66.0,66,107,66.0,Escuro / Dark
1693,sephora collection,matte perfection powder foundation,mocha spice,66,47.843137254902004,#96705e,66.0,66,112,60.0,Escuro / Dark
1694,sephora collection,10 hour wear perfection foundation,light espresso,66.5,45.6862745098039,#8d665c,66.5,66.5,107,66.0,Escuro / Dark
1695,sephora collection,best skin ever liquid foundation,n,66.5,39.8039215686274,#866645,66.5,66.5,108,69.0,Escuro / Dark
1696,sephora collection,10 hour wear perfection foundation,expresso,67,36.2745098039216,#725647,67.0,67,107,66.0,Escuro / Dark
1697,sephora collection,best skin ever liquid foundation,p,67,35.2941176470588,#7b5739,67.0,67,108,69.0,Escuro / Dark
1698,kvd vegan beauty,true portrait medium coverage shake foundation,tan,068,47.6470588235294,#a8714b,68.0,068,63,57.0,Escuro / Dark
1699,clinique,even better glow light reflecting makeup broad spectrum spf 15,brulee,wn 68,57.2549019607843,#cb8f59,68.0,wn 68,29,,Médio / Medium
1700,sephora collection,10 hour wear perfection foundation,brownie,68,41.960784313725505,#7b5e5b,68.0,68,107,66.0,Escuro / Dark
1701,sephora collection,matte perfection powder foundation,deep mocha,68,48.6274509803922,#967262,68.0,68,112,60.0,Escuro / Dark
1702,sephora collection,best skin ever liquid foundation,n,68,35.6862745098039,#7a5a3c,68.0,68,108,69.0,Escuro / Dark
1703,kvd vegan beauty,true portrait medium coverage shake foundation,tan,070,46.274509803921596,#a46748,70.0,070,63,57.0,Escuro / Dark
1704,urban decay cosmetics,hydromaniac glowy tinted hydrator foundation,,70,43.5294117647059,#a4643a,70.0,70,127,76.0,Escuro / Dark
1705,clinique,superbalanced makeup,vanilla,70,97.64705882352939,#f9f9f9,70.0,70,32,,Claro / Light
1706,clinique,stay matte oil-free makeup,vanilla,cn 70,67.45098039215691,#d6a682,70.0,cn 70,31,,Médio / Medium
1707,clinique,beyond perfecting foundation + concealer,vanilla,cn 70,67.45098039215691,#d6a682,70.0,cn 70,27,,Médio / Medium
1708,clinique,even better glow light reflecting makeup broad spectrum spf 15,vanilla,cn 70,68.4313725490196,#d9a784,70.0,cn 70,29,,Médio / Medium
1709,florence by mills,like a light skin tint,,lm070,64.7058823529412,#d19a79,70.0,lm070,143,77.0,Médio / Medium
1710,colourpop,pretty fresh foundation,light,70w,73.1372549019608,#d8b99d,70.0,70w,33,65.0,Médio / Medium
1711,zoeva,authentik skin natural luminous foundation,bright,070n,73.921568627451,#e8ba91,70.0,070n,128,78.0,Médio / Medium
1712,catrice,hd liquid coverage foundation,toffee beige,070,44.509803921568604,#a36d40,70.0,070,21,59.0,Escuro / Dark
1713,essence,pretty natural hydrating foundation,warm cashew,70,60.588235294117595,#ca986b,70.0,70,42,79.0,Médio / Medium
1714,sephora collection,matte perfection powder foundation,mocha java,70,47.0588235294118,#8e6f62,70.0,70,112,60.0,Escuro / Dark
1715,natasha denona,transformatte pore vanishing matte foundation,,70wn,65.2941176470588,#c89f85,70.0,70wn,96,67.0,Médio / Medium
1716,dior,diorskin forever undercover foundation,dark brown,070,41.3725490196078,#98583b,70.0,070,37,73.0,Escuro / Dark
1717,bite beauty,changemaker supercharged micellar foundation,,m70,73.5294117647059,#e3b094,70.0,m70,18,82.0,Médio / Medium
1718,natasha denona,foundation x+,wnmedium,70,69.2156862745098,#deab83,70.0,70,95,68.0,Médio / Medium
1719,kvd vegan beauty,true portrait medium coverage shake foundation,tan,072,42.156862745098,#946243,72.0,072,63,57.0,Escuro / Dark
1720,clinique,superbalanced makeup,sunny,72,97.64705882352939,#f9f9f9,72.0,72,32,,Claro / Light
1721,kvd vegan beauty,true portrait medium coverage shake foundation,tan,074,39.0196078431373,#8a603d,74.0,074,63,57.0,Escuro / Dark
1722,clinique,stay matte oil-free makeup,beige,cn 74,63.3333333333333,#d09b73,74.0,cn 74,31,,Médio / Medium
1723,clinique,beyond perfecting foundation + concealer,beige,cn 74,63.3333333333333,#d09b73,74.0,cn 74,27,,Médio / Medium
1724,clinique,even better glow light reflecting makeup broad spectrum spf 15,beige,cn 74,57.843137254902,#c48a63,74.0,cn 74,29,,Médio / Medium
1725,natasha denona,transformatte pore vanishing matte foundation,,75y,65.6862745098039,#e3a66c,75.0,75y,96,67.0,Médio / Medium
1726,bite beauty,changemaker supercharged micellar foundation,,m75,74.3137254901961,#e8b193,75.0,m75,18,82.0,Médio / Medium
1727,josie maran,vibrancy argan oil foundation fluid,reverent,rg75,54.1176470588235,#a97f6b,75.0,rg75,55,74.0,Médio / Medium
1728,natasha denona,foundation x+,y dark,75,67.6470588235294,#daa67f,75.0,75,95,68.0,Médio / Medium
1729,natasha denona,face glow foundation,mdy,75,48.823529411764696,#a07e59,75.0,75,94,84.0,Escuro / Dark
1730,kvd vegan beauty,true portrait medium coverage shake foundation,tan,076,36.4705882352941,#7f573b,76.0,076,63,57.0,Escuro / Dark
1731,clinique,beyond perfecting foundation + concealer,toasted wheat,wn 76,56.862745098039206,#c38b5f,76.0,wn 76,27,,Médio / Medium
1732,clinique,even better glow light reflecting makeup broad spectrum spf 15,toasted wheat,wn 76,62.9411764705882,#d39d6e,76.0,wn 76,29,,Médio / Medium
1733,kvd vegan beauty,true portrait medium coverage shake foundation,tan,078,34.9019607843137,#77533b,78.0,078,63,57.0,Escuro / Dark
1734,clinique,beyond perfecting foundation + concealer,nutty,cn 78,60.588235294117595,#ce9467,78.0,cn 78,27,,Médio / Medium
1735,kvd vegan beauty,true portrait medium coverage shake foundation,deep,080,32.9411764705882,#734b35,80.0,080,63,57.0,Escuro / Dark
1736,urban decay cosmetics,hydromaniac glowy tinted hydrator foundation,,80,32.9411764705882,#804d28,80.0,80,127,76.0,Escuro / Dark
1737,catrice,true skin hydrating foundation,neutral pecan,080,38.6274509803922,#935332,80.0,080,22,58.0,Escuro / Dark
1738,florence by mills,like a light skin tint,,m080,64.5098039215686,#ca9b7f,80.0,m080,143,77.0,Médio / Medium
1739,colourpop,pretty fresh foundation,medium,80w,70.3921568627451,#d7b490,80.0,80w,33,65.0,Médio / Medium
1740,zoeva,authentik skin natural luminous foundation,brilliant,080w,74.9019607843137,#e7ba97,80.0,080w,128,78.0,Médio / Medium
1741,catrice,hd liquid coverage foundation,caramel beige,080,43.7254901960784,#996846,80.0,080,21,59.0,Escuro / Dark
1742,essence,pretty natural hydrating foundation,cool chai,80,60.0,#c8956a,80.0,80,42,79.0,Médio / Medium
1743,dior,diorskin forever undercover foundation,ebony,080,36.078431372549005,#814d37,80.0,080,37,73.0,Escuro / Dark
1744,bite beauty,changemaker supercharged micellar foundation,,m80,70.9803921568627,#dca88e,80.0,m80,18,82.0,Médio / Medium
1745,josie maran,vibrancy argan oil foundation fluid,magical,rg80,49.607843137254896,#9e715f,80.0,rg80,55,74.0,Escuro / Dark
1746,natasha denona,face glow foundation,dr,80,54.5098039215686,#9f8977,80.0,80,94,84.0,Médio / Medium
1747,urban decay cosmetics,hydromaniac glowy tinted hydrator foundation,,81,30.5882352941176,#6c4530,81.0,81,127,76.0,Escuro / Dark
1748,kvd vegan beauty,true portrait medium coverage shake foundation,deep,082,32.5490196078431,#6d4a39,82.0,082,63,57.0,Escuro / Dark
1749,natasha denona,transformatte pore vanishing matte foundation,,82w,67.05882352941181,#cdab89,82.0,82w,96,67.0,Médio / Medium
1750,natasha denona,foundation x+,,82w,65.8823529411765,#d0a580,82.0,82w,95,68.0,Médio / Medium
1751,colourpop,pretty fresh foundation,medium,83c,74.50980392156859,#d9b6a3,83.0,83c,33,65.0,Médio / Medium
1752,kvd vegan beauty,true portrait medium coverage shake foundation,deep,084,29.8039215686275,#644634,84.0,084,63,57.0,Retinto / Deep
1753,marc jacobs beauty,re(marc)able full cover foundation concentrate,cocoa medium,84,37.843137254902,#95532c,84.0,84,88,87.0,Escuro / Dark
1754,lancôme,teint idole ultra wear 24h long wear foundation,ivoire n,085,93.7254901960784,#f6efe8,85.0,085,75,88.0,Claro / Light
1755,colourpop,pretty fresh foundation,medium,85n,71.7647058823529,#d4af9a,85.0,85n,33,65.0,Médio / Medium
1756,catrice,hd liquid coverage foundation,chestnut beige,085,33.1372549019608,#784b31,85.0,085,21,59.0,Escuro / Dark
1757,natasha denona,transformatte pore vanishing matte foundation,,85wn,63.725490196078404,#d2a173,85.0,85wn,96,67.0,Médio / Medium
1758,bite beauty,changemaker supercharged micellar foundation,,m85,71.17647058823529,#d9a692,85.0,m85,18,82.0,Médio / Medium
1759,josie maran,vibrancy argan oil foundation fluid,unstoppable,rg85,45.4901960784314,#8f6459,85.0,rg85,55,74.0,Escuro / Dark
1760,natasha denona,foundation x+,wdark,85,63.1372549019608,#ca9b78,85.0,85,95,68.0,Médio / Medium
1761,kvd vegan beauty,true portrait medium coverage shake foundation,deep,086,32.156862745098,#6e4a36,86.0,086,63,57.0,Escuro / Dark
1762,natasha denona,transformatte pore vanishing matte foundation,,86y,59.8039215686274,#ce9663,86.0,86y,96,67.0,Médio / Medium
1763,marc jacobs beauty,re(marc)able full cover foundation concentrate,cocoa deep,86,34.5098039215686,#7e4832,86.0,86,88,87.0,Escuro / Dark
1764,natasha denona,foundation x+,,86y,49.019607843137294,#b37947,86.0,86y,95,68.0,Escuro / Dark
1765,natasha denona,transformatte pore vanishing matte foundation,,87w,61.3725490196078,#c99b70,87.0,87w,96,67.0,Médio / Medium
1766,natasha denona,foundation x+,,87w,55.0980392156863,#b38866,87.0,87w,95,68.0,Médio / Medium
1767,kvd vegan beauty,true portrait medium coverage shake foundation,deep,088,29.0196078431373,#624432,88.0,088,63,57.0,Retinto / Deep
1768,natasha denona,foundation x+,ydark,88,67.05882352941181,#d0a786,88.0,88,95,68.0,Médio / Medium
1769,natasha denona,transformatte pore vanishing matte foundation,,89wy,62.7450980392157,#d19c6f,89.0,89wy,96,67.0,Médio / Medium
1770,kvd vegan beauty,true portrait medium coverage shake foundation,deep,090,27.058823529411804,#5e3c2c,90.0,090,63,57.0,Retinto / Deep
1771,urban decay cosmetics,hydromaniac glowy tinted hydrator foundation,,90,25.8823529411765,#5c3628,90.0,90,127,76.0,Retinto / Deep
1772,clinique,superbalanced makeup,sand,90,97.64705882352939,#f9f9f9,90.0,90,32,,Claro / Light
1773,clinique,stay matte oil-free makeup,sand,cn 90,61.3725490196078,#c89b71,90.0,cn 90,31,,Médio / Medium
1774,clinique,beyond perfecting foundation + concealer,sand,cn 90,61.3725490196078,#c89b71,90.0,cn 90,27,,Médio / Medium
1775,clinique,even better glow light reflecting makeup broad spectrum spf 15,sand,cn 90,61.7647058823529,#cc996f,90.0,cn 90,29,,Médio / Medium
1776,lancôme,teint idole ultra wear 24h long wear foundation,ivoire n,090,96.2745098039216,#fef3ed,90.0,090,75,88.0,Claro / Light
1777,lancôme,rénergie lift makeup lightweight liquid foundation spf 27,ivoire n,090,89.8039215686275,#f1e6d9,90.0,090,72,89.0,Claro / Light
1778,zoeva,authentik skin natural luminous foundation,charismatic,090c,76.6666666666667,#e5bea2,90.0,090c,128,78.0,Claro / Light
1779,catrice,hd liquid coverage foundation,espresso beige,090,31.7647058823529,#73492f,90.0,090,21,59.0,Escuro / Dark
1780,essence,pretty natural hydrating foundation,neutral suede,90,59.0196078431373,#c89565,90.0,90,42,79.0,Médio / Medium
1781,natasha denona,transformatte pore vanishing matte foundation,,90n,63.921568627450995,#cca07a,90.0,90n,96,67.0,Médio / Medium
1782,bite beauty,changemaker supercharged micellar foundation,,m90,64.5098039215686,#cc9d7d,90.0,m90,18,82.0,Médio / Medium
1783,natasha denona,foundation x+,n dark,90,65.2941176470588,#cca681,90.0,90,95,68.0,Médio / Medium
1784,natasha denona,face glow foundation,dw,90,38.2352941176471,#916532,90.0,90,94,84.0,Escuro / Dark
1785,natasha denona,transformatte pore vanishing matte foundation,,91ny,64.3137254901961,#d1a177,91.0,91ny,96,67.0,Médio / Medium
1786,natasha denona,foundation x+,,91ny,51.7647058823529,#9d826b,91.0,91ny,95,68.0,Médio / Medium
1787,kvd vegan beauty,true portrait medium coverage shake foundation,deep,092,29.0196078431373,#624432,92.0,092,63,57.0,Retinto / Deep
1788,catrice,true skin hydrating foundation,warm spices,092,34.3137254901961,#864929,92.0,092,22,58.0,Escuro / Dark
1789,clinique,even better glow light reflecting makeup broad spectrum spf 15,toasted almond,wn 92,57.6470588235294,#ca8b5c,92.0,wn 92,29,,Médio / Medium
1790,natasha denona,transformatte pore vanishing matte foundation,,92w,46.274509803921596,#a86f44,92.0,92w,96,67.0,Escuro / Dark
1791,natasha denona,foundation x+,wndeep,92,64.11764705882351,#c69981,92.0,92,95,68.0,Médio / Medium
1792,clinique,even better refresh™ hydrating and repairing foundation,clinique even better refresh™ hydrating and repairing foundation,wn 92,61.3725490196078,#d78f62,92.0,wn 92,30,,Médio / Medium
1793,natasha denona,transformatte pore vanishing matte foundation,,93r,47.6470588235294,#a27251,93.0,93r,96,67.0,Escuro / Dark
1794,natasha denona,foundation x+,,93r,54.901960784313694,#a97f6f,93.0,93r,95,68.0,Médio / Medium
1795,kvd vegan beauty,true portrait medium coverage shake foundation,deep,094,26.8627450980392,#5d392c,94.0,094,63,57.0,Retinto / Deep
1796,clinique,stay matte oil-free makeup,deep neutral,wn 94,58.4313725490196,#d38f57,94.0,wn 94,31,,Médio / Medium
1797,clinique,even better glow light reflecting makeup broad spectrum spf 15,deep neutral,wn 94,52.7450980392157,#bf7a4e,94.0,wn 94,29,,Médio / Medium
1798,natasha denona,transformatte pore vanishing matte foundation,,94n,46.4705882352941,#a76846,94.0,94n,96,67.0,Escuro / Dark
1799,natasha denona,foundation x+,ndeep,94,55.0980392156863,#ad836c,94.0,94,95,68.0,Médio / Medium
1800,lancôme,teint idole ultra wear 24h long wear foundation,ivoire,095,67.843137254902,#c6b194,95.0,095,75,88.0,Médio / Medium
1801,lancôme,rénergie lift makeup lightweight liquid foundation spf 27,ivoire w,095,77.4509803921569,#ddc7ae,95.0,095,72,89.0,Claro / Light
1802,colourpop,pretty fresh foundation,medium,95n,68.6274509803922,#cda791,95.0,95n,33,65.0,Médio / Medium
1803,catrice,hd liquid coverage foundation,deep mahogany,095,98.4313725490196,#fbfbfb,95.0,095,21,59.0,Claro / Light
1804,natasha denona,face glow foundation,dy,95,31.1764705882353,#614b3e,95.0,95,94,84.0,Escuro / Dark
1805,kvd vegan beauty,true portrait medium coverage shake foundation,deep,096,23.921568627451002,#4f352b,96.0,096,63,57.0,Retinto / Deep
1806,clinique,beyond perfecting foundation + concealer,chai,wn 96,60.0,#d7955b,96.0,wn 96,27,,Médio / Medium
1807,natasha denona,transformatte pore vanishing matte foundation,,96nr,46.4705882352941,#996354,96.0,96nr,96,67.0,Escuro / Dark
1808,natasha denona,foundation x+,,96nr,43.921568627451,#82665e,96.0,96nr,95,68.0,Escuro / Dark
1809,kvd vegan beauty,true portrait medium coverage shake foundation,deep,098,22.156862745098,#483329,98.0,098,63,57.0,Retinto / Deep
1810,clinique,stay matte oil-free makeup,cream caramel,wn 98,55.294117647058805,#c88852,98.0,wn 98,31,,Médio / Medium
1811,clinique,beyond perfecting foundation + concealer,cream caramel,wn 98,55.294117647058805,#c88852,98.0,wn 98,27,,Médio / Medium
1812,clinique,even better glow light reflecting makeup broad spectrum spf 15,cream caramel,wn 98,54.5098039215686,#c78a4f,98.0,wn 98,29,,Médio / Medium
1813,catrice,hd liquid coverage foundation,deep mocha,098,22.3529411764706,#493329,98.0,098,21,59.0,Retinto / Deep
1814,l'oréal,infallible pro-matte liquid longwear foundation,true porcelain,099,90.7843137254902,#fbe3d4,99.0,099,66,90.0,Claro / Light
1815,anastasia beverly hills,luminous foundation,,100n,90.1960784313726,#f1e7db,100.0,100n,5,91.0,Claro / Light
1816,almay,clear complexion make myself clear makeup,ivory,100,77.2549019607843,#eac0a0,100.0,100,2,92.0,Claro / Light
1817,l'oréal,infallible pro-matte liquid longwear foundation,true alabaster,100,90.9803921568627,#fcdfd4,100.0,100,66,90.0,Claro / Light
1818,lancôme,teint idole ultra wear 24h long wear foundation,ivoire n,100,74.50980392156859,#e3b999,100.0,100,75,88.0,Médio / Medium
1819,juvia's place,i am magic foundation,sudan,100,18.2352941176471,#382725,100.0,100,57,93.0,Retinto / Deep
1820,colourpop,pretty fresh foundation,medium,100w,67.2549019607843,#d0ac87,100.0,100w,33,65.0,Médio / Medium
1821,almay,skin perfecting healthy biome makeup,fair,100,72.15686274509801,#dfb691,100.0,100,3,94.0,Médio / Medium
1822,zoeva,authentik skin natural luminous foundation,cnft,100w,78.6274509803922,#edc9a4,100.0,100w,128,78.0,Claro / Light
1823,smith & cult,veiled threat weightless micro-blurring foundation,neutral,100,90.58823529411761,#f4e2da,100.0,100,115,95.0,Claro / Light
1824,fenty beauty by rihanna,pro filt'r soft matte powder foundation,,100,92.54901960784309,#f9e6df,100.0,100,46,96.0,Claro / Light
1825,fenty beauty by rihanna,pro filt'r soft matte longwear foundation,,100,88.2352941176471,#ffdec3,100.0,100,45,97.0,Claro / Light
1826,rare beauty by selena gomez,liquid touch weightless foundation,,100w,86.27450980392159,#f4dec4,100.0,100w,102,98.0,Claro / Light
1827,fenty beauty by rihanna,pro filt'r hydrating longwear foundation,,100,87.6470588235294,#fdddc2,100.0,100,44,99.0,Claro / Light
1828,huda beauty,#fauxfilter skin finish buildable coverage foundation stick,,100b,90.7843137254902,#ffe3d0,100.0,100b,52,100.0,Claro / Light
1829,huda beauty,#fauxfilter full coverage matte foundation,milkshake,100b,82.54901960784309,#e8cebd,100.0,100b,51,101.0,Claro / Light
1830,bite beauty,changemaker supercharged micellar foundation,,t100,63.921568627450995,#ca977c,100.0,t100,18,82.0,Médio / Medium
1831,origins,pretty in bloom™ spf 20 flower-infused long-wear foundation,,100,77.0588235294118,#e3c3a6,100.0,100,98,102.0,Claro / Light
1832,l'oréal,infallible pro-matte liquid longwear foundation,classic ivory,101,80.3921568627451,#f7c2a3,101.0,101,66,90.0,Claro / Light
1833,dose of colors,meet your hue foundation,fair,101,93.921568627451,#fcece3,101.0,101,40,103.0,Claro / Light
1834,l'oréal,infallible pro-matte liquid longwear foundation,ivory buff,101.5,80.9803921568627,#f4c9a9,101.5,101.5,66,90.0,Claro / Light
1835,maybelline,fit me matte + poreless liquid foundation,fair porcelain,102,95.68627450980391,#fef3ea,102.0,102,90,104.0,Claro / Light
1836,l'oréal,infallible pro-matte liquid longwear foundation,shell beige,102,72.7450980392157,#e8a58b,102.0,102,66,90.0,Médio / Medium
1837,maybelline,super stay full coverage foundation,fair porcelain,102,88.0392156862745,#efe1d2,102.0,102,91,105.0,Claro / Light
1838,dose of colors,meet your hue foundation,fair,102,93.1372549019608,#feeadd,102.0,102,40,103.0,Claro / Light
1839,amorepacific,color control cushion compact broad spectrum spf 50+,light pink,102,78.2352941176471,#e3beac,102.0,102,1,106.0,Claro / Light
1840,l'oréal,infallible pro-matte liquid longwear foundation,natural buff,103,70.5882352941177,#eba67d,103.0,103,66,90.0,Médio / Medium
1841,dose of colors,meet your hue foundation,fair,103,91.3725490196078,#fce7d6,103.0,103,40,103.0,Claro / Light
1842,l'oréal,infallible pro-matte liquid longwear foundation,golden beige,104,69.8039215686274,#f2b072,104.0,104,66,90.0,Médio / Medium
1843,dose of colors,meet your hue foundation,fair,104,85.88235294117649,#fcd9ba,104.0,104,40,103.0,Claro / Light
1844,amorepacific,color control cushion compact broad spectrum spf 50+,light/medium pink,104,73.1372549019608,#ddb498,104.0,104,1,106.0,Médio / Medium
1845,givenchy,teint couture city balm radiant perfecting skin tint spf 25,,n104,78.2352941176471,#e0c5af,104.0,n104,48,107.0,Claro / Light
1846,l'oréal,infallible pro-matte liquid longwear foundation,nude buff,104.5,71.5686274509804,#d8b195,104.5,104.5,66,90.0,Médio / Medium
1847,kvd vegan beauty,lock-it powder foundation,fair,105,80.3921568627451,#dac8c0,105.0,105,61,108.0,Claro / Light
1848,kvd vegan beauty,lock-it powder foundation refills,fair,105,81.3725490196078,#edc7b2,105.0,105,62,109.0,Claro / Light
1849,maybelline,fit me matte + poreless liquid foundation,fair ivory,105,94.1176470588235,#feede2,105.0,105,90,104.0,Claro / Light
1850,l'oréal,infallible pro-matte liquid longwear foundation,natural beige,105,69.41176470588239,#ebaf77,105.0,105,66,90.0,Médio / Medium
1851,maybelline,super stay full coverage foundation,fairy ivory,105,77.6470588235294,#e1c3ab,105.0,105,91,105.0,Claro / Light
1852,colourpop,pretty fresh foundation,medium,105n,68.6274509803922,#cca792,105.0,105n,33,65.0,Médio / Medium
1853,dose of colors,meet your hue foundation,fair,105,90.1960784313726,#fae2d2,105.0,105,40,103.0,Claro / Light
1854,fenty beauty by rihanna,pro filt'r soft matte powder foundation,,105,85.0980392156863,#f2dcc0,105.0,105,46,96.0,Claro / Light
1855,fenty beauty by rihanna,pro filt'r soft matte longwear foundation,,105,85.4901960784314,#ffe3b5,105.0,105,45,97.0,Claro / Light
1856,fenty beauty by rihanna,pro filt'r hydrating longwear foundation,,105,85.6862745098039,#ffe3b6,105.0,105,44,99.0,Claro / Light
1857,bite beauty,changemaker supercharged micellar foundation,,t105,64.3137254901961,#cd997b,105.0,t105,18,82.0,Médio / Medium
1858,l'oréal,infallible pro-matte liquid longwear foundation,sun beige,106,62.156862745097996,#da9c63,106.0,106,66,90.0,Médio / Medium
1859,dose of colors,meet your hue foundation,fair,106,83.7254901960784,#f5d1b6,106.0,106,40,103.0,Claro / Light
1860,amorepacific,color control cushion compact broad spectrum spf 50+,medium pink,106,70.1960784313725,#d8aa8e,106.0,106,1,106.0,Médio / Medium
1861,l'oréal,infallible pro-matte liquid longwear foundation,shell,106.5,99.21568627450979,#fefdfc,106.5,106.5,66,90.0,Claro / Light
1862,l'oréal,infallible pro-matte liquid longwear foundation,fresh beige,107,60.1960784313725,#d5995e,107.0,107,66,90.0,Médio / Medium
1863,dose of colors,meet your hue foundation,fair,107,83.1372549019608,#f5d0b3,107.0,107,40,103.0,Claro / Light
1864,l'oréal,infallible pro-matte liquid longwear foundation,ivory beige,107.5,63.921568627450995,#caa17c,107.5,107.5,66,90.0,Médio / Medium
1865,l'oréal,infallible pro-matte liquid longwear foundation,carmel beige,108,46.078431372549,#ba7731,108.0,108,66,90.0,Escuro / Dark
1866,dose of colors,meet your hue foundation,light,108,81.3725490196078,#f2cdad,108.0,108,40,103.0,Claro / Light
1867,l'oréal,infallible pro-matte liquid longwear foundation,honey bisque,108.5,61.3725490196078,#d3a166,108.5,108.5,66,90.0,Médio / Medium
1868,l'oréal,infallible pro-matte liquid longwear foundation,classic tan,109,49.8039215686275,#c2743c,109.0,109,66,90.0,Escuro / Dark
1869,dose of colors,meet your hue foundation,light,109,80.3921568627451,#f0d0aa,109.0,109,40,103.0,Claro / Light
1870,anastasia beverly hills,luminous foundation,,110c,90.0,#f0e7db,110.0,110c,5,91.0,Claro / Light
1871,kvd vegan beauty,lock-it powder foundation,fair,110,79.2156862745098,#d9c2bb,110.0,110,61,108.0,Claro / Light
1872,kvd vegan beauty,lock-it powder foundation refills,fair,110,80.1960784313726,#dac5bf,110.0,110,62,109.0,Claro / Light
1873,lancôme,teint idole ultra longwear foundation stick spf 21,ivoire c,110,72.15686274509801,#e0b390,110.0,110,74,110.0,Médio / Medium
1874,revlon,colorstay makeup for combo/oily skin,ivory,110,82.54901960784309,#f9caac,110.0,110,105,111.0,Claro / Light
1875,maybelline,fit me matte + poreless liquid foundation,porcelain,110,92.7450980392157,#feeddb,110.0,110,90,104.0,Claro / Light
1876,l'oréal,infallible pro-matte liquid longwear foundation,creme cafe,110,60.98039215686279,#db965c,110.0,110,66,90.0,Médio / Medium
1877,revlon,colorstay makeup for normal/dry skin,ivory,110,82.54901960784309,#f9caac,110.0,110,106,112.0,Claro / Light
1878,revlon,colorstay full cover foundation,ivory,110,90.9803921568627,#fee3d2,110.0,110,103,113.0,Claro / Light
1879,maybelline,super stay full coverage foundation,porcelain,110,80.58823529411761,#e8ceb3,110.0,110,91,105.0,Claro / Light
1880,lancôme,teint idole ultra wear 24h long wear foundation,ivoire c,110,71.7647058823529,#deb390,110.0,110,75,88.0,Médio / Medium
1881,juvia's place,i am magic foundation,senegal,110,24.9019607843137,#54332b,110.0,110,57,93.0,Retinto / Deep
1882,florence by mills,like a light skin tint,,mt110,57.843137254902,#c18766,110.0,mt110,143,77.0,Médio / Medium
1883,lancôme,rénergie lift makeup lightweight liquid foundation spf 27,ivoire c,110,67.6470588235294,#d3ad86,110.0,110,72,89.0,Médio / Medium
1884,colourpop,pretty fresh foundation,medium,110w,68.0392156862745,#d4ae87,110.0,110w,33,65.0,Médio / Medium
1885,revlon,colorstay light cover liquid foundation,ivory,110,74.3137254901961,#e7b094,110.0,110,104,114.0,Médio / Medium
1886,almay,skin perfecting healthy biome makeup,light,110,66.6666666666667,#d8b07c,110.0,110,3,94.0,Médio / Medium
1887,zoeva,authentik skin natural luminous foundation,creative,110n,72.5490196078431,#e2b590,110.0,110n,128,78.0,Médio / Medium
1888,essence,pretty natural hydrating foundation,cool beige,110,44.9019607843137,#a86e3d,110.0,110,42,79.0,Escuro / Dark
1889,exa,high fidelity foundation,fazon,110,27.2549019607843,#5b3930,110.0,110,43,115.0,Retinto / Deep
1890,smith & cult,veiled threat weightless micro-blurring foundation,neutral,110,80.58823529411761,#ebc8b0,110.0,110,115,95.0,Claro / Light
1891,dose of colors,meet your hue foundation,light,110,79.6078431372549,#f0cca6,110.0,110,40,103.0,Claro / Light
1892,fenty beauty by rihanna,pro filt'r soft matte powder foundation,,110,90.58823529411761,#f6ded8,110.0,110,46,96.0,Claro / Light
1893,fenty beauty by rihanna,pro filt'r soft matte longwear foundation,,110,92.156862745098,#fedbd8,110.0,110,45,97.0,Claro / Light
1894,rare beauty by selena gomez,liquid touch weightless foundation,,110n,85.88235294117649,#f4d6c2,110.0,110n,102,98.0,Claro / Light
1895,fenty beauty by rihanna,pro filt'r hydrating longwear foundation,,110,91.7647058823529,#fcdad8,110.0,110,44,99.0,Claro / Light
1896,huda beauty,#fauxfilter skin finish buildable coverage foundation stick,,110n,92.7450980392157,#fcefdd,110.0,110n,52,100.0,Claro / Light
1897,gucci,fluide de beauté fini naturel - natural finish fluid foundation,,110c,83.1372549019608,#f4cdb4,110.0,110c,49,116.0,Claro / Light
1898,huda beauty,#fauxfilter full coverage matte foundation,angel food,110n,79.8039215686275,#eacaad,110.0,110n,51,101.0,Claro / Light
1899,shiseido,synchro skin self-refreshing foundation spf 30,,110,88.8235294117647,#f9e7cc,110.0,110,118,117.0,Claro / Light
1900,la mer,the soft fluid long wear foundation spf 20,shell,110,86.4705882352941,#fcd3bd,110.0,110,69,118.0,Claro / Light
1901,bite beauty,changemaker supercharged micellar foundation,,t110,63.725490196078404,#ca947b,110.0,t110,18,82.0,Médio / Medium
1902,shiseido,synchro skin self-refreshing custom finish powder foundation,alabaster,110,81.1764705882353,#f0c8ae,110.0,110,117,119.0,Claro / Light
1903,givenchy,teint couture city balm radiant perfecting skin tint spf 25,,c110,70.1960784313725,#ceaf98,110.0,c110,48,107.0,Médio / Medium
1904,origins,pretty in bloom™ spf 20 flower-infused long-wear foundation,,110,80.58823529411761,#ebceb0,110.0,110,98,102.0,Claro / Light
1905,l'oréal,infallible pro-matte liquid longwear foundation,soft sable,111,40.3921568627451,#b0651e,111.0,111,66,90.0,Escuro / Dark
1906,dose of colors,meet your hue foundation,light,111,76.4705882352941,#eac59c,111.0,111,40,103.0,Claro / Light
1907,clinique,stay matte oil-free makeup,ginger,wn 112,50.5882352941176,#bf7b43,112.0,wn 112,31,,Médio / Medium
1908,clinique,beyond perfecting foundation + concealer,ginger,wn 112,50.5882352941176,#bf7b43,112.0,wn 112,27,,Médio / Medium
1909,maybelline,fit me matte + poreless liquid foundation,natural ivory,112,90.0,#f6e2d5,112.0,112,90,104.0,Claro / Light
1910,l'oréal,infallible pro-matte liquid longwear foundation,cocoa,112,30.784313725490197,#884115,112.0,112,66,90.0,Escuro / Dark
1911,clinique,even better glow light reflecting makeup broad spectrum spf 15,ginger,wn 112,46.8627450980392,#c1772e,112.0,wn 112,29,,Escuro / Dark
1912,maybelline,super stay full coverage foundation,natural ivory,112,77.4509803921569,#dec6ad,112.0,112,91,105.0,Claro / Light
1913,dose of colors,meet your hue foundation,light,112,78.2352941176471,#f2c99d,112.0,112,40,103.0,Claro / Light
1914,l'oréal,infallible pro-matte liquid longwear foundation,brown suede,113,42.156862745098,#8e6149,113.0,113,66,90.0,Escuro / Dark
1915,dose of colors,meet your hue foundation,light,113,76.4705882352941,#f0c596,113.0,113,40,103.0,Claro / Light
1916,koh gen do,aqua foundation,,113,81.3725490196078,#e6cfb9,113.0,113,64,63.0,Claro / Light
1917,clinique,even better refresh™ hydrating and repairing foundation,sepia,cn 113,54.7058823529412,#c57e52,113.0,cn 113,30,,Médio / Medium
1918,clinique,stay matte oil-free makeup,golden,wn 114,47.2549019607843,#b3743e,114.0,wn 114,31,,Escuro / Dark
1919,clinique,beyond perfecting foundation + concealer,golden,wn 114,47.2549019607843,#b3743e,114.0,wn 114,27,,Escuro / Dark
1920,l'oréal,infallible pro-matte liquid longwear foundation,rich chocolate,114,31.3725490196078,#6f4a31,114.0,114,66,90.0,Escuro / Dark
1921,clinique,even better glow light reflecting makeup broad spectrum spf 15,golden,wn 114,47.2549019607843,#af7342,114.0,wn 114,29,,Escuro / Dark
1922,dose of colors,meet your hue foundation,light,114,76.078431372549,#f0be94,114.0,114,40,103.0,Claro / Light
1923,clinique,even better refresh™ hydrating and repairing foundation,golden,wn 114,45.8823529411765,#ae703c,114.0,wn 114,30,,Escuro / Dark
1924,kvd vegan beauty,lock-it powder foundation,fair,115,79.2156862745098,#dac5ba,115.0,115,61,108.0,Claro / Light
1925,kvd vegan beauty,lock-it powder foundation refills,fair,115,79.0196078431373,#dac4b9,115.0,115,62,109.0,Claro / Light
1926,maybelline,fit me matte + poreless liquid foundation,ivory,115,84.7058823529412,#f8d3b8,115.0,115,90,104.0,Claro / Light
1927,l'oréal,infallible pro-matte liquid longwear foundation,rich ebony,115,23.3333333333333,#552f22,115.0,115,66,90.0,Retinto / Deep
1928,maybelline,super stay full coverage foundation,ivory,115,78.0392156862745,#e5c3a9,115.0,115,91,105.0,Claro / Light
1929,dose of colors,meet your hue foundation,light medium,115,72.9411764705882,#e8be8c,115.0,115,40,103.0,Médio / Medium
1930,bite beauty,changemaker supercharged micellar foundation,,t115,61.1764705882353,#c9896f,115.0,t115,18,82.0,Médio / Medium
1931,clinique,even better refresh™ hydrating and repairing foundation,mocha,wn 115.5,49.4117647058824,#ae794e,115.5,wn 115.5,30,,Escuro / Dark
1932,clinique,stay matte oil-free makeup,spice,cn 116,47.0588235294118,#ac7044,116.0,cn 116,31,,Escuro / Dark
1933,dose of colors,meet your hue foundation,light medium,116,68.6274509803922,#e4b07a,116.0,116,40,103.0,Médio / Medium
1934,clinique,beyond perfecting foundation + concealer,carob,cn 117,46.8627450980392,#9a6d55,117.0,cn 117,27,,Escuro / Dark
1935,dose of colors,meet your hue foundation,light medium,117,66.6666666666667,#dfa575,117.0,117,40,103.0,Médio / Medium
1936,clinique,stay matte oil-free makeup,amber,wn 118,38.2352941176471,#995d2a,118.0,wn 118,31,,Escuro / Dark
1937,clinique,beyond perfecting foundation + concealer,amber,wn 118,38.2352941176471,#995d2a,118.0,wn 118,27,,Escuro / Dark
1938,maybelline,fit me matte + poreless liquid foundation,light beige,118,81.1764705882353,#efceaf,118.0,118,90,104.0,Claro / Light
1939,clinique,even better glow light reflecting makeup broad spectrum spf 15,amber,wn 118,45.0980392156863,#b16a35,118.0,wn 118,29,,Escuro / Dark
1940,maybelline,super stay full coverage foundation,light beige,118,74.7058823529412,#dec19f,118.0,118,91,105.0,Médio / Medium
1941,dose of colors,meet your hue foundation,light medium,118,68.2352941176471,#e1af7b,118.0,118,40,103.0,Médio / Medium
1942,dose of colors,meet your hue foundation,light medium,119,64.5098039215686,#dca96d,119.0,119,40,103.0,Médio / Medium
1943,anastasia beverly hills,luminous foundation,,120w,80.9803921568627,#efd0ae,120.0,120w,5,91.0,Claro / Light
1944,kvd vegan beauty,lock-it powder foundation,fair,120,72.7450980392157,#deae95,120.0,120,61,108.0,Médio / Medium
1945,kvd vegan beauty,lock-it powder foundation refills,fair,120,73.5294117647059,#e0af97,120.0,120,62,109.0,Médio / Medium
1946,lancôme,dual finish multi-tasking lightweight pressed powder foundation,ivoire,120,83.5294117647059,#f1d1b9,120.0,120,71,120.0,Claro / Light
1947,maybelline,fit me matte + poreless liquid foundation,classic ivory,120,81.7647058823529,#edcab4,120.0,120,90,104.0,Claro / Light
1948,maybelline,super stay full coverage foundation,classic ivory,120,74.3137254901961,#e0bd9b,120.0,120,91,105.0,Médio / Medium
1949,juvia's place,i am magic foundation,chad,120,22.3529411764706,#4c2c26,120.0,120,57,93.0,Retinto / Deep
1950,florence by mills,like a light skin tint,,mt120,56.2745098039216,#c2865d,120.0,mt120,143,77.0,Médio / Medium
1951,colourpop,pretty fresh foundation,medium dark,120w,63.1372549019608,#c7a07b,120.0,120w,33,65.0,Médio / Medium
1952,almay,skin perfecting healthy biome makeup,beige,120,67.843137254902,#d9a881,120.0,120,3,94.0,Médio / Medium
1953,zoeva,authentik skin natural luminous foundation,daring,120n,75.2941176470588,#e9be97,120.0,120n,128,78.0,Claro / Light
1954,exa,high fidelity foundation,xia,120,32.9411764705882,#684a40,120.0,120,43,115.0,Escuro / Dark
1955,smith & cult,veiled threat weightless micro-blurring foundation,cool,120,89.60784313725489,#f2e2d7,120.0,120,115,95.0,Claro / Light
1956,dose of colors,meet your hue foundation,light medium,120,67.05882352941181,#e6a870,120.0,120,40,103.0,Médio / Medium
1957,fenty beauty by rihanna,pro filt'r soft matte powder foundation,,120,85.6862745098039,#f2d5c3,120.0,120,46,96.0,Claro / Light
1958,fenty beauty by rihanna,pro filt'r soft matte longwear foundation,,120,81.9607843137255,#ffc8a3,120.0,120,45,97.0,Claro / Light
1959,rare beauty by selena gomez,liquid touch weightless foundation,,120c,85.88235294117649,#f4d6c2,120.0,120c,102,98.0,Claro / Light
1960,fenty beauty by rihanna,pro filt'r hydrating longwear foundation,,120,80.0,#f3c7a5,120.0,120,44,99.0,Claro / Light
1961,huda beauty,#fauxfilter skin finish buildable coverage foundation stick,,120b,91.7647058823529,#fce7d8,120.0,120b,52,100.0,Claro / Light
1962,gucci,fluide de beauté fini naturel - natural finish fluid foundation,,120n,79.8039215686275,#edc8aa,120.0,120n,49,116.0,Claro / Light
1963,huda beauty,#fauxfilter full coverage matte foundation,vanilla,120b,81.9607843137255,#f0ceb2,120.0,120b,51,101.0,Claro / Light
1964,shiseido,synchro skin self-refreshing foundation spf 30,,120,87.25490196078431,#fae3c3,120.0,120,118,117.0,Claro / Light
1965,la mer,the soft fluid long wear foundation spf 20,ivory,120,91.7647058823529,#fde6d7,120.0,120,69,118.0,Claro / Light
1966,bite beauty,changemaker supercharged micellar foundation,,t120,62.156862745097996,#c79376,120.0,t120,18,82.0,Médio / Medium
1967,origins,pretty in bloom™ spf 20 flower-infused long-wear foundation,,120,75.49019607843141,#e3c59e,120.0,120,98,102.0,Claro / Light
1968,dose of colors,meet your hue foundation,light medium,121,64.5098039215686,#dc956d,121.0,121,40,103.0,Médio / Medium
1969,clinique,stay matte oil-free makeup,clove,wn 122,38.4313725490196,#8f5435,122.0,wn 122,31,,Escuro / Dark
1970,clinique,beyond perfecting foundation + concealer,clove,wn 122,38.4313725490196,#8f5435,122.0,wn 122,27,,Escuro / Dark
1971,maybelline,fit me matte + poreless liquid foundation,creamy beige,122,81.9607843137255,#f2c8b0,122.0,122,90,104.0,Claro / Light
1972,clinique,even better glow light reflecting makeup broad spectrum spf 15,clove,wn 122,39.6078431372549,#945936,122.0,wn 122,29,,Escuro / Dark
1973,dose of colors,meet your hue foundation,medium tan,122,58.823529411764696,#cd905f,122.0,122,40,103.0,Médio / Medium
1974,clinique,even better refresh™ hydrating and repairing foundation,clove,wn 122,40.588235294117595,#975b38,122.0,wn 122,30,,Escuro / Dark
1975,dose of colors,meet your hue foundation,medium tan,123,56.6666666666667,#cb8d56,123.0,123,40,103.0,Médio / Medium
1976,koh gen do,aqua foundation,,123,79.4117647058823,#e3c9b2,123.0,123,64,63.0,Claro / Light
1977,clinique,stay matte oil-free makeup,sienna,wn 124,36.078431372549005,#845134,124.0,wn 124,31,,Escuro / Dark
1978,maybelline,fit me matte + poreless liquid foundation,soft sand,124,81.3725490196078,#facca5,124.0,124,90,104.0,Claro / Light
1979,clinique,even better glow light reflecting makeup broad spectrum spf 15,sienna,wn 124,37.6470588235294,#975929,124.0,wn 124,29,,Escuro / Dark
1980,dose of colors,meet your hue foundation,medium tan,124,56.2745098039216,#ca8855,124.0,124,40,103.0,Médio / Medium
1981,kvd vegan beauty,lock-it powder foundation,light,125,70.3921568627451,#d6a891,125.0,125,61,108.0,Médio / Medium
1982,kvd vegan beauty,lock-it powder foundation refills,light,125,70.9803921568627,#d7a793,125.0,125,62,109.0,Médio / Medium
1983,clinique,beyond perfecting foundation + concealer,mahogany,wn 125,38.0392156862745,#815641,125.0,wn 125,27,,Escuro / Dark
1984,maybelline,fit me matte + poreless liquid foundation,nude beige,125,78.6274509803922,#f7c49a,125.0,125,90,104.0,Claro / Light
1985,maybelline,super stay full coverage foundation,nude beige,125,72.9411764705882,#e3b791,125.0,125,91,105.0,Médio / Medium
1986,colourpop,pretty fresh foundation,med dark,125n,65.6862745098039,#cda082,125.0,125n,33,65.0,Médio / Medium
1987,dose of colors,meet your hue foundation,medium tan,125,51.5686274509804,#ba7b4d,125.0,125,40,103.0,Médio / Medium
1988,bite beauty,changemaker supercharged micellar foundation,,t125,57.2549019607843,#b8876c,125.0,t125,18,82.0,Médio / Medium
1989,clinique,even better refresh™ hydrating and repairing foundation,mahogany,wn 125,40.3921568627451,#90573e,125.0,wn 125,30,,Escuro / Dark
1990,clinique,even better glow light reflecting makeup broad spectrum spf 15,espresso,cn 126,31.960784313725497,#7e4725,126.0,cn 126,29,,Escuro / Dark
1991,dose of colors,meet your hue foundation,medium tan,126,48.0392156862745,#b6733f,126.0,126,40,103.0,Escuro / Dark
1992,clinique,even better refresh™ hydrating and repairing foundation,espresso,cn 126,31.3725490196078,#674839,126.0,cn 126,30,,Escuro / Dark
1993,clinique,beyond perfecting foundation + concealer,truffle,cn 127,33.3333333333333,#6f4a3b,127.0,cn 127,27,,Escuro / Dark
1994,maybelline,super stay full coverage foundation,sand beige,127,73.5294117647059,#ecbe8b,127.0,127,91,105.0,Médio / Medium
1995,dose of colors,meet your hue foundation,medium tan,127,44.3137254901961,#ae6c34,127.0,127,40,103.0,Escuro / Dark
1996,maybelline,fit me matte + poreless liquid foundation,warm nude,128,76.078431372549,#ebc099,128.0,128,90,104.0,Claro / Light
1997,maybelline,super stay full coverage foundation,warm nude,128,70.7843137254902,#d6b793,128.0,128,91,105.0,Médio / Medium
1998,dose of colors,meet your hue foundation,medium tan,128,42.3529411764706,#a26136,128.0,128,40,103.0,Escuro / Dark
1999,dose of colors,meet your hue foundation,dark,129,38.8235294117647,#935933,129.0,129,40,103.0,Escuro / Dark
2000,anastasia beverly hills,luminous foundation,,130n,75.0980392156863,#d5c1aa,130.0,130n,5,91.0,Claro / Light
2001,kvd vegan beauty,lock-it powder foundation,light,130,70.5882352941177,#dfac89,130.0,130,61,108.0,Médio / Medium
2002,kvd vegan beauty,lock-it powder foundation refills,light,130,71.17647058823529,#e1ac8a,130.0,130,62,109.0,Médio / Medium
2003,lancôme,dual finish multi-tasking lightweight pressed powder foundation,versatile porcelaine divoire i,130,90.0,#f8e3d3,130.0,130,71,120.0,Claro / Light
2004,maybelline,fit me matte + poreless liquid foundation,buff beige,130,74.50980392156859,#eab392,130.0,130,90,104.0,Médio / Medium
2005,revlon,colorstay makeup for normal/dry skin,porcelain,130,85.2941176470588,#fcdcb7,130.0,130,106,112.0,Claro / Light
2006,maybelline,super stay full coverage foundation,buff beige,130,65.2941176470588,#caa183,130.0,130,91,105.0,Médio / Medium
2007,lancôme,teint idole ultra wear 24h long wear foundation,ivoire,130,72.9411764705882,#cfbfa5,130.0,130,75,88.0,Médio / Medium
2008,juvia's place,i am magic foundation,mali,130,26.6666666666667,#613327,130.0,130,57,93.0,Retinto / Deep
2009,colourpop,pretty fresh foundation,medium dark,130n,63.1372549019608,#c5987d,130.0,130n,33,65.0,Médio / Medium
2010,almay,skin perfecting healthy biome makeup,medium,130,64.5098039215686,#c79f82,130.0,130,3,94.0,Médio / Medium
2011,zoeva,authentik skin natural luminous foundation,determined,130c,74.3137254901961,#e7b894,130.0,130c,128,78.0,Médio / Medium
2012,essence,pretty natural hydrating foundation,cool ochre,130,46.4705882352941,#ac6f41,130.0,130,42,79.0,Escuro / Dark
2013,exa,high fidelity foundation,julie,130,33.7254901960784,#6a4f42,130.0,130,43,115.0,Escuro / Dark
2014,smith & cult,veiled threat weightless micro-blurring foundation,neutral,130,82.3529411764706,#f3c7b1,130.0,130,115,95.0,Claro / Light
2015,dose of colors,meet your hue foundation,dark,130,36.2745098039216,#8b512e,130.0,130,40,103.0,Escuro / Dark
2016,fenty beauty by rihanna,pro filt'r soft matte powder foundation,,130,81.5686274509804,#edcfb3,130.0,130,46,96.0,Claro / Light
2017,fenty beauty by rihanna,pro filt'r soft matte longwear foundation,,130,80.58823529411761,#fdcf9e,130.0,130,45,97.0,Claro / Light
2018,rare beauty by selena gomez,liquid touch weightless foundation,,130n,78.2352941176471,#eac2a5,130.0,130n,102,98.0,Claro / Light
2019,fenty beauty by rihanna,pro filt'r hydrating longwear foundation,,130,78.4313725490196,#f1ce9f,130.0,130,44,99.0,Claro / Light
2020,huda beauty,#fauxfilter skin finish buildable coverage foundation stick,,130g,89.60784313725489,#fce7cd,130.0,130g,52,100.0,Claro / Light
2021,gucci,fluide de beauté fini naturel - natural finish fluid foundation,,130w,79.0196078431373,#eec4a5,130.0,130w,49,116.0,Claro / Light
2022,huda beauty,#fauxfilter full coverage matte foundation,panna cotta,130g,81.5686274509804,#edd1b3,130.0,130g,51,101.0,Claro / Light
2023,shiseido,synchro skin self-refreshing foundation spf 30,,130,86.8627450980392,#f7dfc4,130.0,130,118,117.0,Claro / Light
2024,la mer,the soft fluid long wear foundation spf 20,warm ivory,130,91.7647058823529,#fde7d7,130.0,130,69,118.0,Claro / Light
2025,bite beauty,changemaker supercharged micellar foundation,,t130,62.9411764705882,#c6927b,130.0,t130,18,82.0,Médio / Medium
2026,shiseido,synchro skin self-refreshing custom finish powder foundation,opal,130,80.58823529411761,#efc9ac,130.0,130,117,119.0,Claro / Light
2027,dose of colors,meet your hue foundation,dark,131,34.5098039215686,#7e4a32,131.0,131,40,103.0,Escuro / Dark
2028,dose of colors,meet your hue foundation,dark,132,31.3725490196078,#794427,132.0,132,40,103.0,Escuro / Dark
2029,dose of colors,meet your hue foundation,dark,133,29.607843137254903,#714226,133.0,133,40,103.0,Retinto / Deep
2030,dose of colors,meet your hue foundation,dark,134,29.2156862745098,#6b3f2a,134.0,134,40,103.0,Retinto / Deep
2031,kvd vegan beauty,lock-it powder foundation,light,135,68.2352941176471,#d8a584,135.0,135,61,108.0,Médio / Medium
2032,kvd vegan beauty,lock-it powder foundation refills,light,135,68.6274509803922,#daa484,135.0,135,62,109.0,Médio / Medium
2033,colourpop,pretty fresh foundation,medium dark,135w,64.5098039215686,#cba57e,135.0,135w,33,65.0,Médio / Medium
2034,dose of colors,meet your hue foundation,dark,135,27.058823529411804,#603d2a,135.0,135,40,103.0,Retinto / Deep
2035,bite beauty,changemaker supercharged micellar foundation,,t135,61.1764705882353,#c48c74,135.0,t135,18,82.0,Médio / Medium
2036,dose of colors,meet your hue foundation,deep,136,26.078431372548998,#5f3926,136.0,136,40,103.0,Retinto / Deep
2037,dose of colors,meet your hue foundation,deep,137,25.8823529411765,#5d3927,137.0,137,40,103.0,Retinto / Deep
2038,dose of colors,meet your hue foundation,deep,138,23.5294117647059,#503628,138.0,138,40,103.0,Retinto / Deep
2039,dose of colors,meet your hue foundation,deep,139,23.137254901960798,#4d3329,139.0,139,40,103.0,Retinto / Deep
2040,anastasia beverly hills,luminous foundation,,140n,76.078431372549,#dbc2a9,140.0,140n,5,91.0,Claro / Light
2041,kvd vegan beauty,lock-it powder foundation,medium,140,67.45098039215691,#d9a57f,140.0,140,61,108.0,Médio / Medium
2042,kvd vegan beauty,lock-it powder foundation refills,medium,140,67.05882352941181,#daa47c,140.0,140,62,109.0,Médio / Medium
2043,lancôme,teint idole ultra longwear foundation stick spf 21,ivoire n,140,70.7843137254902,#dfb58a,140.0,140,74,110.0,Médio / Medium
2044,lancôme,dual finish multi-tasking lightweight pressed powder foundation,ivoire,140,89.8039215686275,#f6e3d4,140.0,140,71,120.0,Claro / Light
2045,maybelline,super stay full coverage foundation,light tan,140,75.2941176470588,#e9c797,140.0,140,91,105.0,Claro / Light
2046,lancôme,teint idole ultra wear 24h long wear foundation,ivoire n,140,70.7843137254902,#dfb48a,140.0,140,75,88.0,Médio / Medium
2047,juvia's place,i am magic foundation,angola,140,30.1960784313725,#723a28,140.0,140,57,93.0,Escuro / Dark
2048,florence by mills,like a light skin tint,,t140,52.54901960784309,#b67a56,140.0,t140,143,77.0,Médio / Medium
2049,lancôme,rénergie lift makeup lightweight liquid foundation spf 27,porcelaine 20 c,140,98.8235294117647,#fcfcfc,140.0,140,72,89.0,Claro / Light
2050,almay,skin perfecting healthy biome makeup,golden,140,64.7058823529412,#d7a173,140.0,140,3,94.0,Médio / Medium
2051,zoeva,authentik skin natural luminous foundation,energetic,140n,74.9019607843137,#e9bd95,140.0,140n,128,78.0,Médio / Medium
2052,essence,pretty natural hydrating foundation,neutral buff,140,45.6862745098039,#ac6e3d,140.0,140,42,79.0,Escuro / Dark
2053,exa,high fidelity foundation,nya,140,40.0,#885a44,140.0,140,43,115.0,Escuro / Dark
2054,smith & cult,veiled threat weightless micro-blurring foundation,warm,140,79.6078431372549,#efcea7,140.0,140,115,95.0,Claro / Light
2055,dose of colors,meet your hue foundation,deep,140,22.5490196078431,#4a3029,140.0,140,40,103.0,Retinto / Deep
2056,fenty beauty by rihanna,pro filt'r soft matte powder foundation,,140,84.7058823529412,#f0d5c0,140.0,140,46,96.0,Claro / Light
2057,fenty beauty by rihanna,pro filt'r soft matte longwear foundation,,140,78.6274509803922,#f9c998,140.0,140,45,97.0,Claro / Light
2058,rare beauty by selena gomez,liquid touch weightless foundation,,140c,87.843137254902,#f7dbc9,140.0,140c,102,98.0,Claro / Light
2059,fenty beauty by rihanna,pro filt'r hydrating longwear foundation,,140,76.2745098039216,#ecc899,140.0,140,44,99.0,Claro / Light
2060,huda beauty,#fauxfilter skin finish buildable coverage foundation stick,,140g,89.4117647058824,#fae0ce,140.0,140g,52,100.0,Claro / Light
2061,gucci,fluide de beauté fini naturel - natural finish fluid foundation,,140w,77.6470588235294,#eac0a2,140.0,140w,49,116.0,Claro / Light
2062,huda beauty,#fauxfilter full coverage matte foundation,cashew,140g,76.8627450980392,#eac49e,140.0,140g,51,101.0,Claro / Light
2063,shiseido,synchro skin self-refreshing foundation spf 30,,140,86.27450980392159,#f6dcc2,140.0,140,118,117.0,Claro / Light
2064,la mer,the soft fluid long wear foundation spf 20,alabaster,140,91.7647058823529,#fde5d7,140.0,140,69,118.0,Claro / Light
2065,dose of colors,meet your hue foundation,deep,141,20.3921568627451,#442e24,141.0,141,40,103.0,Retinto / Deep
2066,dose of colors,meet your hue foundation,deep,142,19.0196078431373,#3d2a24,142.0,142,40,103.0,Retinto / Deep
2067,koh gen do,aqua foundation,,143,70.5882352941177,#d7b191,143.0,143,64,63.0,Médio / Medium
2068,kvd vegan beauty,lock-it powder foundation,medium,145,63.921568627450995,#d29874,145.0,145,61,108.0,Médio / Medium
2069,kvd vegan beauty,lock-it powder foundation refills,medium,145,63.5294117647059,#d29a72,145.0,145,62,109.0,Médio / Medium
2070,colourpop,pretty fresh foundation,med dark,145w,62.3529411764706,#c99c75,145.0,145w,33,65.0,Médio / Medium
2071,fenty beauty by rihanna,pro filt'r soft matte powder foundation,,145,76.8627450980392,#e9cc9f,145.0,145,46,96.0,Claro / Light
2072,fenty beauty by rihanna,pro filt'r soft matte longwear foundation,,145,79.6078431372549,#facd9c,145.0,145,45,97.0,Claro / Light
2073,fenty beauty by rihanna,pro filt'r hydrating longwear foundation,,145,77.6470588235294,#eecc9e,145.0,145,44,99.0,Claro / Light
2074,colourpop,pretty fresh foundation,medium dark,147w,60.0,#be9774,147.0,147w,33,65.0,Médio / Medium
2075,colourpop,pretty fresh foundation,med dark,148n,60.98039215686279,#c19276,148.0,148n,33,65.0,Médio / Medium
2076,anastasia beverly hills,luminous foundation,,150w,79.8039215686275,#efcda8,150.0,150w,5,91.0,Claro / Light
2077,kvd vegan beauty,lock-it powder foundation,medium,150,63.1372549019608,#d19a71,150.0,150,61,108.0,Médio / Medium
2078,kvd vegan beauty,lock-it powder foundation refills,medium,150,63.1372549019608,#d19a71,150.0,150,62,109.0,Médio / Medium
2079,revlon,colorstay makeup for combo/oily skin,buff,150,80.1960784313726,#f8c6a1,150.0,150,105,111.0,Claro / Light
2080,revlon,colorstay makeup for normal/dry skin,buff,150,80.1960784313726,#f8c6a1,150.0,150,106,112.0,Claro / Light
2081,revlon,colorstay full cover foundation,buff,150,83.1372549019608,#f4d6b4,150.0,150,103,113.0,Claro / Light
2082,juvia's place,i am magic foundation,kano,150,35.2941176470588,#8b4329,150.0,150,57,93.0,Escuro / Dark
2083,revlon,colorstay light cover liquid foundation,buff,150,72.15686274509801,#dfb891,150.0,150,104,114.0,Médio / Medium
2084,almay,skin perfecting healthy biome makeup,tan,150,60.7843137254902,#d49d62,150.0,150,3,94.0,Médio / Medium
2085,zoeva,authentik skin natural luminous foundation,fabulous,150c,73.7254901960784,#e9b98f,150.0,150c,128,78.0,Médio / Medium
2086,exa,high fidelity foundation,dequan,150,36.8627450980392,#7b5241,150.0,150,43,115.0,Escuro / Dark
2087,smith & cult,veiled threat weightless micro-blurring foundation,warm,150,77.6470588235294,#e8c6a4,150.0,150,115,95.0,Claro / Light
2088,fenty beauty by rihanna,pro filt'r soft matte powder foundation,,150,82.54901960784309,#ebd1ba,150.0,150,46,96.0,Claro / Light
2089,fenty beauty by rihanna,pro filt'r soft matte longwear foundation,,150,73.7254901960784,#edb48b,150.0,150,45,97.0,Médio / Medium
2090,rare beauty by selena gomez,liquid touch weightless foundation,,150c,82.54901960784309,#efc9b6,150.0,150c,102,98.0,Claro / Light
2091,fenty beauty by rihanna,pro filt'r hydrating longwear foundation,,150,71.3725490196078,#deb48e,150.0,150,44,99.0,Médio / Medium
2092,huda beauty,#fauxfilter skin finish buildable coverage foundation stick,,150g,83.7254901960784,#f7d9b4,150.0,150g,52,100.0,Claro / Light
2093,gucci,fluide de beauté fini naturel - natural finish fluid foundation,,150c,73.921568627451,#e5b494,150.0,150c,49,116.0,Médio / Medium
2094,huda beauty,#fauxfilter full coverage matte foundation,crème brulée,150g,69.2156862745098,#d4b08d,150.0,150g,51,101.0,Médio / Medium
2095,shiseido,synchro skin self-refreshing foundation spf 30,,150,82.7450980392157,#f3ceb3,150.0,150,118,117.0,Claro / Light
2096,la mer,the soft fluid long wear foundation spf 20,natural,150,85.4901960784314,#f6d1be,150.0,150,69,118.0,Claro / Light
2097,bite beauty,changemaker supercharged micellar foundation,,d150,61.7647058823529,#c28f79,150.0,d150,18,82.0,Médio / Medium
2098,shiseido,synchro skin self-refreshing custom finish powder foundation,lace,150,79.8039215686275,#eec9a9,150.0,150,117,119.0,Claro / Light
2099,colourpop,pretty fresh foundation,dark,153c,55.0980392156863,#b18068,153.0,153c,33,65.0,Médio / Medium
2100,kvd vegan beauty,lock-it powder foundation,medium,155,59.8039215686274,#cc8f65,155.0,155,61,108.0,Médio / Medium
2101,kvd vegan beauty,lock-it powder foundation refills,medium,155,60.0,#cd9065,155.0,155,62,109.0,Médio / Medium
2102,colourpop,pretty fresh foundation,dark,155w,53.7254901960784,#b3855f,155.0,155w,33,65.0,Médio / Medium
2103,bite beauty,changemaker supercharged micellar foundation,,d155,54.901960784313694,#b47c64,155.0,d155,18,82.0,Médio / Medium
2104,colourpop,pretty fresh foundation,dark,157w,54.5098039215686,#ae8468,157.0,157w,33,65.0,Médio / Medium
2105,anastasia beverly hills,luminous foundation,,160c,76.2745098039216,#dec5a7,160.0,160c,5,91.0,Claro / Light
2106,kvd vegan beauty,lock-it powder foundation,tan,160,55.0980392156863,#c48855,160.0,160,61,108.0,Médio / Medium
2107,kvd vegan beauty,lock-it powder foundation refills,tan,160,55.6862745098039,#c48858,160.0,160,62,109.0,Médio / Medium
2108,lancôme,teint idole ultra wear 24h long wear foundation,ivoire w,160,71.3725490196078,#deaf8e,160.0,160,75,88.0,Médio / Medium
2109,florence by mills,like a light skin tint,,td160,50.3921568627451,#ae7153,160.0,td160,143,77.0,Médio / Medium
2110,lancôme,rénergie lift makeup lightweight liquid foundation spf 27,ivoire w,160,68.6274509803922,#d3a98b,160.0,160,72,89.0,Médio / Medium
2111,zoeva,authentik skin natural luminous foundation,faith,160n,73.921568627451,#e6b793,160.0,160n,128,78.0,Médio / Medium
2112,exa,high fidelity foundation,elliot,160,37.0588235294118,#7b5742,160.0,160,43,115.0,Escuro / Dark
2113,smith & cult,veiled threat weightless micro-blurring foundation,neutral,160,79.0196078431373,#ecc3a7,160.0,160,115,95.0,Claro / Light
2114,fenty beauty by rihanna,pro filt'r soft matte powder foundation,,160,81.1764705882353,#efcaaf,160.0,160,46,96.0,Claro / Light
2115,fenty beauty by rihanna,pro filt'r soft matte longwear foundation,,160,80.7843137254902,#fec29e,160.0,160,45,97.0,Claro / Light
2116,rare beauty by selena gomez,liquid touch weightless foundation,,160c,80.58823529411761,#f3c3a8,160.0,160c,102,98.0,Claro / Light
2117,fenty beauty by rihanna,pro filt'r hydrating longwear foundation,,160,78.4313725490196,#f1c29f,160.0,160,44,99.0,Claro / Light
2118,gucci,fluide de beauté fini naturel - natural finish fluid foundation,,160n,73.1372549019608,#e7b38e,160.0,160n,49,116.0,Médio / Medium
2119,shiseido,synchro skin self-refreshing foundation spf 30,,160,81.1764705882353,#f6cfa8,160.0,160,118,117.0,Claro / Light
2120,la mer,the soft fluid long wear foundation spf 20,crème,160,84.7058823529412,#f9dbb7,160.0,160,69,118.0,Claro / Light
2121,bite beauty,changemaker supercharged micellar foundation,,d160,53.137254901960794,#ac7863,160.0,d160,18,82.0,Médio / Medium
2122,shiseido,synchro skin self-refreshing custom finish powder foundation,shell,160,77.6470588235294,#f0c19c,160.0,160,117,119.0,Claro / Light
2123,kvd vegan beauty,lock-it powder foundation,tan,165,58.823529411764696,#d08c5c,165.0,165,61,108.0,Médio / Medium
2124,kvd vegan beauty,lock-it powder foundation refills,tan,165,59.8039215686274,#d18d60,165.0,165,62,109.0,Médio / Medium
2125,bite beauty,changemaker supercharged micellar foundation,,d165,53.921568627451,#b17662,165.0,d165,18,82.0,Médio / Medium
2126,kvd vegan beauty,lock-it powder foundation,tan,170,57.6470588235294,#ca8c5c,170.0,170,61,108.0,Médio / Medium
2127,kvd vegan beauty,lock-it powder foundation refills,tan,170,58.0392156862745,#c98d5f,170.0,170,62,109.0,Médio / Medium
2128,florence by mills,like a light skin tint,,d170,45.0980392156863,#98664e,170.0,d170,143,77.0,Escuro / Dark
2129,colourpop,pretty fresh foundation,dark,170n,53.921568627451,#ac7f67,170.0,170n,33,65.0,Médio / Medium
2130,zoeva,authentik skin natural luminous foundation,fearless,170w,72.9411764705882,#e8b88c,170.0,170w,128,78.0,Médio / Medium
2131,essence,pretty natural hydrating foundation,neutral cashmere,170,42.3529411764706,#a26936,170.0,170,42,79.0,Escuro / Dark
2132,exa,high fidelity foundation,paetynn,170,39.411764705882405,#985b31,170.0,170,43,115.0,Escuro / Dark
2133,smith & cult,veiled threat weightless micro-blurring foundation,warm,170,79.8039215686275,#edc1aa,170.0,170,115,95.0,Claro / Light
2134,fenty beauty by rihanna,pro filt'r soft matte powder foundation,,170,78.6274509803922,#e7c2aa,170.0,170,46,96.0,Claro / Light
2135,fenty beauty by rihanna,pro filt'r soft matte longwear foundation,,170,80.3921568627451,#f8c1a2,170.0,170,45,97.0,Claro / Light
2136,rare beauty by selena gomez,liquid touch weightless foundation,,170w,77.2549019607843,#e6c5a4,170.0,170w,102,98.0,Claro / Light
2137,fenty beauty by rihanna,pro filt'r hydrating longwear foundation,,170,77.84313725490199,#eac1a3,170.0,170,44,99.0,Claro / Light
2138,gucci,fluide de beauté fini naturel - natural finish fluid foundation,,170w,76.2745098039216,#eabf9b,170.0,170w,49,116.0,Claro / Light
2139,la mer,the soft fluid long wear foundation spf 20,warm cameo,170,89.21568627450979,#fde2ca,170.0,170,69,118.0,Claro / Light
2140,bite beauty,changemaker supercharged micellar foundation,,d170,51.5686274509804,#a8705f,170.0,d170,18,82.0,Médio / Medium
2141,colourpop,pretty fresh foundation,dark,173n,51.176470588235304,#a6775f,173.0,173n,33,65.0,Médio / Medium
2142,kvd vegan beauty,lock-it powder foundation,tan,175,59.21568627450981,#d08d5e,175.0,175,61,108.0,Médio / Medium
2143,kvd vegan beauty,lock-it powder foundation refills,tan,175,59.6078431372549,#d08c60,175.0,175,62,109.0,Médio / Medium
2144,colourpop,pretty fresh foundation,dark,175w,55.88235294117651,#b1856c,175.0,175w,33,65.0,Médio / Medium
2145,bite beauty,changemaker supercharged micellar foundation,,d175,50.3921568627451,#a16f60,175.0,d175,18,82.0,Médio / Medium
2146,kvd vegan beauty,lock-it powder foundation,tan deep,180,56.078431372549,#c68458,180.0,180,61,108.0,Médio / Medium
2147,kvd vegan beauty,lock-it powder foundation refills,tan deep,180,56.470588235294095,#c78459,180.0,180,62,109.0,Médio / Medium
2148,revlon,colorstay makeup for combo/oily skin,sand beige,180,77.2549019607843,#f2bd98,180.0,180,105,111.0,Claro / Light
2149,revlon,colorstay makeup for normal/dry skin,sand beige,180,77.2549019607843,#f2bd98,180.0,180,106,112.0,Claro / Light
2150,florence by mills,like a light skin tint,,d180,45.0980392156863,#9c644a,180.0,d180,143,77.0,Escuro / Dark
2151,colourpop,pretty fresh foundation,dark,180n,53.529411764705905,#a67c6b,180.0,180n,33,65.0,Médio / Medium
2152,zoeva,authentik skin natural luminous foundation,freedom,180c,69.0196078431373,#e1ab7f,180.0,180c,128,78.0,Médio / Medium
2153,essence,pretty natural hydrating foundation,cool terra,180,41.3725490196078,#a06733,180.0,180,42,79.0,Escuro / Dark
2154,exa,high fidelity foundation,annette,180,37.843137254902,#915f30,180.0,180,43,115.0,Escuro / Dark
2155,smith & cult,veiled threat weightless micro-blurring foundation,cool,180,75.0980392156863,#e6b299,180.0,180,115,95.0,Claro / Light
2156,fenty beauty by rihanna,pro filt'r soft matte powder foundation,,180,82.94117647058819,#f3cfb4,180.0,180,46,96.0,Claro / Light
2157,fenty beauty by rihanna,pro filt'r soft matte longwear foundation,,180,73.921568627451,#f8b481,180.0,180,45,97.0,Médio / Medium
2158,rare beauty by selena gomez,liquid touch weightless foundation,,180w,78.2352941176471,#e8c2a7,180.0,180w,102,98.0,Claro / Light
2159,fenty beauty by rihanna,pro filt'r hydrating longwear foundation,,180,71.3725490196078,#e7b485,180.0,180,44,99.0,Médio / Medium
2160,gucci,fluide de beauté fini naturel - natural finish fluid foundation,,180w,76.078431372549,#e7bf9d,180.0,180w,49,116.0,Claro / Light
2161,la mer,the soft fluid long wear foundation spf 20,linen,180,79.2156862745098,#efc9a5,180.0,180,69,118.0,Claro / Light
2162,bite beauty,changemaker supercharged micellar foundation,,d180,48.823529411764696,#976a62,180.0,d180,18,82.0,Escuro / Dark
2163,kvd vegan beauty,lock-it powder foundation,tan deep,185,44.7058823529412,#a16543,185.0,185,61,108.0,Escuro / Dark
2164,kvd vegan beauty,lock-it powder foundation refills,tan deep,185,46.078431372549,#a56a46,185.0,185,62,109.0,Escuro / Dark
2165,colourpop,pretty fresh foundation,deep dark,185w,45.8823529411765,#a56945,185.0,185w,33,65.0,Escuro / Dark
2166,fenty beauty by rihanna,pro filt'r soft matte powder foundation,,185,78.0392156862745,#edc5a1,185.0,185,46,96.0,Claro / Light
2167,fenty beauty by rihanna,pro filt'r soft matte longwear foundation,,185,82.54901960784309,#fed0a7,185.0,185,45,97.0,Claro / Light
2168,fenty beauty by rihanna,pro filt'r hydrating longwear foundation,,185,80.3921568627451,#f2d0a8,185.0,185,44,99.0,Claro / Light
2169,bite beauty,changemaker supercharged micellar foundation,,d185,40.0,#795853,185.0,d185,18,82.0,Escuro / Dark
2170,kvd vegan beauty,lock-it powder foundation,tan deep,190,44.9019607843137,#a26843,190.0,190,61,108.0,Escuro / Dark
2171,kvd vegan beauty,lock-it powder foundation refills,tan deep,190,45.4901960784314,#a46b44,190.0,190,62,109.0,Escuro / Dark
2172,lancôme,teint idole ultra wear 24h long wear foundation,ivoire w,190,67.6470588235294,#ddb07c,190.0,190,75,88.0,Médio / Medium
2173,colourpop,pretty fresh foundation,deep dark,190w,47.6470588235294,#a37050,190.0,190w,33,65.0,Escuro / Dark
2174,zoeva,authentik skin natural luminous foundation,generous,190n,70.3921568627451,#e3b284,190.0,190n,128,78.0,Médio / Medium
2175,exa,high fidelity foundation,,190,45.8823529411765,#966c54,190.0,190,43,115.0,Escuro / Dark
2176,smith & cult,veiled threat weightless micro-blurring foundation,warm,190,74.9019607843137,#ebb793,190.0,190,115,95.0,Médio / Medium
2177,fenty beauty by rihanna,pro filt'r soft matte powder foundation,,190,77.6470588235294,#e8c2a4,190.0,190,46,96.0,Claro / Light
2178,fenty beauty by rihanna,pro filt'r soft matte longwear foundation,,190,78.2352941176471,#f6c299,190.0,190,45,97.0,Claro / Light
2179,rare beauty by selena gomez,liquid touch weightless foundation,,190w,76.078431372549,#e7c49d,190.0,190w,102,98.0,Claro / Light
2180,fenty beauty by rihanna,pro filt'r hydrating longwear foundation,,190,75.8823529411765,#e8c29b,190.0,190,44,99.0,Claro / Light
2181,kvd vegan beauty,lock-it powder foundation,deep,195,47.0588235294118,#a4674c,195.0,195,61,108.0,Escuro / Dark
2182,kvd vegan beauty,lock-it powder foundation refills,deep,195,46.4705882352941,#a3684a,195.0,195,62,109.0,Escuro / Dark
2183,anastasia beverly hills,luminous foundation,,200w,78.0392156862745,#edcaa1,200.0,200w,5,91.0,Claro / Light
2184,kvd vegan beauty,lock-it powder foundation,deep,200,43.7254901960784,#9f6240,200.0,200,61,108.0,Escuro / Dark
2185,kvd vegan beauty,lock-it powder foundation refills,deep,200,43.3333333333333,#9c6141,200.0,200,62,109.0,Escuro / Dark
2186,revlon,colorstay makeup for combo/oily skin,nude,200,76.6666666666667,#f1b396,200.0,200,105,111.0,Claro / Light
2187,almay,clear complexion make myself clear makeup,buff,200,73.921568627451,#e7b692,200.0,200,2,92.0,Médio / Medium
2188,revlon,colorstay makeup for normal/dry skin,nude,200,76.6666666666667,#f1b396,200.0,200,106,112.0,Claro / Light
2189,revlon,colorstay full cover foundation,nude,200,82.156862745098,#f5ccae,200.0,200,103,113.0,Claro / Light
2190,juvia's place,i am magic foundation,kenya,200,34.9019607843137,#8d4525,200.0,200,57,93.0,Escuro / Dark
2191,florence by mills,like a light skin tint,,d200,33.921568627451,#664d47,200.0,d200,143,77.0,Escuro / Dark
2192,colourpop,pretty fresh foundation,deep dark,200n,47.0588235294118,#986a58,200.0,200n,33,65.0,Escuro / Dark
2193,zoeva,authentik skin natural luminous foundation,geniune,200w,70.1960784313725,#e8b37e,200.0,200w,128,78.0,Médio / Medium
2194,exa,high fidelity foundation,rae,200,36.2745098039216,#8d562c,200.0,200,43,115.0,Escuro / Dark
2195,smith & cult,veiled threat weightless micro-blurring foundation,neutral,200,69.8039215686274,#ddae87,200.0,200,115,95.0,Médio / Medium
2196,fenty beauty by rihanna,pro filt'r soft matte powder foundation,,200,79.4117647058823,#eac4ab,200.0,200,46,96.0,Claro / Light
2197,fenty beauty by rihanna,pro filt'r soft matte longwear foundation,,200,79.4117647058823,#fac29b,200.0,200,45,97.0,Claro / Light
2198,rare beauty by selena gomez,liquid touch weightless foundation,,200c,77.4509803921569,#efc39c,200.0,200c,102,98.0,Claro / Light
2199,fenty beauty by rihanna,pro filt'r hydrating longwear foundation,,200,76.6666666666667,#ebc19c,200.0,200,44,99.0,Claro / Light
2200,huda beauty,#fauxfilter skin finish buildable coverage foundation stick,,200b,89.01960784313721,#f9dfcd,200.0,200b,52,100.0,Claro / Light
2201,huda beauty,#fauxfilter full coverage matte foundation,shortbread,200b,69.0196078431373,#d2af8e,200.0,200b,51,101.0,Médio / Medium
2202,la mer,the soft fluid long wear foundation spf 20,dune,200,82.156862745098,#eec8b5,200.0,200,69,118.0,Claro / Light
2203,givenchy,teint couture city balm radiant perfecting skin tint spf 25,,n200,67.6470588235294,#ceae8b,200.0,n200,48,107.0,Médio / Medium
2204,origins,pretty in bloom™ spf 20 flower-infused long-wear foundation,,200,78.4313725490196,#e5c5ab,200.0,200,98,102.0,Claro / Light
2205,amorepacific,color control cushion compact broad spectrum spf 50+,light/medium yellow,204,68.4313725490196,#d5a988,204.0,204,1,106.0,Médio / Medium
2206,kvd vegan beauty,lock-it powder foundation,deep,205,44.509803921568604,#a36140,205.0,205,61,108.0,Escuro / Dark
2207,kvd vegan beauty,lock-it powder foundation refills,deep,205,44.509803921568604,#a4633f,205.0,205,62,109.0,Escuro / Dark
2208,covergirl,olay simply ageless foundation,ivory,205,90.7843137254902,#f9e4d6,205.0,205,35,121.0,Claro / Light
2209,lancôme,dual finish multi-tasking lightweight pressed powder foundation,versatile neutrale ii,205,82.94117647058819,#f3d2b4,205.0,205,71,120.0,Claro / Light
2210,juvia's place,i am magic foundation,tanzania,205,34.5098039215686,#894327,205.0,205,57,93.0,Escuro / Dark
2211,colourpop,pretty fresh foundation,deep dark,205n,44.509803921568604,#906253,205.0,205n,33,65.0,Escuro / Dark
2212,make up for ever,ultra hd invisible cover foundation,,y205,79.6078431372549,#e0c4b6,205.0,y205,80,122.0,Claro / Light
2213,make up for ever,matte velvet skin full coverage foundation,,y205,89.60784313725489,#f7e6d2,205.0,y205,78,123.0,Claro / Light
2214,make up for ever,ultra hd invisible cover stick foundation,,y205,83.7254901960784,#e9cdc2,205.0,y205,81,124.0,Claro / Light
2215,givenchy,teint couture city balm radiant perfecting skin tint spf 25,,c205,68.2352941176471,#c9ab93,205.0,c205,48,107.0,Médio / Medium
2216,make up for ever,reboot active care revitalizing foundation,,r208,78.6274509803922,#e3c5ae,208.0,r208,79,125.0,Claro / Light
2217,amorepacific,color control cushion compact broad spectrum spf 50+,medium yellow,208,64.7058823529412,#d19b79,208.0,208,1,106.0,Médio / Medium
2218,givenchy,teint couture city balm radiant perfecting skin tint spf 25,,w208,66.07843137254899,#c9a488,208.0,w208,48,107.0,Médio / Medium
2219,anastasia beverly hills,luminous foundation,,210n,78.82352941176471,#e8c9aa,210.0,210n,5,91.0,Claro / Light
2220,kvd vegan beauty,lock-it powder foundation,deep,210,45.294117647058805,#a16246,210.0,210,61,108.0,Escuro / Dark
2221,kvd vegan beauty,lock-it powder foundation refills,deep,210,45.294117647058805,#a36244,210.0,210,62,109.0,Escuro / Dark
2222,lancôme,teint idole ultra longwear foundation stick spf 21,buff n,210,73.1372549019608,#deb997,210.0,210,74,110.0,Médio / Medium
2223,covergirl,olay simply ageless foundation,classic ivory,210,79.2156862745098,#eac9aa,210.0,210,35,121.0,Claro / Light
2224,lancôme,dual finish multi-tasking lightweight pressed powder foundation,versatile clair ii,210,81.7647058823529,#f0cdb1,210.0,210,71,120.0,Claro / Light
2225,revlon,colorstay full cover foundation,sand beige,210,80.7843137254902,#eccdb0,210.0,210,103,113.0,Claro / Light
2226,lancôme,teint idole ultra wear 24h long wear foundation,buff n,210,72.7450980392157,#ddb896,210.0,210,75,88.0,Médio / Medium
2227,juvia's place,i am magic foundation,togo,210,31.960784313725497,#7a4129,210.0,210,57,93.0,Escuro / Dark
2228,lancôme,rénergie lift makeup lightweight liquid foundation spf 27,buff n,210,66.8627450980392,#d7a87e,210.0,210,72,89.0,Médio / Medium
2229,colourpop,pretty fresh foundation,deep dark,210c,38.8235294117647,#7c534a,210.0,210c,33,65.0,Escuro / Dark
2230,revlon,colorstay light cover liquid foundation,crème brulee,210,69.41176470588239,#d6b28c,210.0,210,104,114.0,Médio / Medium
2231,zoeva,authentik skin natural luminous foundation,gifted,210n,66.8627450980392,#dda278,210.0,210n,128,78.0,Médio / Medium
2232,exa,high fidelity foundation,jessica,210,47.2549019607843,#b07541,210.0,210,43,115.0,Escuro / Dark
2233,smith & cult,veiled threat weightless micro-blurring foundation,cool,210,69.0196078431373,#dfa881,210.0,210,115,95.0,Médio / Medium
2234,fenty beauty by rihanna,pro filt'r soft matte powder foundation,,210,72.5490196078431,#e2b190,210.0,210,46,96.0,Médio / Medium
2235,fenty beauty by rihanna,pro filt'r soft matte longwear foundation,,210,78.4313725490196,#f6c29a,210.0,210,45,97.0,Claro / Light
2236,make up for ever,ultra hd invisible cover foundation,,r210,71.17647058823529,#d0af9b,210.0,r210,80,122.0,Médio / Medium
2237,rare beauty by selena gomez,liquid touch weightless foundation,,210n,71.17647058823529,#e2b489,210.0,210n,102,98.0,Médio / Medium
2238,make up for ever,matte velvet skin blurring powder foundation,,r210,92.35294117647061,#ffe2d8,210.0,r210,77,126.0,Claro / Light
2239,fenty beauty by rihanna,pro filt'r hydrating longwear foundation,,210,76.2745098039216,#e9c19c,210.0,210,44,99.0,Claro / Light
2240,huda beauty,#fauxfilter skin finish buildable coverage foundation stick,,210b,80.7843137254902,#f0cbac,210.0,210b,52,100.0,Claro / Light
2241,gucci,fluide de beauté fini naturel - natural finish fluid foundation,,210n,71.9607843137255,#dfb090,210.0,210n,49,116.0,Médio / Medium
2242,make up for ever,matte velvet skin full coverage foundation,,r210,88.2352941176471,#f2e1d0,210.0,r210,78,123.0,Claro / Light
2243,huda beauty,#fauxfilter full coverage matte foundation,chai,210b,70.7843137254902,#ddaf8c,210.0,210b,51,101.0,Médio / Medium
2244,shiseido,synchro skin self-refreshing foundation spf 30,,210,83.3333333333333,#f5d3b4,210.0,210,118,117.0,Claro / Light
2245,la mer,the soft fluid long wear foundation spf 20,bisque,210,68.4313725490196,#caa493,210.0,210,69,118.0,Médio / Medium
2246,colourpop,pretty fresh foundation,deep dark,213c,38.8235294117647,#855341,213.0,213c,33,65.0,Escuro / Dark
2247,koh gen do,aqua foundation,,213,77.6470588235294,#dfc5ad,213.0,213,64,63.0,Claro / Light
2248,kvd vegan beauty,lock-it powder foundation,rich deep,215,44.9019607843137,#9d5f48,215.0,215,61,108.0,Escuro / Dark
2249,kvd vegan beauty,lock-it powder foundation refills,rich deep,215,44.1176470588235,#9a5e47,215.0,215,62,109.0,Escuro / Dark
2250,covergirl,olay simply ageless foundation,natural ivory,215,75.49019607843141,#e3b49e,215.0,215,35,121.0,Claro / Light
2251,lancôme,teint idole ultra wear 24h long wear foundation,buff n,215,71.9607843137255,#dfb290,215.0,215,75,88.0,Médio / Medium
2252,colourpop,pretty fresh foundation,deep dark,215n,33.1372549019608,#6a483f,215.0,215n,33,65.0,Escuro / Dark
2253,make up for ever,ultra hd invisible cover foundation,,y215,76.078431372549,#ddbfa7,215.0,y215,80,122.0,Claro / Light
2254,make up for ever,matte velvet skin blurring powder foundation,,y215,90.3921568627451,#ffddce,215.0,y215,77,126.0,Claro / Light
2255,make up for ever,matte velvet skin full coverage foundation,,y215,86.6666666666667,#f1e1c9,215.0,y215,78,123.0,Claro / Light
2256,make up for ever,ultra hd invisible cover stick foundation,,y215,72.5490196078431,#d9b199,215.0,y215,81,124.0,Médio / Medium
2257,make up for ever,ultra hd invisible cover foundation,,y218,74.7058823529412,#ddc0a0,218.0,y218,80,122.0,Médio / Medium
2258,make up for ever,reboot active care revitalizing foundation,,y218,76.6666666666667,#e2c2a5,218.0,y218,79,125.0,Claro / Light
2259,anastasia beverly hills,luminous foundation,,220n,71.17647058823529,#d5b596,220.0,220n,5,91.0,Médio / Medium
2260,kvd vegan beauty,lock-it powder foundation,rich deep,220,41.1764705882353,#9c5936,220.0,220,61,108.0,Escuro / Dark
2261,kvd vegan beauty,lock-it powder foundation refills,rich deep,220,41.3725490196078,#9d5936,220.0,220,62,109.0,Escuro / Dark
2262,covergirl,olay simply ageless foundation,creamy natural,220,80.3921568627451,#eac9b0,220.0,220,35,121.0,Claro / Light
2263,lancôme,dual finish multi-tasking lightweight pressed powder foundation,versatile buff ii,220,81.9607843137255,#f2cab0,220.0,220,71,120.0,Claro / Light
2264,revlon,colorstay makeup for combo/oily skin,natural beige,220,76.2745098039216,#e9b19c,220.0,220,105,111.0,Claro / Light
2265,maybelline,fit me matte + poreless liquid foundation,natural beige,220,77.2549019607843,#eac5a0,220.0,220,90,104.0,Claro / Light
2266,revlon,colorstay makeup for normal/dry skin,natural beige,220,76.2745098039216,#e9b19c,220.0,220,106,112.0,Claro / Light
2267,revlon,colorstay full cover foundation,natural beige,220,77.0588235294118,#ecc29d,220.0,220,103,113.0,Claro / Light
2268,maybelline,super stay full coverage foundation,natural beige,220,63.921568627450995,#c4a682,220.0,220,91,105.0,Médio / Medium
2269,lancôme,teint idole ultra wear 24h long wear foundation,buff c,220,71.7647058823529,#dcb392,220.0,220,75,88.0,Médio / Medium
2270,juvia's place,i am magic foundation,dakar,220,36.4705882352941,#90452a,220.0,220,57,93.0,Escuro / Dark
2271,lancôme,rénergie lift makeup lightweight liquid foundation spf 27,buff c,220,78.0392156862745,#e8c6a6,220.0,220,72,89.0,Claro / Light
2272,revlon,colorstay light cover liquid foundation,natural beige,220,66.6666666666667,#d6a67e,220.0,220,104,114.0,Médio / Medium
2273,zoeva,authentik skin natural luminous foundation,glorious,220w,69.8039215686274,#e7a87d,220.0,220w,128,78.0,Médio / Medium
2274,exa,high fidelity foundation,soraya,220,39.8039215686274,#a0662b,220.0,220,43,115.0,Escuro / Dark
2275,smith & cult,veiled threat weightless micro-blurring foundation,neutral,220,69.6078431372549,#d9ac8a,220.0,220,115,95.0,Médio / Medium
2276,fenty beauty by rihanna,pro filt'r soft matte powder foundation,,220,75.2941176470588,#e6b99a,220.0,220,46,96.0,Claro / Light
2277,fenty beauty by rihanna,pro filt'r soft matte longwear foundation,,220,74.50980392156859,#f3b389,220.0,220,45,97.0,Médio / Medium
2278,make up for ever,ultra hd invisible cover foundation,,r220,69.8039215686274,#cea996,220.0,r220,80,122.0,Médio / Medium
2279,rare beauty by selena gomez,liquid touch weightless foundation,,220c,79.6078431372549,#efc3a7,220.0,220c,102,98.0,Claro / Light
2280,make up for ever,matte velvet skin blurring powder foundation,,r220,90.1960784313726,#ffdbcd,220.0,r220,77,126.0,Claro / Light
2281,fenty beauty by rihanna,pro filt'r hydrating longwear foundation,,220,73.5294117647059,#e5b792,220.0,220,44,99.0,Médio / Medium
2282,huda beauty,#fauxfilter skin finish buildable coverage foundation stick,,220n,81.5686274509804,#f6d1aa,220.0,220n,52,100.0,Claro / Light
2283,gucci,fluide de beauté fini naturel - natural finish fluid foundation,,220n,70.5882352941177,#dbad8d,220.0,220n,49,116.0,Médio / Medium
2284,huda beauty,#fauxfilter full coverage matte foundation,custard,220n,62.54901960784311,#ca9b75,220.0,220n,51,101.0,Médio / Medium
2285,shiseido,synchro skin self-refreshing foundation spf 30,,220,82.94117647058819,#f6d6b1,220.0,220,118,117.0,Claro / Light
2286,la mer,the soft fluid long wear foundation spf 20,neutral,220,80.1960784313726,#f3c4a6,220.0,220,69,118.0,Claro / Light
2287,shiseido,synchro skin self-refreshing custom finish powder foundation,linen,220,76.6666666666667,#efc098,220.0,220,117,119.0,Claro / Light
2288,origins,pretty in bloom™ spf 20 flower-infused long-wear foundation,,220,70.3921568627451,#d7b190,220.0,220,98,102.0,Médio / Medium
2289,maybelline,fit me matte + poreless liquid foundation,true beige,222,74.3137254901961,#e5b396,222.0,222,90,104.0,Médio / Medium
2290,kvd vegan beauty,lock-it powder foundation,rich deep,225,36.4705882352941,#804f3a,225.0,225,61,108.0,Escuro / Dark
2291,kvd vegan beauty,lock-it powder foundation refills,rich deep,225,36.8627450980392,#804e3c,225.0,225,62,109.0,Escuro / Dark
2292,covergirl,olay simply ageless foundation,buff beige,225,77.0588235294118,#eabe9f,225.0,225,35,121.0,Claro / Light
2293,make up for ever,ultra hd invisible cover foundation,,y225,68.2352941176471,#c5af97,225.0,y225,80,122.0,Médio / Medium
2294,make up for ever,reboot active care revitalizing foundation,,y225,68.8235294117647,#d2b08d,225.0,y225,79,125.0,Médio / Medium
2295,make up for ever,matte velvet skin blurring powder foundation,,y225,88.4313725490196,#ffddc4,225.0,y225,77,126.0,Claro / Light
2296,make up for ever,matte velvet skin full coverage foundation,,y225,80.58823529411761,#e7d2b4,225.0,y225,78,123.0,Claro / Light
2297,make up for ever,ultra hd invisible cover stick foundation,,y225,80.3921568627451,#ecc6ae,225.0,y225,81,124.0,Claro / Light
2298,maybelline,fit me matte + poreless liquid foundation,soft tan,228,70.3921568627451,#e0b087,228.0,228,90,104.0,Médio / Medium
2299,anastasia beverly hills,luminous foundation,,230n,68.2352941176471,#d5ac87,230.0,230n,5,91.0,Médio / Medium
2300,kvd vegan beauty,lock-it powder foundation,rich deep,230,36.8627450980392,#844d38,230.0,230,61,108.0,Escuro / Dark
2301,kvd vegan beauty,lock-it powder foundation refills,rich deep,230,36.4705882352941,#834b37,230.0,230,62,109.0,Escuro / Dark
2302,lancôme,teint idole ultra longwear foundation stick spf 21,buff w,230,62.3529411764706,#ce9b70,230.0,230,74,110.0,Médio / Medium
2303,covergirl,olay simply ageless foundation,classic beige,230,79.8039215686275,#e9c7ae,230.0,230,35,121.0,Claro / Light
2304,lancôme,dual finish multi-tasking lightweight pressed powder foundation,versatile ecru ii,230,80.1960784313726,#f2cfa7,230.0,230,71,120.0,Claro / Light
2305,maybelline,fit me matte + poreless liquid foundation,natural buff,230,72.5490196078431,#e8ae8a,230.0,230,90,104.0,Médio / Medium
2306,lancôme,teint idole ultra wear 24h long wear foundation,buff w,230,70.9803921568627,#dfb58b,230.0,230,75,88.0,Médio / Medium
2307,juvia's place,i am magic foundation,malawi,230,38.4313725490196,#9e5426,230.0,230,57,93.0,Escuro / Dark
2308,lancôme,rénergie lift makeup lightweight liquid foundation spf 27,porcelaine 40 c,230,65.6862745098039,#dca473,230.0,230,72,89.0,Médio / Medium
2309,zoeva,authentik skin natural luminous foundation,grace,230w,67.05882352941181,#e6a470,230.0,230w,128,78.0,Médio / Medium
2310,essence,pretty natural hydrating foundation,cool chestnut,230,34.9019607843137,#8c5526,230.0,230,42,79.0,Escuro / Dark
2311,exa,high fidelity foundation,mia,230,48.823529411764696,#b07249,230.0,230,43,115.0,Escuro / Dark
2312,smith & cult,veiled threat weightless micro-blurring foundation,warm,230,71.17647058823529,#e0af8b,230.0,230,115,95.0,Médio / Medium
2313,fenty beauty by rihanna,pro filt'r soft matte powder foundation,,230,72.7450980392157,#deb295,230.0,230,46,96.0,Médio / Medium
2314,fenty beauty by rihanna,pro filt'r soft matte longwear foundation,,230,74.9019607843137,#f2b38c,230.0,230,45,97.0,Médio / Medium
2315,make up for ever,ultra hd invisible cover foundation,,r230,67.6470588235294,#c3a796,230.0,r230,80,122.0,Médio / Medium
2316,rare beauty by selena gomez,liquid touch weightless foundation,,230n,75.0980392156863,#e7c298,230.0,230n,102,98.0,Claro / Light
2317,make up for ever,reboot active care revitalizing foundation,,r230,70.7843137254902,#d4b295,230.0,r230,79,125.0,Médio / Medium
2318,make up for ever,matte velvet skin blurring powder foundation,,r230,88.6274509803922,#ffd7c5,230.0,r230,77,126.0,Claro / Light
2319,fenty beauty by rihanna,pro filt'r hydrating longwear foundation,,230,73.5294117647059,#e4b793,230.0,230,44,99.0,Médio / Medium
2320,huda beauty,#fauxfilter skin finish buildable coverage foundation stick,,230n,82.7450980392157,#f8d1ae,230.0,230n,52,100.0,Claro / Light
2321,gucci,fluide de beauté fini naturel - natural finish fluid foundation,,230w,73.7254901960784,#ecb48c,230.0,230w,49,116.0,Médio / Medium
2322,make up for ever,matte velvet skin full coverage foundation,,r230,85.0980392156863,#edd9c5,230.0,r230,78,123.0,Claro / Light
2323,make up for ever,ultra hd invisible cover stick foundation,,r230,88.8235294117647,#f7d9ce,230.0,r230,81,124.0,Claro / Light
2324,huda beauty,#fauxfilter full coverage matte foundation,macaroon,230n,66.07843137254899,#cca785,230.0,230n,51,101.0,Médio / Medium
2325,shiseido,synchro skin self-refreshing foundation spf 30,,230,81.7647058823529,#f5d0ac,230.0,230,118,117.0,Claro / Light
2326,la mer,the soft fluid long wear foundation spf 20,light ochre,230,82.7450980392157,#f5d4b1,230.0,230,69,118.0,Claro / Light
2327,origins,pretty in bloom™ spf 20 flower-infused long-wear foundation,,230,75.6862745098039,#dec2a4,230.0,230,98,102.0,Claro / Light
2328,covergirl,olay simply ageless foundation,medium light,235,75.49019607843141,#e3b59e,235.0,235,35,121.0,Claro / Light
2329,maybelline,fit me matte + poreless liquid foundation,pure beige,235,78.82352941176471,#ebbfa7,235.0,235,90,104.0,Claro / Light
2330,fenty beauty by rihanna,pro filt'r soft matte powder foundation,,235,65.6862745098039,#d6a979,235.0,235,46,96.0,Médio / Medium
2331,fenty beauty by rihanna,pro filt'r soft matte longwear foundation,,235,71.5686274509804,#fcb471,235.0,235,45,97.0,Médio / Medium
2332,make up for ever,ultra hd invisible cover foundation,,y235,70.3921568627451,#c9b19e,235.0,y235,80,122.0,Médio / Medium
2333,make up for ever,matte velvet skin blurring powder foundation,,y235,87.6470588235294,#ffd4c0,235.0,y235,77,126.0,Claro / Light
2334,fenty beauty by rihanna,pro filt'r hydrating longwear foundation,,235,69.2156862745098,#eab477,235.0,235,44,99.0,Médio / Medium
2335,make up for ever,matte velvet skin full coverage foundation,,y235,78.82352941176471,#e7cdab,235.0,y235,78,123.0,Claro / Light
2336,maybelline,fit me matte + poreless liquid foundation,rich tan,238,71.17647058823529,#dbae90,238.0,238,90,104.0,Médio / Medium
2337,anastasia beverly hills,luminous foundation,,240n,69.6078431372549,#dcb087,240.0,240n,5,91.0,Médio / Medium
2338,covergirl,olay simply ageless foundation,natural beige,240,75.49019607843141,#e6b89b,240.0,240,35,121.0,Claro / Light
2339,lancôme,dual finish multi-tasking lightweight pressed powder foundation,versatile rose clair ii,240,81.7647058823529,#f1cab0,240.0,240,71,120.0,Claro / Light
2340,revlon,colorstay makeup for combo/oily skin,medium beige,240,72.15686274509801,#e3ad8d,240.0,240,105,111.0,Médio / Medium
2341,revlon,colorstay makeup for normal/dry skin,medium beige,240,72.15686274509801,#e3ad8d,240.0,240,106,112.0,Médio / Medium
2342,revlon,colorstay full cover foundation,medium beige,240,73.1372549019608,#e5ba90,240.0,240,103,113.0,Médio / Medium
2343,juvia's place,i am magic foundation,lagos,240,37.0588235294118,#90502d,240.0,240,57,93.0,Escuro / Dark
2344,lancôme,rénergie lift makeup lightweight liquid foundation spf 27,clair 10 c,240,67.6470588235294,#dca67d,240.0,240,72,89.0,Médio / Medium
2345,revlon,colorstay light cover liquid foundation,medium beige,240,71.17647058823529,#e0ab8b,240.0,240,104,114.0,Médio / Medium
2346,zoeva,authentik skin natural luminous foundation,gratitude,240n,62.156862745097996,#d99a64,240.0,240n,128,78.0,Médio / Medium
2347,exa,high fidelity foundation,reilly,240,50.9803921568627,#b37b51,240.0,240,43,115.0,Médio / Medium
2348,smith & cult,veiled threat weightless micro-blurring foundation,neutral,240,70.7843137254902,#d9b090,240.0,240,115,95.0,Médio / Medium
2349,fenty beauty by rihanna,pro filt'r soft matte powder foundation,,240,69.41176470588239,#dcab86,240.0,240,46,96.0,Médio / Medium
2350,fenty beauty by rihanna,pro filt'r soft matte longwear foundation,,240,74.7058823529412,#eeb78f,240.0,240,45,97.0,Médio / Medium
2351,rare beauty by selena gomez,liquid touch weightless foundation,,240w,69.41176470588239,#e0b382,240.0,240w,102,98.0,Médio / Medium
2352,fenty beauty by rihanna,pro filt'r hydrating longwear foundation,,240,68.8235294117647,#dbad84,240.0,240,44,99.0,Médio / Medium
2353,huda beauty,#fauxfilter skin finish buildable coverage foundation stick,,240n,81.7647058823529,#f1cfb0,240.0,240n,52,100.0,Claro / Light
2354,gucci,fluide de beauté fini naturel - natural finish fluid foundation,,240w,66.8627450980392,#d9a77c,240.0,240w,49,116.0,Médio / Medium
2355,huda beauty,#fauxfilter full coverage matte foundation,toasted coconut,240n,66.6666666666667,#d4a980,240.0,240n,51,101.0,Médio / Medium
2356,shiseido,synchro skin self-refreshing foundation spf 30,,240,82.3529411764706,#f1cfb3,240.0,240,118,117.0,Claro / Light
2357,la mer,the soft fluid long wear foundation spf 20,buff,240,57.843137254902,#b28c75,240.0,240,69,118.0,Médio / Medium
2358,shiseido,synchro skin self-refreshing custom finish powder foundation,quartz,240,74.50980392156859,#e9b493,240.0,240,117,119.0,Médio / Medium
2359,origins,pretty in bloom™ spf 20 flower-infused long-wear foundation,,240,71.3725490196078,#daad92,240.0,240,98,102.0,Médio / Medium
2360,maybelline,fit me matte + poreless liquid foundation,light honey,242,71.7647058823529,#e1a58d,242.0,242,90,104.0,Médio / Medium
2361,make up for ever,reboot active care revitalizing foundation,,y244,67.6470588235294,#ceab8b,244.0,y244,79,125.0,Médio / Medium
2362,maybelline,fit me matte + poreless liquid foundation,classic beige,245,61.7647058823529,#c29679,245.0,245,90,104.0,Médio / Medium
2363,make up for ever,ultra hd invisible cover foundation,,y245,63.921568627450995,#c0a186,245.0,y245,80,122.0,Médio / Medium
2364,make up for ever,matte velvet skin blurring powder foundation,,y245,85.88235294117649,#ffd3b7,245.0,y245,77,126.0,Claro / Light
2365,huda beauty,#fauxfilter skin finish buildable coverage foundation stick,,245b,81.7647058823529,#f8c8a9,245.0,245b,52,100.0,Claro / Light
2366,make up for ever,matte velvet skin full coverage foundation,,y245,76.078431372549,#e4c9a0,245.0,y245,78,123.0,Claro / Light
2367,make up for ever,ultra hd invisible cover stick foundation,,y245,67.843137254902,#d5a485,245.0,y245,81,124.0,Médio / Medium
2368,anastasia beverly hills,luminous foundation,,250c,68.2352941176471,#d5b187,250.0,250c,5,91.0,Médio / Medium
2369,revlon,colorstay makeup for combo/oily skin,fresh beige,250,78.6274509803922,#e6bbab,250.0,250,105,111.0,Claro / Light
2370,revlon,colorstay makeup for normal/dry skin,fresh beige,250,78.6274509803922,#e6bbab,250.0,250,106,112.0,Claro / Light
2371,lancôme,teint idole ultra wear 24h long wear foundation,bisque w,250,72.5490196078431,#e1b791,250.0,250,75,88.0,Médio / Medium
2372,lancôme,rénergie lift makeup lightweight liquid foundation spf 27,bisque w,250,62.156862745097996,#c79976,250.0,250,72,89.0,Médio / Medium
2373,zoeva,authentik skin natural luminous foundation,happy,250n,61.960784313725505,#dd985f,250.0,250n,128,78.0,Médio / Medium
2374,exa,high fidelity foundation,valentine,250,58.627450980392204,#c78c64,250.0,250,43,115.0,Médio / Medium
2375,smith & cult,veiled threat weightless micro-blurring foundation,warm,250,71.3725490196078,#e7af85,250.0,250,115,95.0,Médio / Medium
2376,fenty beauty by rihanna,pro filt'r soft matte powder foundation,,250,72.9411764705882,#e8b48c,250.0,250,46,96.0,Médio / Medium
2377,fenty beauty by rihanna,pro filt'r soft matte longwear foundation,,250,70.0,#f3ad72,250.0,250,45,97.0,Médio / Medium
2378,make up for ever,ultra hd invisible cover foundation,,r250,68.6274509803922,#c7a797,250.0,r250,80,122.0,Médio / Medium
2379,rare beauty by selena gomez,liquid touch weightless foundation,,250w,70.7843137254902,#deb38b,250.0,250w,102,98.0,Médio / Medium
2380,make up for ever,matte velvet skin blurring powder foundation,,r250,88.0392156862745,#ffd4c2,250.0,r250,77,126.0,Claro / Light
2381,fenty beauty by rihanna,pro filt'r hydrating longwear foundation,,250,68.8235294117647,#e3b07c,250.0,250,44,99.0,Médio / Medium
2382,huda beauty,#fauxfilter skin finish buildable coverage foundation stick,,250g,81.7647058823529,#f3ccae,250.0,250g,52,100.0,Claro / Light
2383,gucci,fluide de beauté fini naturel - natural finish fluid foundation,,250o,65.0980392156863,#d6a276,250.0,250o,49,116.0,Médio / Medium
2384,huda beauty,#fauxfilter full coverage matte foundation,cheesecake,250g,65.0980392156863,#caa482,250.0,250g,51,101.0,Médio / Medium
2385,shiseido,synchro skin self-refreshing foundation spf 30,,250,82.156862745098,#f5d3ae,250.0,250,118,117.0,Claro / Light
2386,la mer,the soft fluid long wear foundation spf 20,sand,250,79.6078431372549,#f0c3a6,250.0,250,69,118.0,Claro / Light
2387,shiseido,synchro skin self-refreshing custom finish powder foundation,sand,250,72.9411764705882,#e3b591,250.0,250,117,119.0,Médio / Medium
2388,make up for ever,ultra hd invisible cover foundation,,y252,74.9019607843137,#d8c0a6,252.0,y252,80,122.0,Médio / Medium
2389,lancôme,rénergie lift makeup lightweight liquid foundation spf 27,clair 20 n,255,67.843137254902,#d6a784,255.0,255,72,89.0,Médio / Medium
2390,fenty beauty by rihanna,pro filt'r soft matte powder foundation,,255,66.4705882352941,#dab179,255.0,255,46,96.0,Médio / Medium
2391,fenty beauty by rihanna,pro filt'r soft matte longwear foundation,,255,70.3921568627451,#f7b470,255.0,255,45,97.0,Médio / Medium
2392,make up for ever,ultra hd invisible cover foundation,,y255,56.2745098039216,#ae8e71,255.0,y255,80,122.0,Médio / Medium
2393,make up for ever,reboot active care revitalizing foundation,,y255,66.8627450980392,#d1aa84,255.0,y255,79,125.0,Médio / Medium
2394,fenty beauty by rihanna,pro filt'r hydrating longwear foundation,,255,68.4313725490196,#e6b477,255.0,255,44,99.0,Médio / Medium
2395,huda beauty,#fauxfilter skin finish buildable coverage foundation stick,,255b,81.9607843137255,#f5ccad,255.0,255b,52,100.0,Claro / Light
2396,make up for ever,matte velvet skin full coverage foundation,,y255,77.0588235294118,#e4cca5,255.0,y255,78,123.0,Claro / Light
2397,anastasia beverly hills,luminous foundation,,260n,67.2549019607843,#d9ad7e,260.0,260n,5,91.0,Médio / Medium
2398,lancôme,teint idole ultra longwear foundation stick spf 21,bisque n,260,72.7450980392157,#e4b68f,260.0,260,74,110.0,Médio / Medium
2399,lancôme,teint idole ultra wear 24h long wear foundation,bisque n,260,72.3529411764706,#e3b58e,260.0,260,75,88.0,Médio / Medium
2400,lancôme,rénergie lift makeup lightweight liquid foundation spf 27,bisque n,260,65.4901960784314,#da9c74,260.0,260,72,89.0,Médio / Medium
2401,zoeva,authentik skin natural luminous foundation,harmony,260w,61.960784313725505,#dd985f,260.0,260w,128,78.0,Médio / Medium
2402,exa,high fidelity foundation,alex,260,61.3725490196078,#c19678,260.0,260,43,115.0,Médio / Medium
2403,smith & cult,veiled threat weightless micro-blurring foundation,warm,260,73.1372549019608,#f1ae84,260.0,260,115,95.0,Médio / Medium
2404,fenty beauty by rihanna,pro filt'r soft matte powder foundation,,260,71.17647058823529,#ddb08e,260.0,260,46,96.0,Médio / Medium
2405,fenty beauty by rihanna,pro filt'r soft matte longwear foundation,,260,75.49019607843141,#efb592,260.0,260,45,97.0,Claro / Light
2406,make up for ever,ultra hd invisible cover foundation,,r260,64.7058823529412,#c19e89,260.0,r260,80,122.0,Médio / Medium
2407,rare beauty by selena gomez,liquid touch weightless foundation,,260n,69.41176470588239,#e5b17d,260.0,260n,102,98.0,Médio / Medium
2408,make up for ever,matte velvet skin blurring powder foundation,,r260,86.078431372549,#ffcdb8,260.0,r260,77,126.0,Claro / Light
2409,fenty beauty by rihanna,pro filt'r hydrating longwear foundation,,260,71.3725490196078,#deb08e,260.0,260,44,99.0,Médio / Medium
2410,gucci,fluide de beauté fini naturel - natural finish fluid foundation,,260w,63.1372549019608,#d09a72,260.0,260w,49,116.0,Médio / Medium
2411,make up for ever,matte velvet skin full coverage foundation,,r260,81.3725490196078,#ebd0b4,260.0,r260,78,123.0,Claro / Light
2412,shiseido,synchro skin self-refreshing foundation spf 30,,260,81.3725490196078,#edceb2,260.0,260,118,117.0,Claro / Light
2413,anastasia beverly hills,luminous foundation,,270c,66.07843137254899,#d4af7d,270.0,270c,5,91.0,Médio / Medium
2414,lancôme,teint idole ultra wear 24h long wear foundation,bisque w,270,72.15686274509801,#e2b68e,270.0,270,75,88.0,Médio / Medium
2415,zoeva,authentik skin natural luminous foundation,honest,270n,57.6470588235294,#d38d53,270.0,270n,128,78.0,Médio / Medium
2416,essence,pretty natural hydrating foundation,warm amber,270,28.6274509803922,#724620,270.0,270,42,79.0,Retinto / Deep
2417,exa,high fidelity foundation,rebecca,270,58.4313725490196,#c28f68,270.0,270,43,115.0,Médio / Medium
2418,smith & cult,veiled threat weightless micro-blurring foundation,neutral,270,68.0392156862745,#dda57e,270.0,270,115,95.0,Médio / Medium
2419,fenty beauty by rihanna,pro filt'r soft matte powder foundation,,270,65.2941176470588,#d2a37b,270.0,270,46,96.0,Médio / Medium
2420,fenty beauty by rihanna,pro filt'r soft matte longwear foundation,,270,67.6470588235294,#e69d73,270.0,270,45,97.0,Médio / Medium
2421,rare beauty by selena gomez,liquid touch weightless foundation,,270n,72.9411764705882,#e9b48b,270.0,270n,102,98.0,Médio / Medium
2422,fenty beauty by rihanna,pro filt'r hydrating longwear foundation,,270,64.5098039215686,#d49c75,270.0,270,44,99.0,Médio / Medium
2423,gucci,fluide de beauté fini naturel - natural finish fluid foundation,,270c,66.07843137254899,#d99e78,270.0,270c,49,116.0,Médio / Medium
2424,revlon,colorstay makeup for combo/oily skin,golden caramel,275,75.6862745098039,#e4b49e,275.0,275,105,111.0,Claro / Light
2425,lancôme,teint idole ultra wear 24h long wear foundation,bisque w,280,72.3529411764706,#e3b58e,280.0,280,75,88.0,Médio / Medium
2426,zoeva,authentik skin natural luminous foundation,honour,280n,57.4509803921569,#d28d53,280.0,280n,128,78.0,Médio / Medium
2427,essence,pretty natural hydrating foundation,cool ebony,280,28.235294117647097,#76461a,280.0,280,42,79.0,Retinto / Deep
2428,exa,high fidelity foundation,mac,280,62.9411764705882,#ce9973,280.0,280,43,115.0,Médio / Medium
2429,smith & cult,veiled threat weightless micro-blurring foundation,warm,280,66.2745098039216,#dc9d76,280.0,280,115,95.0,Médio / Medium
2430,fenty beauty by rihanna,pro filt'r soft matte powder foundation,,280,71.9607843137255,#e3b08c,280.0,280,46,96.0,Médio / Medium
2431,fenty beauty by rihanna,pro filt'r soft matte longwear foundation,,280,67.2549019607843,#e79f70,280.0,280,45,97.0,Médio / Medium
2432,rare beauty by selena gomez,liquid touch weightless foundation,,280n,70.0,#e1b484,280.0,280n,102,98.0,Médio / Medium
2433,fenty beauty by rihanna,pro filt'r hydrating longwear foundation,,280,63.921568627450995,#d49e72,280.0,280,44,99.0,Médio / Medium
2434,gucci,fluide de beauté fini naturel - natural finish fluid foundation,,280c,63.725490196078404,#ca997b,280.0,280c,49,116.0,Médio / Medium
2435,anastasia beverly hills,luminous foundation,,290c,63.5294117647059,#d2aa72,290.0,290c,5,91.0,Médio / Medium
2436,zoeva,authentik skin natural luminous foundation,intuitive,290w,54.7058823529412,#da7f3d,290.0,290w,128,78.0,Médio / Medium
2437,exa,high fidelity foundation,seb,290,63.5294117647059,#cca078,290.0,290,43,115.0,Médio / Medium
2438,smith & cult,veiled threat weightless micro-blurring foundation,warm,290,65.8823529411765,#dd9b73,290.0,290,115,95.0,Médio / Medium
2439,fenty beauty by rihanna,pro filt'r soft matte powder foundation,,290,69.2156862745098,#ddb284,290.0,290,46,96.0,Médio / Medium
2440,fenty beauty by rihanna,pro filt'r soft matte longwear foundation,,290,68.2352941176471,#e6a776,290.0,290,45,97.0,Médio / Medium
2441,rare beauty by selena gomez,liquid touch weightless foundation,,290n,68.8235294117647,#dda982,290.0,290n,102,98.0,Médio / Medium
2442,fenty beauty by rihanna,pro filt'r hydrating longwear foundation,,290,64.9019607843137,#d4a577,290.0,290,44,99.0,Médio / Medium
2443,anastasia beverly hills,luminous foundation,,300c,64.7058823529412,#d1aa79,300.0,300c,5,91.0,Médio / Medium
2444,revlon,colorstay makeup for combo/oily skin,golden beige,300,69.2156862745098,#e3a87e,300.0,300,105,111.0,Médio / Medium
2445,almay,clear complexion make myself clear makeup,naked,300,67.6470588235294,#cea48b,300.0,300,2,92.0,Médio / Medium
2446,lancôme,teint idole ultra wear 24h long wear foundation,bisque,300,61.7647058823529,#c4a577,300.0,300,75,88.0,Médio / Medium
2447,juvia's place,i am magic foundation,gabon,300,41.5686274509804,#9d5637,300.0,300,57,93.0,Escuro / Dark
2448,zoeva,authentik skin natural luminous foundation,joy,300n,54.7058823529412,#ce7f49,300.0,300n,128,78.0,Médio / Medium
2449,exa,high fidelity foundation,michelle,300,58.23529411764709,#c09069,300.0,300,43,115.0,Médio / Medium
2450,smith & cult,veiled threat weightless micro-blurring foundation,neutral,300,61.1764705882353,#cf9d69,300.0,300,115,95.0,Médio / Medium
2451,fenty beauty by rihanna,pro filt'r soft matte powder foundation,,300,63.1372549019608,#d29a70,300.0,300,46,96.0,Médio / Medium
2452,fenty beauty by rihanna,pro filt'r soft matte longwear foundation,,300,68.4313725490196,#e5a778,300.0,300,45,97.0,Médio / Medium
2453,make up for ever,ultra hd invisible cover foundation,,r300,64.3137254901961,#c09c88,300.0,r300,80,122.0,Médio / Medium
2454,rare beauty by selena gomez,liquid touch weightless foundation,,300c,72.15686274509801,#ddb093,300.0,300c,102,98.0,Médio / Medium
2455,fenty beauty by rihanna,pro filt'r hydrating longwear foundation,,300,64.9019607843137,#d4a477,300.0,300,44,99.0,Médio / Medium
2456,huda beauty,#fauxfilter skin finish buildable coverage foundation stick,,300n,79.2156862745098,#edc2a7,300.0,300n,52,100.0,Claro / Light
2457,huda beauty,#fauxfilter full coverage matte foundation,latte,300n,62.54901960784311,#c5a17a,300.0,300n,51,101.0,Médio / Medium
2458,la mer,the soft fluid long wear foundation spf 20,taupe,300,66.8627450980392,#c7a28e,300.0,300,69,118.0,Médio / Medium
2459,givenchy,teint couture city balm radiant perfecting skin tint spf 25,,n300,64.9019607843137,#c9a282,300.0,n300,48,107.0,Médio / Medium
2460,origins,pretty in bloom™ spf 20 flower-infused long-wear foundation,,300,69.8039215686274,#d5ac8f,300.0,300,98,102.0,Médio / Medium
2461,beauty bakerie,instabake aqua glass foundation,neutral,301,22.156862745098,#47312a,301.0,301,12,127.0,Retinto / Deep
2462,koh gen do,aqua foundation,,301,65.8823529411765,#d79a79,301.0,301,64,63.0,Médio / Medium
2463,koh gen do,aqua foundation,,302,65.4901960784314,#d2987c,302.0,302,64,63.0,Médio / Medium
2464,givenchy,teint couture city balm radiant perfecting skin tint spf 25,,c302,68.2352941176471,#c9a993,302.0,c302,48,107.0,Médio / Medium
2465,beauty bakerie,instabake aqua glass foundation,warm,303,24.9019607843137,#52382d,303.0,303,12,127.0,Retinto / Deep
2466,koh gen do,aqua foundation,,303,63.5294117647059,#c48f80,303.0,303,64,63.0,Médio / Medium
2467,anastasia beverly hills,luminous foundation,,305n,66.6666666666667,#d4ab80,305.0,305n,5,91.0,Médio / Medium
2468,beauty bakerie,instabake aqua glass foundation,warm,305,30.980392156862703,#70492e,305.0,305,12,127.0,Escuro / Dark
2469,make up for ever,ultra hd invisible cover foundation,,y305,64.9019607843137,#c0a18b,305.0,y305,80,122.0,Médio / Medium
2470,make up for ever,reboot active care revitalizing foundation,,y305,66.6666666666667,#d1a883,305.0,y305,79,125.0,Médio / Medium
2471,make up for ever,matte velvet skin blurring powder foundation,,y305,85.0980392156863,#ffceb3,305.0,y305,77,126.0,Claro / Light
2472,make up for ever,matte velvet skin full coverage foundation,,y305,79.2156862745098,#e6caae,305.0,y305,78,123.0,Claro / Light
2473,beauty bakerie,instabake aqua glass foundation,cool neutral,307,31.960784313725497,#744a2f,307.0,307,12,127.0,Escuro / Dark
2474,beauty bakerie,instabake aqua glass foundation,warm,309,35.0980392156863,#84542f,309.0,309,12,127.0,Escuro / Dark
2475,anastasia beverly hills,luminous foundation,,310c,61.1764705882353,#cb9f6d,310.0,310c,5,91.0,Médio / Medium
2476,lancôme,dual finish multi-tasking lightweight pressed powder foundation,versatile bisque ii,310,81.7647058823529,#f5cdac,310.0,310,71,120.0,Claro / Light
2477,revlon,colorstay makeup for combo/oily skin,warm golden,310,69.41176470588239,#e1a581,310.0,310,105,111.0,Médio / Medium
2478,maybelline,fit me matte + poreless liquid foundation,sun beige,310,70.5882352941177,#e1ac87,310.0,310,90,104.0,Médio / Medium
2479,revlon,colorstay full cover foundation,warm golden,310,73.5294117647059,#e9b88e,310.0,310,103,113.0,Médio / Medium
2480,maybelline,super stay full coverage foundation,sun beige,310,66.6666666666667,#cea786,310.0,310,91,105.0,Médio / Medium
2481,lancôme,teint idole ultra wear 24h long wear foundation,bisque c,310,73.1372549019608,#e2b593,310.0,310,75,88.0,Médio / Medium
2482,juvia's place,i am magic foundation,burkina,310,39.8039215686274,#9e542d,310.0,310,57,93.0,Escuro / Dark
2483,lancôme,rénergie lift makeup lightweight liquid foundation spf 27,clair 30 c,310,65.0980392156863,#d2a17a,310.0,310,72,89.0,Médio / Medium
2484,zoeva,authentik skin natural luminous foundation,kind,310c,51.3725490196078,#c57341,310.0,310c,128,78.0,Médio / Medium
2485,exa,high fidelity foundation,brandy,310,65.0980392156863,#d5a277,310.0,310,43,115.0,Médio / Medium
2486,smith & cult,veiled threat weightless micro-blurring foundation,neutral,310,64.7058823529412,#e29d68,310.0,310,115,95.0,Médio / Medium
2487,fenty beauty by rihanna,pro filt'r soft matte powder foundation,,310,64.5098039215686,#d7a072,310.0,310,46,96.0,Médio / Medium
2488,fenty beauty by rihanna,pro filt'r soft matte longwear foundation,,310,68.6274509803922,#eca572,310.0,310,45,97.0,Médio / Medium
2489,rare beauty by selena gomez,liquid touch weightless foundation,,310w,65.8823529411765,#d3a47d,310.0,310w,102,98.0,Médio / Medium
2490,fenty beauty by rihanna,pro filt'r hydrating longwear foundation,,310,65.6862745098039,#daa475,310.0,310,44,99.0,Médio / Medium
2491,huda beauty,#fauxfilter skin finish buildable coverage foundation stick,,310g,70.1960784313725,#e6b380,310.0,310g,52,100.0,Médio / Medium
2492,gucci,fluide de beauté fini naturel - natural finish fluid foundation,,310n,60.588235294117595,#cc9169,310.0,310n,49,116.0,Médio / Medium
2493,huda beauty,#fauxfilter full coverage matte foundation,amaretti,310g,62.54901960784311,#cb9d74,310.0,310g,51,101.0,Médio / Medium
2494,shiseido,synchro skin self-refreshing foundation spf 30,,310,81.3725490196078,#efcdb0,310.0,310,118,117.0,Claro / Light
2495,la mer,the soft fluid long wear foundation spf 20,beige,310,78.6274509803922,#f0c2a1,310.0,310,69,118.0,Claro / Light
2496,shiseido,synchro skin self-refreshing custom finish powder foundation,silk,310,72.15686274509801,#e4b28c,310.0,310,117,119.0,Médio / Medium
2497,origins,pretty in bloom™ spf 20 flower-infused long-wear foundation,,310,68.4313725490196,#d2a98b,310.0,310,98,102.0,Médio / Medium
2498,beauty bakerie,instabake aqua glass foundation,warm,311,35.8823529411765,#88572f,311.0,311,12,127.0,Escuro / Dark
2499,maybelline,fit me matte + poreless liquid foundation,golden,312,65.8823529411765,#d89878,312.0,312,90,104.0,Médio / Medium
2500,maybelline,super stay full coverage foundation,golden,312,61.960784313725505,#c69a76,312.0,312,91,105.0,Médio / Medium
2501,givenchy,teint couture city balm radiant perfecting skin tint spf 25,,n312,59.6078431372549,#ae8c82,312.0,n312,48,107.0,Médio / Medium
2502,beauty bakerie,instabake aqua glass foundation,warm,313,40.3921568627451,#966038,313.0,313,12,127.0,Escuro / Dark
2503,anastasia beverly hills,luminous foundation,,315n,58.4313725490196,#b99371,315.0,315n,5,91.0,Médio / Medium
2504,lancôme,dual finish multi-tasking lightweight pressed powder foundation,versatile wheat ii,315,77.2549019607843,#f0c49a,315.0,315,71,120.0,Claro / Light
2505,beauty bakerie,instabake aqua glass foundation,warm,315,46.6666666666667,#a87446,315.0,315,12,127.0,Escuro / Dark
2506,make up for ever,ultra hd invisible cover foundation,,y315,57.0588235294118,#ae8c75,315.0,y315,80,122.0,Médio / Medium
2507,make up for ever,reboot active care revitalizing foundation,,y315,69.2156862745098,#d2af8f,315.0,y315,79,125.0,Médio / Medium
2508,make up for ever,matte velvet skin blurring powder foundation,,y315,83.5294117647059,#fcc8ae,315.0,y315,77,126.0,Claro / Light
2509,huda beauty,#fauxfilter skin finish buildable coverage foundation stick,,315b,82.156862745098,#f8c7ab,315.0,315b,52,100.0,Claro / Light
2510,make up for ever,matte velvet skin full coverage foundation,,y315,77.0588235294118,#e5c6a4,315.0,y315,78,123.0,Claro / Light
2511,make up for ever,ultra hd invisible cover stick foundation,,y315,69.41176470588239,#d6a58c,315.0,y315,81,124.0,Médio / Medium
2512,beauty bakerie,instabake aqua glass foundation,warm,317,51.5686274509804,#b97a4e,317.0,317,12,127.0,Médio / Medium
2513,beauty bakerie,instabake aqua glass foundation,neutral,319,53.921568627451,#b77c5c,319.0,319,12,127.0,Médio / Medium
2514,anastasia beverly hills,luminous foundation,,320n,56.862745098039206,#b88c6a,320.0,320n,5,91.0,Médio / Medium
2515,lancôme,teint idole ultra longwear foundation stick spf 21,bisque w,320,72.5490196078431,#ddb695,320.0,320,74,110.0,Médio / Medium
2516,lancôme,dual finish multi-tasking lightweight pressed powder foundation,versatile amande iii,320,78.0392156862745,#f2c49c,320.0,320,71,120.0,Claro / Light
2517,revlon,colorstay makeup for combo/oily skin,true beige,320,68.2352941176471,#d5a287,320.0,320,105,111.0,Médio / Medium
2518,maybelline,fit me matte + poreless liquid foundation,natural tan,320,68.8235294117647,#dda482,320.0,320,90,104.0,Médio / Medium
2519,revlon,colorstay makeup for normal/dry skin,true beige,320,68.2352941176471,#d5a287,320.0,320,106,112.0,Médio / Medium
2520,revlon,colorstay full cover foundation,true beige,320,72.3529411764706,#e4b78d,320.0,320,103,113.0,Médio / Medium
2521,maybelline,super stay full coverage foundation,honey,320,61.7647058823529,#c69475,320.0,320,91,105.0,Médio / Medium
2522,lancôme,teint idole ultra wear 24h long wear foundation,bisque w,320,70.0,#deb387,320.0,320,75,88.0,Médio / Medium
2523,juvia's place,i am magic foundation,zaria,320,35.2941176470588,#8e4726,320.0,320,57,93.0,Escuro / Dark
2524,lancôme,rénergie lift makeup lightweight liquid foundation spf 27,clair 25 w,320,66.6666666666667,#d8a47c,320.0,320,72,89.0,Médio / Medium
2525,zoeva,authentik skin natural luminous foundation,legendary,320c,51.176470588235304,#cd6d38,320.0,320c,128,78.0,Médio / Medium
2526,exa,high fidelity foundation,laura,320,70.7843137254902,#d9ad90,320.0,320,43,115.0,Médio / Medium
2527,smith & cult,veiled threat weightless micro-blurring foundation,warm,320,65.0980392156863,#e99b63,320.0,320,115,95.0,Médio / Medium
2528,fenty beauty by rihanna,pro filt'r soft matte powder foundation,,320,64.9019607843137,#d79a74,320.0,320,46,96.0,Médio / Medium
2529,fenty beauty by rihanna,pro filt'r soft matte longwear foundation,,320,68.4313725490196,#e8a275,320.0,320,45,97.0,Médio / Medium
2530,rare beauty by selena gomez,liquid touch weightless foundation,,320w,67.843137254902,#e0ac7a,320.0,320w,102,98.0,Médio / Medium
2531,fenty beauty by rihanna,pro filt'r hydrating longwear foundation,,320,65.2941176470588,#d6a177,320.0,320,44,99.0,Médio / Medium
2532,huda beauty,#fauxfilter skin finish buildable coverage foundation stick,,320g,80.1960784313726,#f5c9a4,320.0,320g,52,100.0,Claro / Light
2533,gucci,fluide de beauté fini naturel - natural finish fluid foundation,,320c,62.3529411764706,#d1956d,320.0,320c,49,116.0,Médio / Medium
2534,huda beauty,#fauxfilter full coverage matte foundation,tres leches,320g,59.6078431372549,#c69a6a,320.0,320g,51,101.0,Médio / Medium
2535,shiseido,synchro skin self-refreshing foundation spf 30,,320,80.7843137254902,#f3cda9,320.0,320,118,117.0,Claro / Light
2536,la mer,the soft fluid long wear foundation spf 20,blush,320,80.58823529411761,#eec6ad,320.0,320,69,118.0,Claro / Light
2537,origins,pretty in bloom™ spf 20 flower-infused long-wear foundation,,320,79.6078431372549,#e1cab5,320.0,320,98,102.0,Claro / Light
2538,beauty bakerie,instabake aqua glass foundation,warm,321,54.901960784313694,#ba845e,321.0,321,12,127.0,Médio / Medium
2539,maybelline,fit me matte + poreless liquid foundation,warm honey,322,66.4705882352941,#de9f75,322.0,322,90,104.0,Médio / Medium
2540,beauty bakerie,instabake aqua glass foundation,warm,323,57.843137254902,#c18d66,323.0,323,12,127.0,Médio / Medium
2541,beauty bakerie,instabake aqua glass foundation,neutral,325,59.4117647058824,#cc8e63,325.0,325,12,127.0,Médio / Medium
2542,make up for ever,ultra hd invisible cover foundation,,y325,58.4313725490196,#b28e78,325.0,y325,80,122.0,Médio / Medium
2543,make up for ever,matte velvet skin full coverage foundation,,y325,76.078431372549,#dbc2a9,325.0,y325,78,123.0,Claro / Light
2544,make up for ever,ultra hd invisible cover stick foundation,,y325,70.3921568627451,#dead89,325.0,y325,81,124.0,Médio / Medium
2545,beauty bakerie,instabake aqua glass foundation,cool neutral,327,61.7647058823529,#cd946e,327.0,327,12,127.0,Médio / Medium
2546,make up for ever,reboot active care revitalizing foundation,,y328,65.8823529411765,#cd9f83,328.0,y328,79,125.0,Médio / Medium
2547,beauty bakerie,instabake aqua glass foundation,warm neutral,329,62.7450980392157,#cf9c71,329.0,329,12,127.0,Médio / Medium
2548,anastasia beverly hills,luminous foundation,,330w,53.921568627451,#b4845f,330.0,330w,5,91.0,Médio / Medium
2549,lancôme,teint idole ultra longwear foundation stick spf 21,bisque n,330,69.8039215686274,#dfaf85,330.0,330,74,110.0,Médio / Medium
2550,revlon,colorstay makeup for combo/oily skin,natural tan,330,69.6078431372549,#dca787,330.0,330,105,111.0,Médio / Medium
2551,maybelline,fit me matte + poreless liquid foundation,toffee,330,59.8039215686274,#cc8c65,330.0,330,90,104.0,Médio / Medium
2552,revlon,colorstay makeup for normal/dry skin,natural tan,330,69.6078431372549,#dca787,330.0,330,106,112.0,Médio / Medium
2553,revlon,colorstay full cover foundation,natural tan,330,66.2745098039216,#de9f74,330.0,330,103,113.0,Médio / Medium
2554,maybelline,super stay full coverage foundation,toffee,330,53.3333333333333,#b1805f,330.0,330,91,105.0,Médio / Medium
2555,lancôme,teint idole ultra wear 24h long wear foundation,bisque n,330,69.8039215686274,#dfaf85,330.0,330,75,88.0,Médio / Medium
2556,juvia's place,i am magic foundation,accra,330,42.3529411764706,#a36335,330.0,330,57,93.0,Escuro / Dark
2557,lancôme,rénergie lift makeup lightweight liquid foundation spf 27,bisque n,330,64.11764705882351,#d69d71,330.0,330,72,89.0,Médio / Medium
2558,revlon,colorstay light cover liquid foundation,natural tan,330,56.470588235294095,#bd8863,330.0,330,104,114.0,Médio / Medium
2559,zoeva,authentik skin natural luminous foundation,loveable,330c,51.176470588235304,#cd6d38,330.0,330c,128,78.0,Médio / Medium
2560,exa,high fidelity foundation,bensley,330,61.568627450980394,#cc906e,330.0,330,43,115.0,Médio / Medium
2561,smith & cult,veiled threat weightless micro-blurring foundation,warm,330,61.1764705882353,#e09158,330.0,330,115,95.0,Médio / Medium
2562,fenty beauty by rihanna,pro filt'r soft matte powder foundation,,330,62.3529411764706,#d89b66,330.0,330,46,96.0,Médio / Medium
2563,fenty beauty by rihanna,pro filt'r soft matte longwear foundation,,330,68.4313725490196,#eca871,330.0,330,45,97.0,Médio / Medium
2564,make up for ever,ultra hd invisible cover foundation,,r330,57.6470588235294,#b18b75,330.0,r330,80,122.0,Médio / Medium
2565,rare beauty by selena gomez,liquid touch weightless foundation,,330n,68.2352941176471,#dfa37d,330.0,330n,102,98.0,Médio / Medium
2566,make up for ever,matte velvet skin blurring powder foundation,,r330,82.3529411764706,#f9c3ab,330.0,r330,77,126.0,Claro / Light
2567,fenty beauty by rihanna,pro filt'r hydrating longwear foundation,,330,65.4901960784314,#daa674,330.0,330,44,99.0,Médio / Medium
2568,huda beauty,#fauxfilter skin finish buildable coverage foundation stick,,330n,80.7843137254902,#f2c6aa,330.0,330n,52,100.0,Claro / Light
2569,gucci,fluide de beauté fini naturel - natural finish fluid foundation,,330w,63.1372549019608,#d7966b,330.0,330w,49,116.0,Médio / Medium
2570,make up for ever,matte velvet skin full coverage foundation,,r330,78.4313725490196,#e5c9ab,330.0,r330,78,123.0,Claro / Light
2571,make up for ever,ultra hd invisible cover stick foundation,,r330,68.2352941176471,#c9a293,330.0,r330,81,124.0,Médio / Medium
2572,huda beauty,#fauxfilter full coverage matte foundation,butter pecan,330n,52.9411764705882,#b3875b,330.0,330n,51,101.0,Médio / Medium
2573,shiseido,synchro skin self-refreshing foundation spf 30,,330,79.8039215686275,#eccbab,330.0,330,118,117.0,Claro / Light
2574,la mer,the soft fluid long wear foundation spf 20,tan,330,70.7843137254902,#dcaf8d,330.0,330,69,118.0,Médio / Medium
2575,beauty bakerie,instabake aqua glass foundation,neutral,331,63.1372549019608,#d0a072,331.0,331,12,127.0,Médio / Medium
2576,anastasia beverly hills,luminous foundation,,332c,54.901960784313694,#ba915e,332.0,332c,5,91.0,Médio / Medium
2577,maybelline,fit me matte + poreless liquid foundation,golden caramel,332,58.823529411764696,#c99263,332.0,332,90,104.0,Médio / Medium
2578,maybelline,super stay full coverage foundation,golden caramel,332,60.0,#bf9e73,332.0,332,91,105.0,Médio / Medium
2579,beauty bakerie,instabake aqua glass foundation,neutral,333,65.6862745098039,#cfa380,333.0,333,12,127.0,Médio / Medium
2580,maybelline,fit me matte + poreless liquid foundation,warm sun,334,56.6666666666667,#cc8555,334.0,334,90,104.0,Médio / Medium
2581,anastasia beverly hills,luminous foundation,,335w,52.9411764705882,#b2815c,335.0,335w,5,91.0,Médio / Medium
2582,beauty bakerie,instabake aqua glass foundation,warm,335,66.6666666666667,#d1aa83,335.0,335,12,127.0,Médio / Medium
2583,maybelline,fit me matte + poreless liquid foundation,classic tan,335,58.23529411764709,#ca8b5f,335.0,335,90,104.0,Médio / Medium
2584,lancôme,teint idole ultra wear 24h long wear foundation,bisque,335,99.21568627450979,#fdfdfd,335.0,335,75,88.0,Claro / Light
2585,make up for ever,ultra hd invisible cover foundation,,y335,56.862745098039206,#b18c71,335.0,y335,80,122.0,Médio / Medium
2586,make up for ever,matte velvet skin blurring powder foundation,,y335,80.9803921568627,#f8c1a5,335.0,y335,77,126.0,Claro / Light
2587,huda beauty,#fauxfilter skin finish buildable coverage foundation stick,,335b,82.7450980392157,#f6c3b0,335.0,335b,52,100.0,Claro / Light
2588,make up for ever,matte velvet skin full coverage foundation,,y335,75.49019607843141,#dcc6a5,335.0,y335,78,123.0,Claro / Light
2589,make up for ever,ultra hd invisible cover stick foundation,,y335,66.07843137254899,#d79f7a,335.0,y335,81,124.0,Médio / Medium
2590,beauty bakerie,instabake aqua glass foundation,warm,337,69.41176470588239,#d7b18b,337.0,337,12,127.0,Médio / Medium
2591,maybelline,fit me matte + poreless liquid foundation,spicy brown,338,58.0392156862745,#c68462,338.0,338,90,104.0,Médio / Medium
2592,beauty bakerie,instabake aqua glass foundation,neutral,339,73.1372549019608,#dcb799,339.0,339,12,127.0,Médio / Medium
2593,anastasia beverly hills,luminous foundation,,340c,45.4901960784314,#986f50,340.0,340c,5,91.0,Escuro / Dark
2594,lancôme,dual finish multi-tasking lightweight pressed powder foundation,versatile nu iii,340,76.6666666666667,#f3c094,340.0,340,71,120.0,Claro / Light
2595,revlon,colorstay makeup for combo/oily skin,early tan,340,68.4313725490196,#d79f86,340.0,340,105,111.0,Médio / Medium
2596,maybelline,fit me matte + poreless liquid foundation,cappuccino,340,54.901960784313694,#c88350,340.0,340,90,104.0,Médio / Medium
2597,maybelline,super stay full coverage foundation,cappuccino,340,42.941176470588196,#a16d3a,340.0,340,91,105.0,Escuro / Dark
2598,lancôme,teint idole ultra wear 24h long wear foundation,bisque n,340,67.6470588235294,#d6aa83,340.0,340,75,88.0,Médio / Medium
2599,juvia's place,i am magic foundation,kampala,340,41.5686274509804,#a35d31,340.0,340,57,93.0,Escuro / Dark
2600,lancôme,rénergie lift makeup lightweight liquid foundation spf 27,clair 35 n,340,64.7058823529412,#d1a479,340.0,340,72,89.0,Médio / Medium
2601,zoeva,authentik skin natural luminous foundation,magical,340w,47.6470588235294,#c5692e,340.0,340w,128,78.0,Escuro / Dark
2602,exa,high fidelity foundation,koko,340,63.921568627450995,#d09276,340.0,340,43,115.0,Médio / Medium
2603,smith & cult,veiled threat weightless micro-blurring foundation,warm,340,57.843137254902,#d98d4e,340.0,340,115,95.0,Médio / Medium
2604,fenty beauty by rihanna,pro filt'r soft matte powder foundation,,340,48.823529411764696,#a57254,340.0,340,46,96.0,Escuro / Dark
2605,fenty beauty by rihanna,pro filt'r soft matte longwear foundation,,340,59.4117647058824,#c58d6a,340.0,340,45,97.0,Médio / Medium
2606,rare beauty by selena gomez,liquid touch weightless foundation,,340c,64.11764705882351,#cfa178,340.0,340c,102,98.0,Médio / Medium
2607,make up for ever,reboot active care revitalizing foundation,,y340,63.5294117647059,#cc9c78,340.0,y340,79,125.0,Médio / Medium
2608,fenty beauty by rihanna,pro filt'r hydrating longwear foundation,,340,51.3725490196078,#ac7d5a,340.0,340,44,99.0,Médio / Medium
2609,huda beauty,#fauxfilter skin finish buildable coverage foundation stick,,340g,69.6078431372549,#d9b18a,340.0,340g,52,100.0,Médio / Medium
2610,gucci,fluide de beauté fini naturel - natural finish fluid foundation,,340n,62.9411764705882,#d69b6b,340.0,340n,49,116.0,Médio / Medium
2611,huda beauty,#fauxfilter full coverage matte foundation,huda beauty fauxfilter full coverage matte foundation baklava,340g,50.5882352941176,#b3814f,340.0,340g,51,101.0,Médio / Medium
2612,shiseido,synchro skin self-refreshing foundation spf 30,,340,81.5686274509804,#f6d0aa,340.0,340,118,117.0,Claro / Light
2613,la mer,the soft fluid long wear foundation spf 20,suede,340,78.6274509803922,#f4bf9d,340.0,340,69,118.0,Claro / Light
2614,shiseido,synchro skin self-refreshing custom finish powder foundation,oak,340,69.41176470588239,#e0ab82,340.0,340,117,119.0,Médio / Medium
2615,origins,pretty in bloom™ spf 20 flower-infused long-wear foundation,,340,64.9019607843137,#c6a485,340.0,340,98,102.0,Médio / Medium
2616,beauty bakerie,instabake aqua glass foundation,warm neutral,341,73.5294117647059,#e0b897,341.0,341,12,127.0,Médio / Medium
2617,beauty bakerie,instabake aqua glass foundation,neutral,343,74.7058823529412,#e0ba9d,343.0,343,12,127.0,Médio / Medium
2618,anastasia beverly hills,luminous foundation,,345c,51.3725490196078,#af7e57,345.0,345c,5,91.0,Médio / Medium
2619,beauty bakerie,instabake aqua glass foundation,warm,345,77.84313725490199,#e6c3a7,345.0,345,12,127.0,Claro / Light
2620,fenty beauty by rihanna,pro filt'r soft matte powder foundation,,345,53.921568627451,#c08553,345.0,345,46,96.0,Médio / Medium
2621,fenty beauty by rihanna,pro filt'r soft matte longwear foundation,,345,67.2549019607843,#e4a673,345.0,345,45,97.0,Médio / Medium
2622,make up for ever,ultra hd invisible cover foundation,,y345,63.3333333333333,#c19c82,345.0,y345,80,122.0,Médio / Medium
2623,make up for ever,matte velvet skin blurring powder foundation,,y345,76.8627450980392,#ebb69d,345.0,y345,77,126.0,Claro / Light
2624,fenty beauty by rihanna,pro filt'r hydrating longwear foundation,,345,62.7450980392157,#d1a16f,345.0,345,44,99.0,Médio / Medium
2625,make up for ever,matte velvet skin full coverage foundation,,y345,74.7058823529412,#ddc4a0,345.0,y345,78,123.0,Médio / Medium
2626,givenchy,teint couture city balm radiant perfecting skin tint spf 25,,c345,51.176470588235304,#a7775e,345.0,c345,48,107.0,Médio / Medium
2627,beauty bakerie,instabake aqua glass foundation,cool,347,81.1764705882353,#ebc8b3,347.0,347,12,127.0,Claro / Light
2628,beauty bakerie,instabake aqua glass foundation,warm,349,81.1764705882353,#eecab0,349.0,349,12,127.0,Claro / Light
2629,anastasia beverly hills,luminous foundation,,350c,47.843137254902004,#a17153,350.0,350c,5,91.0,Escuro / Dark
2630,lancôme,dual finish multi-tasking lightweight pressed powder foundation,bisque,350,72.3529411764706,#eeb683,350.0,350,71,120.0,Médio / Medium
2631,revlon,colorstay makeup for combo/oily skin,rich tan,350,68.2352941176471,#d5a287,350.0,350,105,111.0,Médio / Medium
2632,lancôme,teint idole ultra wear 24h long wear foundation,bisque c,350,68.6274509803922,#daaa84,350.0,350,75,88.0,Médio / Medium
2633,juvia's place,i am magic foundation,somalia,350,45.8823529411765,#b46636,350.0,350,57,93.0,Escuro / Dark
2634,lancôme,rénergie lift makeup lightweight liquid foundation spf 27,dore 10 n,350,63.1372549019608,#cf9573,350.0,350,72,89.0,Médio / Medium
2635,zoeva,authentik skin natural luminous foundation,masterful,350w,38.8235294117647,#a94d1d,350.0,350w,128,78.0,Escuro / Dark
2636,exa,high fidelity foundation,kb,350,70.1960784313725,#d7b38f,350.0,350,43,115.0,Médio / Medium
2637,smith & cult,veiled threat weightless micro-blurring foundation,cool,350,58.4313725490196,#d58655,350.0,350,115,95.0,Médio / Medium
2638,fenty beauty by rihanna,pro filt'r soft matte powder foundation,,350,52.7450980392157,#b87e55,350.0,350,46,96.0,Médio / Medium
2639,fenty beauty by rihanna,pro filt'r soft matte longwear foundation,,350,61.3725490196078,#d79762,350.0,350,45,97.0,Médio / Medium
2640,rare beauty by selena gomez,liquid touch weightless foundation,,350c,65.0980392156863,#d19a7b,350.0,350c,102,98.0,Médio / Medium
2641,fenty beauty by rihanna,pro filt'r hydrating longwear foundation,,350,58.823529411764696,#c69666,350.0,350,44,99.0,Médio / Medium
2642,huda beauty,#fauxfilter skin finish buildable coverage foundation stick,,350g,77.2549019607843,#f4bf96,350.0,350g,52,100.0,Claro / Light
2643,gucci,fluide de beauté fini naturel - natural finish fluid foundation,,350w,59.0196078431373,#ca9363,350.0,350w,49,116.0,Médio / Medium
2644,huda beauty,#fauxfilter full coverage matte foundation,dulce de leche,350g,51.5686274509804,#b38054,350.0,350g,51,101.0,Médio / Medium
2645,shiseido,synchro skin self-refreshing foundation spf 30,,350,79.4117647058823,#ebc7aa,350.0,350,118,117.0,Claro / Light
2646,la mer,the soft fluid long wear foundation spf 20,honey,350,68.4313725490196,#d7a986,350.0,350,69,118.0,Médio / Medium
2647,shiseido,synchro skin self-refreshing custom finish powder foundation,maple,350,65.2941176470588,#d59e78,350.0,350,117,119.0,Médio / Medium
2648,beauty bakerie,instabake aqua glass foundation,neutral,351,82.94117647058819,#eecdb9,351.0,351,12,127.0,Claro / Light
2649,beauty bakerie,instabake aqua glass foundation,cool,353,88.2352941176471,#f2dcd0,353.0,353,12,127.0,Claro / Light
2650,anastasia beverly hills,luminous foundation,,355n,45.8823529411765,#a06f4a,355.0,355n,5,91.0,Escuro / Dark
2651,lancôme,dual finish multi-tasking lightweight pressed powder foundation,bisque,355,71.17647058823529,#ecaa7f,355.0,355,71,120.0,Médio / Medium
2652,beauty bakerie,instabake aqua glass foundation,warm,355,84.9019607843137,#f8d8b9,355.0,355,12,127.0,Claro / Light
2653,maybelline,fit me matte + poreless liquid foundation,coconut,355,47.0588235294118,#ae6742,355.0,355,90,104.0,Escuro / Dark
2654,maybelline,super stay full coverage foundation,coconut,355,41.1764705882353,#935f3f,355.0,355,91,105.0,Escuro / Dark
2655,make up for ever,ultra hd invisible cover foundation,,y355,57.6470588235294,#b09076,355.0,y355,80,122.0,Médio / Medium
2656,make up for ever,reboot active care revitalizing foundation,,y355,67.2549019607843,#cda98a,355.0,y355,79,125.0,Médio / Medium
2657,make up for ever,matte velvet skin blurring powder foundation,,y355,81.3725490196078,#f7c3a8,355.0,y355,77,126.0,Claro / Light
2658,make up for ever,matte velvet skin full coverage foundation,,y355,76.6666666666667,#dec6a9,355.0,y355,78,123.0,Claro / Light
2659,maybelline,fit me matte + poreless liquid foundation,warm coconut,356,45.294117647058805,#aa663d,356.0,356,90,104.0,Escuro / Dark
2660,beauty bakerie,instabake aqua glass foundation,warm neutral,357,90.7843137254902,#f6e6d9,357.0,357,12,127.0,Claro / Light
2661,maybelline,fit me matte + poreless liquid foundation,latte,358,50.78431372549021,#a9725a,358.0,358,90,104.0,Médio / Medium
2662,beauty bakerie,instabake aqua glass foundation,cool,359,92.7450980392157,#f8eae1,359.0,359,12,127.0,Claro / Light
2663,anastasia beverly hills,luminous foundation,,360c,45.294117647058805,#a16e46,360.0,360c,5,91.0,Escuro / Dark
2664,lancôme,teint idole ultra longwear foundation stick spf 21,bisque n,360,67.2549019607843,#d3ab84,360.0,360,74,110.0,Médio / Medium
2665,lancôme,dual finish multi-tasking lightweight pressed powder foundation,versatile honey iii,360,67.2549019607843,#e2a575,360.0,360,71,120.0,Médio / Medium
2666,maybelline,fit me matte + poreless liquid foundation,mocha,360,40.9803921568627,#9e6033,360.0,360,90,104.0,Escuro / Dark
2667,maybelline,super stay full coverage foundation,mocha,360,34.5098039215686,#775039,360.0,360,91,105.0,Escuro / Dark
2668,lancôme,teint idole ultra wear 24h long wear foundation,bisque n,360,67.2549019607843,#d2ac85,360.0,360,75,88.0,Médio / Medium
2669,lancôme,rénergie lift makeup lightweight liquid foundation spf 27,dore 20 w,360,59.8039215686274,#c78e6a,360.0,360,72,89.0,Médio / Medium
2670,zoeva,authentik skin natural luminous foundation,original,360n,40.3921568627451,#ad4a21,360.0,360n,128,78.0,Escuro / Dark
2671,exa,high fidelity foundation,oakjoo,360,70.7843137254902,#dbaf8e,360.0,360,43,115.0,Médio / Medium
2672,smith & cult,veiled threat weightless micro-blurring foundation,neutral,360,58.627450980392204,#dc834f,360.0,360,115,95.0,Médio / Medium
2673,fenty beauty by rihanna,pro filt'r soft matte powder foundation,,360,54.5098039215686,#c28354,360.0,360,46,96.0,Médio / Medium
2674,fenty beauty by rihanna,pro filt'r soft matte longwear foundation,,360,60.1960784313725,#cf9664,360.0,360,45,97.0,Médio / Medium
2675,make up for ever,ultra hd invisible cover foundation,,r360,56.078431372549,#ac8672,360.0,r360,80,122.0,Médio / Medium
2676,rare beauty by selena gomez,liquid touch weightless foundation,,360w,63.3333333333333,#d1a172,360.0,360w,102,98.0,Médio / Medium
2677,fenty beauty by rihanna,pro filt'r hydrating longwear foundation,,360,59.0196078431373,#c2986b,360.0,360,44,99.0,Médio / Medium
2678,gucci,fluide de beauté fini naturel - natural finish fluid foundation,,360w,58.23529411764709,#c38f66,360.0,360w,49,116.0,Médio / Medium
2679,shiseido,synchro skin self-refreshing foundation spf 30,,360,77.2549019607843,#ebc19f,360.0,360,118,117.0,Claro / Light
2680,shiseido,synchro skin self-refreshing custom finish powder foundation,citrine,360,61.960784313725505,#c89574,360.0,360,117,119.0,Médio / Medium
2681,maybelline,fit me matte + poreless liquid foundation,truffle,362,40.3921568627451,#90653e,362.0,362,90,104.0,Escuro / Dark
2682,make up for ever,matte velvet skin full coverage foundation,,y363,73.5294117647059,#e0c297,363.0,y363,78,123.0,Médio / Medium
2683,anastasia beverly hills,luminous foundation,,365c,43.5294117647059,#9b6b43,365.0,365c,5,91.0,Escuro / Dark
2684,maybelline,fit me matte + poreless liquid foundation,nutmeg,365,42.5490196078431,#995840,365.0,365,90,104.0,Escuro / Dark
2685,make up for ever,ultra hd invisible cover foundation,,y365,56.6666666666667,#ad8a74,365.0,y365,80,122.0,Médio / Medium
2686,make up for ever,reboot active care revitalizing foundation,,y365,65.4901960784314,#d0a47e,365.0,y365,79,125.0,Médio / Medium
2687,make up for ever,matte velvet skin blurring powder foundation,,y365,80.0,#f8c0a0,365.0,y365,77,126.0,Claro / Light
2688,make up for ever,matte velvet skin full coverage foundation,,y365,69.0196078431373,#d5b48b,365.0,y365,78,123.0,Médio / Medium
2689,make up for ever,ultra hd invisible cover stick foundation,,y365,71.3725490196078,#d6aa96,365.0,y365,81,124.0,Médio / Medium
2690,maybelline,fit me matte + poreless liquid foundation,deep golden,368,38.0392156862745,#925730,368.0,368,90,104.0,Escuro / Dark
2691,anastasia beverly hills,luminous foundation,,370w,39.8039215686274,#936038,370.0,370w,5,91.0,Escuro / Dark
2692,lancôme,dual finish multi-tasking lightweight pressed powder foundation,bisque,370,60.7843137254902,#cf9667,370.0,370,71,120.0,Médio / Medium
2693,maybelline,fit me matte + poreless liquid foundation,deep bronze,370,39.6078431372549,#8b553f,370.0,370,90,104.0,Escuro / Dark
2694,revlon,colorstay makeup for normal/dry skin,toast,370,61.3725490196078,#cb906e,370.0,370,106,112.0,Médio / Medium
2695,maybelline,super stay full coverage foundation,deep bronze,370,29.2156862745098,#67442e,370.0,370,91,105.0,Retinto / Deep
2696,lancôme,teint idole ultra wear 24h long wear foundation,bisque w,370,66.2745098039216,#d1aa81,370.0,370,75,88.0,Médio / Medium
2697,lancôme,rénergie lift makeup lightweight liquid foundation spf 27,dore 25 w,370,62.54901960784311,#cc9b73,370.0,370,72,89.0,Médio / Medium
2698,zoeva,authentik skin natural luminous foundation,powerful,370c,50.3921568627451,#c96b38,370.0,370c,128,78.0,Médio / Medium
2699,exa,high fidelity foundation,dawn,370,61.960784313725505,#cb9971,370.0,370,43,115.0,Médio / Medium
2700,smith & cult,veiled threat weightless micro-blurring foundation,neutral,370,58.4313725490196,#d0895a,370.0,370,115,95.0,Médio / Medium
2701,fenty beauty by rihanna,pro filt'r soft matte powder foundation,,370,58.0392156862745,#cb865d,370.0,370,46,96.0,Médio / Medium
2702,fenty beauty by rihanna,pro filt'r soft matte longwear foundation,,370,67.05882352941181,#e59e71,370.0,370,45,97.0,Médio / Medium
2703,make up for ever,ultra hd invisible cover foundation,,r370,52.156862745097996,#a27e68,370.0,r370,80,122.0,Médio / Medium
2704,rare beauty by selena gomez,liquid touch weightless foundation,,370n,64.3137254901961,#d99e6f,370.0,370n,102,98.0,Médio / Medium
2705,make up for ever,reboot active care revitalizing foundation,,r370,65.0980392156863,#c5a087,370.0,r370,79,125.0,Médio / Medium
2706,make up for ever,matte velvet skin blurring powder foundation,,r370,76.8627450980392,#eeb29a,370.0,r370,77,126.0,Claro / Light
2707,fenty beauty by rihanna,pro filt'r hydrating longwear foundation,,370,63.5294117647059,#d09b74,370.0,370,44,99.0,Médio / Medium
2708,gucci,fluide de beauté fini naturel - natural finish fluid foundation,,370o,56.470588235294095,#c18d5f,370.0,370o,49,116.0,Médio / Medium
2709,make up for ever,matte velvet skin full coverage foundation,,r370,70.3921568627451,#d4b393,370.0,r370,78,123.0,Médio / Medium
2710,make up for ever,ultra hd invisible cover stick foundation,,r370,66.2745098039216,#d5a07d,370.0,r370,81,124.0,Médio / Medium
2711,givenchy,teint couture city balm radiant perfecting skin tint spf 25,,w370,52.7450980392157,#ac7b61,370.0,w370,48,107.0,Médio / Medium
2712,make up for ever,ultra hd invisible cover foundation,,y373,73.3333333333333,#e0bf96,373.0,y373,80,122.0,Médio / Medium
2713,maybelline,fit me matte + poreless liquid foundation,java,375,34.9019607843137,#76503c,375.0,375,90,104.0,Escuro / Dark
2714,maybelline,super stay full coverage foundation,java,375,28.235294117647097,#5d4233,375.0,375,91,105.0,Retinto / Deep
2715,make up for ever,ultra hd invisible cover foundation,,y375,55.490196078431396,#b38768,375.0,y375,80,122.0,Médio / Medium
2716,make up for ever,matte velvet skin blurring powder foundation,,y375golden,74.7058823529412,#eab693,375.0,y375golden,77,126.0,Médio / Medium
2717,make up for ever,matte velvet skin full coverage foundation,,y375,68.6274509803922,#d4b18a,375.0,y375,78,123.0,Médio / Medium
2718,make up for ever,ultra hd invisible cover stick foundation,,y375,65.6862745098039,#d09e7f,375.0,y375,81,124.0,Médio / Medium
2719,maybelline,fit me matte + poreless liquid foundation,espresso,380,27.843137254902,#5b3d33,380.0,380,90,104.0,Retinto / Deep
2720,lancôme,teint idole ultra wear 24h long wear foundation,bisque w,380,67.45098039215691,#d3ac85,380.0,380,75,88.0,Médio / Medium
2721,zoeva,authentik skin natural luminous foundation,smile,380n,39.0196078431373,#aa4c1d,380.0,380n,128,78.0,Escuro / Dark
2722,exa,high fidelity foundation,alyssa,380,67.843137254902,#d5a985,380.0,380,43,115.0,Médio / Medium
2723,smith & cult,veiled threat weightless micro-blurring foundation,warm,380,55.490196078431396,#c87d53,380.0,380,115,95.0,Médio / Medium
2724,fenty beauty by rihanna,pro filt'r soft matte powder foundation,,380,59.4117647058824,#cb8d64,380.0,380,46,96.0,Médio / Medium
2725,fenty beauty by rihanna,pro filt'r soft matte longwear foundation,,380,67.843137254902,#e59c75,380.0,380,45,97.0,Médio / Medium
2726,rare beauty by selena gomez,liquid touch weightless foundation,,380w,63.3333333333333,#d49e6f,380.0,380w,102,98.0,Médio / Medium
2727,fenty beauty by rihanna,pro filt'r hydrating longwear foundation,,380,64.3137254901961,#d29a76,380.0,380,44,99.0,Médio / Medium
2728,gucci,fluide de beauté fini naturel - natural finish fluid foundation,,380n,49.4117647058824,#b1764b,380.0,380n,49,116.0,Escuro / Dark
2729,make up for ever,ultra hd invisible cover foundation,,y383,64.11764705882351,#c0a487,383.0,y383,80,122.0,Médio / Medium
2730,fenty beauty by rihanna,pro filt'r soft matte powder foundation,,385,44.9019607843137,#a46b41,385.0,385,46,96.0,Escuro / Dark
2731,fenty beauty by rihanna,pro filt'r soft matte longwear foundation,,385,60.0,#d4965e,385.0,385,45,97.0,Médio / Medium
2732,make up for ever,ultra hd invisible cover foundation,,y385,55.294117647058805,#ae8a6c,385.0,y385,80,122.0,Médio / Medium
2733,fenty beauty by rihanna,pro filt'r hydrating longwear foundation,,385,57.843137254902,#c49663,385.0,385,44,99.0,Médio / Medium
2734,revlon,colorstay full cover foundation,early tan,390,67.45098039215691,#dca57c,390.0,390,103,113.0,Médio / Medium
2735,lancôme,teint idole ultra wear 24h long wear foundation,bisque c,390,67.45098039215691,#d3ad85,390.0,390,75,88.0,Médio / Medium
2736,zoeva,authentik skin natural luminous foundation,soulful,390n,37.6470588235294,#a1411f,390.0,390n,128,78.0,Escuro / Dark
2737,exa,high fidelity foundation,allie,390,68.0392156862745,#cea98d,390.0,390,43,115.0,Médio / Medium
2738,smith & cult,veiled threat weightless micro-blurring foundation,cool,390,55.6862745098039,#c97f53,390.0,390,115,95.0,Médio / Medium
2739,fenty beauty by rihanna,pro filt'r soft matte powder foundation,,390,48.4313725490196,#ac714b,390.0,390,46,96.0,Escuro / Dark
2740,fenty beauty by rihanna,pro filt'r soft matte longwear foundation,,390,61.1764705882353,#cd926b,390.0,390,45,97.0,Médio / Medium
2741,rare beauty by selena gomez,liquid touch weightless foundation,,390c,64.9019607843137,#cf957c,390.0,390c,102,98.0,Médio / Medium
2742,fenty beauty by rihanna,pro filt'r hydrating longwear foundation,,390,50.5882352941176,#b07c52,390.0,390,44,99.0,Médio / Medium
2743,anastasia beverly hills,luminous foundation,,400n,37.4509803921569,#8e5a31,400.0,400n,5,91.0,Escuro / Dark
2744,revlon,colorstay makeup for combo/oily skin,caramel,400,61.1764705882353,#c69072,400.0,400,105,111.0,Médio / Medium
2745,almay,clear complexion make myself clear makeup,neutral,400,66.07843137254899,#cf9d82,400.0,400,2,92.0,Médio / Medium
2746,revlon,colorstay makeup for normal/dry skin,caramel,400,61.1764705882353,#c69072,400.0,400,106,112.0,Médio / Medium
2747,almay,smart shade skintone matching makeup,medium meets deep,400,69.41176470588239,#dda785,400.0,400,4,128.0,Médio / Medium
2748,juvia's place,i am magic foundation,ethiopia,400,62.54901960784311,#d99c66,400.0,400,57,93.0,Médio / Medium
2749,zoeva,authentik skin natural luminous foundation,spirited,400c,37.6470588235294,#9f4221,400.0,400c,128,78.0,Escuro / Dark
2750,exa,high fidelity foundation,lydia,400,67.843137254902,#d59f85,400.0,400,43,115.0,Médio / Medium
2751,smith & cult,veiled threat weightless micro-blurring foundation,warm,400,53.529411764705905,#d07741,400.0,400,115,95.0,Médio / Medium
2752,fenty beauty by rihanna,pro filt'r soft matte powder foundation,,400,40.588235294117595,#995e36,400.0,400,46,96.0,Escuro / Dark
2753,fenty beauty by rihanna,pro filt'r soft matte longwear foundation,,400,51.960784313725505,#c67943,400.0,400,45,97.0,Médio / Medium
2754,rare beauty by selena gomez,liquid touch weightless foundation,,400w,59.8039215686274,#c6926b,400.0,400w,102,98.0,Médio / Medium
2755,fenty beauty by rihanna,pro filt'r hydrating longwear foundation,,400,48.4313725490196,#b17646,400.0,400,44,99.0,Escuro / Dark
2756,huda beauty,#fauxfilter skin finish buildable coverage foundation stick,,400g,78.6274509803922,#ecc8a5,400.0,400g,52,100.0,Claro / Light
2757,huda beauty,#fauxfilter full coverage matte foundation,macchiato,400g,48.4313725490196,#af8048,400.0,400g,51,101.0,Escuro / Dark
2758,la mer,the soft fluid long wear foundation spf 20,dusk,400,60.588235294117595,#c6856f,400.0,400,69,118.0,Médio / Medium
2759,origins,pretty in bloom™ spf 20 flower-infused long-wear foundation,,400,64.11764705882351,#ce9f79,400.0,400,98,102.0,Médio / Medium
2760,make up for ever,ultra hd invisible cover foundation,,y405,54.901960784313694,#ae856a,405.0,y405,80,122.0,Médio / Medium
2761,make up for ever,reboot active care revitalizing foundation,,y405,62.7450980392157,#cf9c71,405.0,y405,79,125.0,Médio / Medium
2762,make up for ever,matte velvet skin blurring powder foundation,,y405golden,74.50980392156859,#efb28d,405.0,y405golden,77,126.0,Médio / Medium
2763,huda beauty,#fauxfilter skin finish buildable coverage foundation stick,,405n,72.3529411764706,#e4b38d,405.0,405n,52,100.0,Médio / Medium
2764,make up for ever,matte velvet skin full coverage foundation,,y405,66.07843137254899,#cbad86,405.0,y405,78,123.0,Médio / Medium
2765,make up for ever,ultra hd invisible cover stick foundation,,y405,66.4705882352941,#d8a37b,405.0,y405,81,124.0,Médio / Medium
2766,givenchy,teint couture city balm radiant perfecting skin tint spf 25,,n405,51.960784313725505,#ae745b,405.0,n405,48,107.0,Médio / Medium
2767,anastasia beverly hills,luminous foundation,,410c,34.705882352941195,#86562b,410.0,410c,5,91.0,Escuro / Dark
2768,lancôme,dual finish multi-tasking lightweight pressed powder foundation,bisque,410,72.5490196078431,#f0b882,410.0,410,71,120.0,Médio / Medium
2769,revlon,colorstay makeup for combo/oily skin,cappuccino,410,56.862745098039206,#ba8468,410.0,410,105,111.0,Médio / Medium
2770,revlon,colorstay makeup for normal/dry skin,cappuccino,410,56.862745098039206,#ba8468,410.0,410,106,112.0,Médio / Medium
2771,revlon,colorstay full cover foundation,toast,410,59.8039215686274,#d19660,410.0,410,103,113.0,Médio / Medium
2772,lancôme,teint idole ultra wear 24h long wear foundation,bisque w,410,66.4705882352941,#dfa774,410.0,410,75,88.0,Médio / Medium
2773,juvia's place,i am magic foundation,nairobi,410,45.0980392156863,#b26634,410.0,410,57,93.0,Escuro / Dark
2774,lancôme,rénergie lift makeup lightweight liquid foundation spf 27,bisque w,410,63.3333333333333,#db9b68,410.0,410,72,89.0,Médio / Medium
2775,zoeva,authentik skin natural luminous foundation,strong,410w,28.431372549019603,#76301b,410.0,410w,128,78.0,Retinto / Deep
2776,exa,high fidelity foundation,james,410,78.0392156862745,#efc39f,410.0,410,43,115.0,Claro / Light
2777,smith & cult,veiled threat weightless micro-blurring foundation,warm,410,51.7647058823529,#c77341,410.0,410,115,95.0,Médio / Medium
2778,fenty beauty by rihanna,pro filt'r soft matte powder foundation,,410,42.3529411764706,#9a623e,410.0,410,46,96.0,Escuro / Dark
2779,fenty beauty by rihanna,pro filt'r soft matte longwear foundation,,410,53.529411764705905,#c67a4b,410.0,410,45,97.0,Médio / Medium
2780,rare beauty by selena gomez,liquid touch weightless foundation,,410n,55.490196078431396,#b98662,410.0,410n,102,98.0,Médio / Medium
2781,make up for ever,matte velvet skin blurring powder foundation,,r410golden,73.3333333333333,#e5ab91,410.0,r410golden,77,126.0,Médio / Medium
2782,fenty beauty by rihanna,pro filt'r hydrating longwear foundation,,410,50.0,#b2784d,410.0,410,44,99.0,Escuro / Dark
2783,huda beauty,#fauxfilter skin finish buildable coverage foundation stick,,410g,68.8235294117647,#dbac84,410.0,410g,52,100.0,Médio / Medium
2784,gucci,fluide de beauté fini naturel - natural finish fluid foundation,,410w,54.3137254901961,#bf8456,410.0,410w,49,116.0,Médio / Medium
2785,make up for ever,matte velvet skin full coverage foundation,,r410,66.8627450980392,#cbaa8a,410.0,r410,78,123.0,Médio / Medium
2786,make up for ever,ultra hd invisible cover stick foundation,,r410,62.54901960784311,#d1936e,410.0,r410,81,124.0,Médio / Medium
2787,huda beauty,#fauxfilter full coverage matte foundation,brown sugar,410g,54.901960784313694,#c09258,410.0,410g,51,101.0,Médio / Medium
2788,shiseido,synchro skin self-refreshing foundation spf 30,,410,71.9607843137255,#e6ae89,410.0,410,118,117.0,Médio / Medium
2789,la mer,the soft fluid long wear foundation spf 20,espresso,410,22.9411764705882,#5d2d18,410.0,410,69,118.0,Retinto / Deep
2790,shiseido,synchro skin self-refreshing custom finish powder foundation,sunstone,410,61.568627450980394,#c89272,410.0,410,117,119.0,Médio / Medium
2791,origins,pretty in bloom™ spf 20 flower-infused long-wear foundation,,410,67.843137254902,#d8a982,410.0,410,98,102.0,Médio / Medium
2792,make up for ever,ultra hd invisible cover foundation,,y412,59.0196078431373,#b3957a,412.0,y412,80,122.0,Médio / Medium
2793,make up for ever,reboot active care revitalizing foundation,,y412,63.921568627450995,#cc9b7a,412.0,y412,79,125.0,Médio / Medium
2794,lancôme,teint idole ultra wear 24h long wear foundation,bisque w,415,60.98039215686279,#d39c64,415.0,415,75,88.0,Médio / Medium
2795,make up for ever,ultra hd invisible cover foundation,,y415,49.019607843137294,#997861,415.0,y415,80,122.0,Escuro / Dark
2796,make up for ever,matte velvet skin blurring powder foundation,,y415,70.7843137254902,#e0a989,415.0,y415,77,126.0,Médio / Medium
2797,huda beauty,#fauxfilter skin finish buildable coverage foundation stick,,415n,68.2352941176471,#daaa82,415.0,415n,52,100.0,Médio / Medium
2798,make up for ever,matte velvet skin full coverage foundation,,y415,66.8627450980392,#ccb189,415.0,y415,78,123.0,Médio / Medium
2799,make up for ever,ultra hd invisible cover stick foundation,,y415,62.9411764705882,#cc9975,415.0,y415,81,124.0,Médio / Medium
2800,lancôme,teint idole ultra wear 24h long wear foundation,bisque c,418,99.21568627450979,#fdfdfd,418.0,418,75,88.0,Claro / Light
2801,anastasia beverly hills,luminous foundation,,420c,34.3137254901961,#7f5430,420.0,420c,5,91.0,Escuro / Dark
2802,lancôme,teint idole ultra longwear foundation stick spf 21,bisque n,420,63.5294117647059,#d1a173,420.0,420,74,110.0,Médio / Medium
2803,lancôme,dual finish multi-tasking lightweight pressed powder foundation,bisque,420,59.21568627450981,#d58d59,420.0,420,71,120.0,Médio / Medium
2804,revlon,colorstay full cover foundation,mahogany,420,40.3921568627451,#945a3a,420.0,420,103,113.0,Escuro / Dark
2805,lancôme,teint idole ultra wear 24h long wear foundation,bisque n,420,63.5294117647059,#d1a173,420.0,420,75,88.0,Médio / Medium
2806,juvia's place,i am magic foundation,havana,420,57.843137254902,#d68751,420.0,420,57,93.0,Médio / Medium
2807,lancôme,rénergie lift makeup lightweight liquid foundation spf 27,bisque n,420,58.23529411764709,#d18a58,420.0,420,72,89.0,Médio / Medium
2808,zoeva,authentik skin natural luminous foundation,trusted,420n,27.2549019607843,#6d281e,420.0,420n,128,78.0,Retinto / Deep
2809,exa,high fidelity foundation,annica,420,77.0588235294118,#f5c294,420.0,420,43,115.0,Claro / Light
2810,smith & cult,veiled threat weightless micro-blurring foundation,cool,420,45.0980392156863,#ad6639,420.0,420,115,95.0,Escuro / Dark
2811,fenty beauty by rihanna,pro filt'r soft matte powder foundation,,420,41.7647058823529,#9b5e3a,420.0,420,46,96.0,Escuro / Dark
2812,fenty beauty by rihanna,pro filt'r soft matte longwear foundation,,420,53.921568627451,#ce8045,420.0,420,45,97.0,Médio / Medium
2813,make up for ever,ultra hd invisible cover foundation,,r420,54.7058823529412,#a9816e,420.0,r420,80,122.0,Médio / Medium
2814,rare beauty by selena gomez,liquid touch weightless foundation,,420n,60.7843137254902,#c49272,420.0,420n,102,98.0,Médio / Medium
2815,fenty beauty by rihanna,pro filt'r hydrating longwear foundation,,420,58.23529411764709,#c59264,420.0,420,44,99.0,Médio / Medium
2816,huda beauty,#fauxfilter skin finish buildable coverage foundation stick,,420g,70.1960784313725,#e4b282,420.0,420g,52,100.0,Médio / Medium
2817,gucci,fluide de beauté fini naturel - natural finish fluid foundation,,420n,54.901960784313694,#bf7e59,420.0,420n,49,116.0,Médio / Medium
2818,huda beauty,#fauxfilter full coverage matte foundation,toffee,420g,44.509803921568604,#a17642,420.0,420g,51,101.0,Escuro / Dark
2819,shiseido,synchro skin self-refreshing foundation spf 30,,420,61.3725490196078,#c59b74,420.0,420,118,117.0,Médio / Medium
2820,la mer,the soft fluid long wear foundation spf 20,terra,420,35.2941176470588,#814c33,420.0,420,69,118.0,Escuro / Dark
2821,origins,pretty in bloom™ spf 20 flower-infused long-wear foundation,,420,64.11764705882351,#c4a283,420.0,420,98,102.0,Médio / Medium
2822,make up for ever,ultra hd invisible cover foundation,,y422,63.725490196078404,#bfa386,422.0,y422,80,122.0,Médio / Medium
2823,lancôme,teint idole ultra wear 24h long wear foundation,bisque w,425,60.392156862745104,#cf9a65,425.0,425,75,88.0,Médio / Medium
2824,make up for ever,ultra hd invisible cover foundation,,y425,52.156862745097996,#a57e65,425.0,y425,80,122.0,Médio / Medium
2825,make up for ever,matte velvet skin blurring powder foundation,,y425,69.0196078431373,#e1aa7f,425.0,y425,77,126.0,Médio / Medium
2826,make up for ever,matte velvet skin full coverage foundation,,y425,65.4901960784314,#c9ac85,425.0,y425,78,123.0,Médio / Medium
2827,anastasia beverly hills,luminous foundation,,430w,36.2745098039216,#8b562e,430.0,430w,5,91.0,Escuro / Dark
2828,lancôme,teint idole ultra wear 24h long wear foundation,bisque c,430,59.4117647058824,#c99366,430.0,430,75,88.0,Médio / Medium
2829,juvia's place,i am magic foundation,rio,430,44.7058823529412,#b06b34,430.0,430,57,93.0,Escuro / Dark
2830,lancôme,rénergie lift makeup lightweight liquid foundation spf 27,dore 30 w,430,59.21568627450981,#cb8c63,430.0,430,72,89.0,Médio / Medium
2831,zoeva,authentik skin natural luminous foundation,warrior,430n,22.5490196078431,#57241c,430.0,430n,128,78.0,Retinto / Deep
2832,exa,high fidelity foundation,dana,430,71.9607843137255,#d9aa96,430.0,430,43,115.0,Médio / Medium
2833,smith & cult,veiled threat weightless micro-blurring foundation,neutral,430,50.78431372549021,#c4733f,430.0,430,115,95.0,Médio / Medium
2834,fenty beauty by rihanna,pro filt'r soft matte powder foundation,,430,37.0588235294118,#8b5432,430.0,430,46,96.0,Escuro / Dark
2835,fenty beauty by rihanna,pro filt'r soft matte longwear foundation,,430,47.843137254902004,#ab6c49,430.0,430,45,97.0,Escuro / Dark
2836,make up for ever,ultra hd invisible cover foundation,,r430,47.843137254902004,#98705c,430.0,r430,80,122.0,Escuro / Dark
2837,rare beauty by selena gomez,liquid touch weightless foundation,,430w,60.98039215686279,#c8926f,430.0,430w,102,98.0,Médio / Medium
2838,fenty beauty by rihanna,pro filt'r hydrating longwear foundation,,430,46.6666666666667,#9e6f50,430.0,430,44,99.0,Escuro / Dark
2839,huda beauty,#fauxfilter skin finish buildable coverage foundation stick,,430n,67.6470588235294,#dba97e,430.0,430n,52,100.0,Médio / Medium
2840,gucci,fluide de beauté fini naturel - natural finish fluid foundation,,430c,48.0392156862745,#a9694c,430.0,430c,49,116.0,Escuro / Dark
2841,huda beauty,#fauxfilter full coverage matte foundation,gingerbread,430n,44.509803921568604,#ab7a38,430.0,430n,51,101.0,Escuro / Dark
2842,shiseido,synchro skin self-refreshing foundation spf 30,,430,64.11764705882351,#cf9478,430.0,430,118,117.0,Médio / Medium
2843,la mer,the soft fluid long wear foundation spf 20,chestnut,430,58.627450980392204,#c28b69,430.0,430,69,118.0,Médio / Medium
2844,make up for ever,water blend face & body foundation,,r430,55.88235294117651,#b27d6b,430.0,r430,82,129.0,Médio / Medium
2845,givenchy,teint couture city balm radiant perfecting skin tint spf 25,,w430,43.137254901960794,#915c4b,430.0,w430,48,107.0,Escuro / Dark
2846,make up for ever,matte velvet skin full coverage foundation,,y433,65.0980392156863,#cfaa7d,433.0,y433,78,123.0,Médio / Medium
2847,make up for ever,reboot active care revitalizing foundation,,y434,57.2549019607843,#c68d5e,434.0,y434,79,125.0,Médio / Medium
2848,lancôme,teint idole ultra wear 24h long wear foundation,bisque w,435,99.4117647058824,#fefefd,435.0,435,75,88.0,Claro / Light
2849,juvia's place,i am magic foundation,punta cana,435,48.2352941176471,#b8753e,435.0,435,57,93.0,Escuro / Dark
2850,make up for ever,ultra hd invisible cover foundation,,y435,64.11764705882351,#c59c82,435.0,y435,80,122.0,Médio / Medium
2851,anastasia beverly hills,luminous foundation,,440c,32.3529411764706,#7a4f2b,440.0,440c,5,91.0,Escuro / Dark
2852,lancôme,dual finish multi-tasking lightweight pressed powder foundation,bisque,440,57.0588235294118,#d08453,440.0,440,71,120.0,Médio / Medium
2853,juvia's place,i am magic foundation,savanna,440,52.3529411764706,#bf7e4c,440.0,440,57,93.0,Médio / Medium
2854,revlon,colorstay light cover liquid foundation,caramel,440,48.2352941176471,#b07646,440.0,440,104,114.0,Escuro / Dark
2855,zoeva,authentik skin natural luminous foundation,wise,440c,20.1960784313725,#452722,440.0,440c,128,78.0,Retinto / Deep
2856,exa,high fidelity foundation,katey,440,65.6862745098039,#d0a57f,440.0,440,43,115.0,Médio / Medium
2857,smith & cult,veiled threat weightless micro-blurring foundation,neutral,440,50.5882352941176,#c46b3e,440.0,440,115,95.0,Médio / Medium
2858,fenty beauty by rihanna,pro filt'r soft matte powder foundation,,440,38.0392156862745,#8d5435,440.0,440,46,96.0,Escuro / Dark
2859,fenty beauty by rihanna,pro filt'r soft matte longwear foundation,,440,55.294117647058805,#c38057,440.0,440,45,97.0,Médio / Medium
2860,rare beauty by selena gomez,liquid touch weightless foundation,,440c,52.54901960784309,#b07a5c,440.0,440c,102,98.0,Médio / Medium
2861,fenty beauty by rihanna,pro filt'r hydrating longwear foundation,,440,48.6274509803922,#ab754d,440.0,440,44,99.0,Escuro / Dark
2862,huda beauty,#fauxfilter skin finish buildable coverage foundation stick,,440g,63.3333333333333,#d69d6d,440.0,440g,52,100.0,Médio / Medium
2863,gucci,fluide de beauté fini naturel - natural finish fluid foundation,,440o,48.0392156862745,#aa6c4b,440.0,440o,49,116.0,Escuro / Dark
2864,huda beauty,#fauxfilter full coverage matte foundation,cinnamon,440g,42.3529411764706,#a06838,440.0,440g,51,101.0,Escuro / Dark
2865,shiseido,synchro skin self-refreshing foundation spf 30,,440,51.7647058823529,#af8259,440.0,440,118,117.0,Médio / Medium
2866,la mer,the soft fluid long wear foundation spf 20,amber,440,57.4509803921569,#b18d74,440.0,440,69,118.0,Médio / Medium
2867,shiseido,synchro skin self-refreshing custom finish powder foundation,amber,440,58.823529411764696,#c18b6b,440.0,440,117,119.0,Médio / Medium
2868,origins,pretty in bloom™ spf 20 flower-infused long-wear foundation,,440,69.0196078431373,#cdaf93,440.0,440,98,102.0,Médio / Medium
2869,fenty beauty by rihanna,pro filt'r soft matte powder foundation,,445,33.7254901960784,#864c26,445.0,445,46,96.0,Escuro / Dark
2870,fenty beauty by rihanna,pro filt'r soft matte longwear foundation,,445,47.2549019607843,#af7142,445.0,445,45,97.0,Escuro / Dark
2871,make up for ever,ultra hd invisible cover foundation,,y445,46.274509803921596,#9a7352,445.0,y445,80,122.0,Escuro / Dark
2872,make up for ever,reboot active care revitalizing foundation,,y445,58.23529411764709,#c28b67,445.0,y445,79,125.0,Médio / Medium
2873,make up for ever,matte velvet skin blurring powder foundation,,y445,70.1960784313725,#e4a682,445.0,y445,77,126.0,Médio / Medium
2874,fenty beauty by rihanna,pro filt'r hydrating longwear foundation,,445,46.274509803921596,#a1744b,445.0,445,44,99.0,Escuro / Dark
2875,make up for ever,matte velvet skin full coverage foundation,,y445,62.9411764705882,#c5a67c,445.0,y445,78,123.0,Médio / Medium
2876,make up for ever,ultra hd invisible cover stick foundation,,y445,54.3137254901961,#b9815c,445.0,y445,81,124.0,Médio / Medium
2877,make up for ever,water blend face & body foundation,,y445,61.7647058823529,#c18d7a,445.0,y445,82,129.0,Médio / Medium
2878,anastasia beverly hills,luminous foundation,,450c,30.1960784313725,#724c28,450.0,450c,5,91.0,Escuro / Dark
2879,lancôme,teint idole ultra longwear foundation stick spf 21,suede n,450,59.4117647058824,#c69469,450.0,450,74,110.0,Médio / Medium
2880,lancôme,dual finish multi-tasking lightweight pressed powder foundation,suede,450,47.6470588235294,#b36a40,450.0,450,71,120.0,Escuro / Dark
2881,lancôme,teint idole ultra wear 24h long wear foundation,suede n,450,58.823529411764696,#c49368,450.0,450,75,88.0,Médio / Medium
2882,juvia's place,i am magic foundation,casablanca,450,62.54901960784311,#d99c66,450.0,450,57,93.0,Médio / Medium
2883,exa,high fidelity foundation,emily,450,73.5294117647059,#e2b995,450.0,450,43,115.0,Médio / Medium
2884,smith & cult,veiled threat weightless micro-blurring foundation,cool,450,41.3725490196078,#ab5328,450.0,450,115,95.0,Escuro / Dark
2885,fenty beauty by rihanna,pro filt'r soft matte powder foundation,,450,34.1176470588235,#7d4c31,450.0,450,46,96.0,Escuro / Dark
2886,fenty beauty by rihanna,pro filt'r soft matte longwear foundation,,450,47.843137254902004,#a86e4c,450.0,450,45,97.0,Escuro / Dark
2887,rare beauty by selena gomez,liquid touch weightless foundation,,450n,46.6666666666667,#a4644a,450.0,450n,102,98.0,Escuro / Dark
2888,fenty beauty by rihanna,pro filt'r hydrating longwear foundation,,450,46.8627450980392,#9c7153,450.0,450,44,99.0,Escuro / Dark
2889,huda beauty,#fauxfilter skin finish buildable coverage foundation stick,,450g,52.3529411764706,#b48357,450.0,450g,52,100.0,Médio / Medium
2890,gucci,fluide de beauté fini naturel - natural finish fluid foundation,,450c,48.0392156862745,#af6946,450.0,450c,49,116.0,Escuro / Dark
2891,huda beauty,#fauxfilter full coverage matte foundation,chocolate mousse,450g,48.2352941176471,#a47c52,450.0,450g,51,101.0,Escuro / Dark
2892,shiseido,synchro skin self-refreshing foundation spf 30,,450,60.7843137254902,#c28c74,450.0,450,118,117.0,Médio / Medium
2893,la mer,the soft fluid long wear foundation spf 20,sepia,450,59.4117647058824,#d09b5f,450.0,450,69,118.0,Médio / Medium
2894,shiseido,synchro skin self-refreshing custom finish powder foundation,copper,450,55.0980392156863,#b37c66,450.0,450,117,119.0,Médio / Medium
2895,lancôme,teint idole ultra wear 24h long wear foundation,suede c,455,45.8823529411765,#b17539,455.0,455,75,88.0,Escuro / Dark
2896,make up for ever,ultra hd invisible cover foundation,,y455,46.274509803921596,#997153,455.0,y455,80,122.0,Escuro / Dark
2897,make up for ever,matte velvet skin blurring powder foundation,,y455,68.4313725490196,#dda380,455.0,y455,77,126.0,Médio / Medium
2898,huda beauty,#fauxfilter skin finish buildable coverage foundation stick,,455r,61.960784313725505,#cc9670,455.0,455r,52,100.0,Médio / Medium
2899,make up for ever,matte velvet skin full coverage foundation,,y455,61.568627450980394,#c9a371,455.0,y455,78,123.0,Médio / Medium
2900,make up for ever,water blend face & body foundation,,y455,53.921568627451,#af7d64,455.0,y455,82,129.0,Médio / Medium
2901,lancôme,dual finish multi-tasking lightweight pressed powder foundation,suede,460,53.137254901960794,#c57d4a,460.0,460,71,120.0,Médio / Medium
2902,revlon,colorstay makeup for normal/dry skin,macadamia,460,78.2352941176471,#f5c29a,460.0,460,106,112.0,Claro / Light
2903,lancôme,teint idole ultra wear 24h long wear foundation,suede w,460,56.2745098039216,#c08d5f,460.0,460,75,88.0,Médio / Medium
2904,lancôme,rénergie lift makeup lightweight liquid foundation spf 27,suede c,460,44.1176470588235,#ab5f36,460.0,460,72,89.0,Escuro / Dark
2905,exa,high fidelity foundation,gretta,460,75.8823529411765,#dfc1a4,460.0,460,43,115.0,Claro / Light
2906,smith & cult,veiled threat weightless micro-blurring foundation,warm,460,34.1176470588235,#82472c,460.0,460,115,95.0,Escuro / Dark
2907,fenty beauty by rihanna,pro filt'r soft matte powder foundation,,460,31.960784313725497,#74432f,460.0,460,46,96.0,Escuro / Dark
2908,fenty beauty by rihanna,pro filt'r soft matte longwear foundation,,460,47.6470588235294,#a6634d,460.0,460,45,97.0,Escuro / Dark
2909,rare beauty by selena gomez,liquid touch weightless foundation,,460w,50.5882352941176,#af7453,460.0,460w,102,98.0,Médio / Medium
2910,fenty beauty by rihanna,pro filt'r hydrating longwear foundation,,460,47.0588235294118,#9a6956,460.0,460,44,99.0,Escuro / Dark
2911,gucci,fluide de beauté fini naturel - natural finish fluid foundation,,460n,44.1176470588235,#996948,460.0,460n,49,116.0,Escuro / Dark
2912,shiseido,synchro skin self-refreshing foundation spf 30,,460,70.7843137254902,#e1ab88,460.0,460,118,117.0,Médio / Medium
2913,la mer,the soft fluid long wear foundation spf 20,sienna,460,55.294117647058805,#ac826e,460.0,460,69,118.0,Médio / Medium
2914,make up for ever,ultra hd invisible cover foundation,,y463,51.5686274509804,#a28265,463.0,y463,80,122.0,Médio / Medium
2915,make up for ever,matte velvet skin full coverage foundation,,y463,60.7843137254902,#bfa177,463.0,y463,78,123.0,Médio / Medium
2916,lancôme,teint idole ultra wear 24h long wear foundation,suede c,465,37.843137254902,#95582c,465.0,465,75,88.0,Escuro / Dark
2917,anastasia beverly hills,luminous foundation,,470c,27.647058823529402,#6d4120,470.0,470c,5,91.0,Retinto / Deep
2918,lancôme,teint idole ultra wear 24h long wear foundation,suede c,470,57.0588235294118,#c38960,470.0,470,75,88.0,Médio / Medium
2919,exa,high fidelity foundation,stefania,470,76.2745098039216,#e8be9d,470.0,470,43,115.0,Claro / Light
2920,smith & cult,veiled threat weightless micro-blurring foundation,cool,470,34.5098039215686,#83432d,470.0,470,115,95.0,Escuro / Dark
2921,fenty beauty by rihanna,pro filt'r soft matte powder foundation,,470,31.5686274509804,#74452d,470.0,470,46,96.0,Escuro / Dark
2922,fenty beauty by rihanna,pro filt'r soft matte longwear foundation,,470,45.294117647058805,#9d634a,470.0,470,45,97.0,Escuro / Dark
2923,rare beauty by selena gomez,liquid touch weightless foundation,,470c,49.019607843137294,#a77053,470.0,470c,102,98.0,Escuro / Dark
2924,fenty beauty by rihanna,pro filt'r hydrating longwear foundation,,470,45.6862745098039,#946b55,470.0,470,44,99.0,Escuro / Dark
2925,gucci,fluide de beauté fini naturel - natural finish fluid foundation,,470o,38.8235294117647,#926034,470.0,470o,49,116.0,Escuro / Dark
2926,anastasia beverly hills,luminous foundation,,480c,26.8627450980392,#683f21,480.0,480c,5,91.0,Retinto / Deep
2927,exa,high fidelity foundation,liam,480,74.1176470588235,#ddb99d,480.0,480,43,115.0,Médio / Medium
2928,smith & cult,veiled threat weightless micro-blurring foundation,neutral,480,34.705882352941195,#87452a,480.0,480,115,95.0,Escuro / Dark
2929,fenty beauty by rihanna,pro filt'r soft matte powder foundation,,480,30.5882352941176,#70432c,480.0,480,46,96.0,Escuro / Dark
2930,fenty beauty by rihanna,pro filt'r soft matte longwear foundation,,480,44.9019607843137,#97644e,480.0,480,45,97.0,Escuro / Dark
2931,rare beauty by selena gomez,liquid touch weightless foundation,,480w,43.5294117647059,#956449,480.0,480w,102,98.0,Escuro / Dark
2932,fenty beauty by rihanna,pro filt'r hydrating longwear foundation,,480,36.6666666666667,#7d543e,480.0,480,44,99.0,Escuro / Dark
2933,gucci,fluide de beauté fini naturel - natural finish fluid foundation,,480c,41.5686274509804,#955a3f,480.0,480c,49,116.0,Escuro / Dark
2934,givenchy,teint couture city balm radiant perfecting skin tint spf 25,,w480,26.274509803921596,#563530,480.0,w480,48,107.0,Retinto / Deep
2935,anastasia beverly hills,luminous foundation,,490w,26.274509803921596,#673c1f,490.0,490w,5,91.0,Retinto / Deep
2936,exa,high fidelity foundation,hannah,490,70.5882352941177,#dcb58c,490.0,490,43,115.0,Médio / Medium
2937,smith & cult,veiled threat weightless micro-blurring foundation,neutral,490,28.6274509803922,#6b3927,490.0,490,115,95.0,Retinto / Deep
2938,fenty beauty by rihanna,pro filt'r soft matte powder foundation,,490,26.6666666666667,#663b22,490.0,490,46,96.0,Retinto / Deep
2939,fenty beauty by rihanna,pro filt'r soft matte longwear foundation,,490,43.921568627451,#94644c,490.0,490,45,97.0,Escuro / Dark
2940,rare beauty by selena gomez,liquid touch weightless foundation,,490c,43.7254901960784,#995e46,490.0,490c,102,98.0,Escuro / Dark
2941,fenty beauty by rihanna,pro filt'r hydrating longwear foundation,,490,36.078431372549005,#7b553d,490.0,490,44,99.0,Escuro / Dark
2942,givenchy,teint couture city balm radiant perfecting skin tint spf 25,,n490,22.5490196078431,#45312e,490.0,n490,48,107.0,Retinto / Deep
2943,lancôme,teint idole ultra wear 24h long wear foundation,suede,495,40.0,#856447,495.0,495,75,88.0,Escuro / Dark
2944,fenty beauty by rihanna,pro filt'r soft matte powder foundation,,495,24.7058823529412,#5d3121,495.0,495,46,96.0,Retinto / Deep
2945,fenty beauty by rihanna,pro filt'r soft matte longwear foundation,,495,33.529411764705905,#784533,495.0,495,45,97.0,Escuro / Dark
2946,fenty beauty by rihanna,pro filt'r hydrating longwear foundation,,495,35.0980392156863,#734f40,495.0,495,44,99.0,Escuro / Dark
2947,fenty beauty by rihanna,pro filt'r soft matte powder foundation,,498,24.7058823529412,#4e3530,498.0,498,46,96.0,Retinto / Deep
2948,fenty beauty by rihanna,pro filt'r soft matte longwear foundation,,498,34.9019607843137,#66524c,498.0,498,45,97.0,Escuro / Dark
2949,fenty beauty by rihanna,pro filt'r hydrating longwear foundation,,498,35.0980392156863,#635550,498.0,498,44,99.0,Escuro / Dark
2950,anastasia beverly hills,luminous foundation,,500c,25.2941176470588,#613920,500.0,500c,5,91.0,Retinto / Deep
2951,lancôme,teint idole ultra longwear foundation stick spf 21,suede w,500,48.0392156862745,#ac7a49,500.0,500,74,110.0,Escuro / Dark
2952,lancôme,dual finish multi-tasking lightweight pressed powder foundation,suede,500,42.7450980392157,#b45926,500.0,500,71,120.0,Escuro / Dark
2953,almay,clear complexion make myself clear makeup,beige,500,65.8823529411765,#ce9782,500.0,500,2,92.0,Médio / Medium
2954,revlon,colorstay makeup for normal/dry skin,walnut,500,37.4509803921569,#a74e18,500.0,500,106,112.0,Escuro / Dark
2955,almay,smart shade skintone matching makeup,deep like me,500,60.98039215686279,#c79270,500.0,500,4,128.0,Médio / Medium
2956,lancôme,teint idole ultra wear 24h long wear foundation,suede w,500,48.2352941176471,#ac7a4a,500.0,500,75,88.0,Escuro / Dark
2957,juvia's place,i am magic foundation,bogota,500,64.11764705882351,#cb9f7c,500.0,500,57,93.0,Médio / Medium
2958,lancôme,rénergie lift makeup lightweight liquid foundation spf 27,suede w,500,47.0588235294118,#ac6c44,500.0,500,72,89.0,Escuro / Dark
2959,exa,high fidelity foundation,whit,500,72.9411764705882,#dfb295,500.0,500,43,115.0,Médio / Medium
2960,smith & cult,veiled threat weightless micro-blurring foundation,cool,500,25.4901960784314,#613b21,500.0,500,115,95.0,Retinto / Deep
2961,rare beauty by selena gomez,liquid touch weightless foundation,,500n,42.941176470588196,#946147,500.0,500n,102,98.0,Escuro / Dark
2962,huda beauty,#fauxfilter skin finish buildable coverage foundation stick,,500g,50.9803921568627,#ac7e58,500.0,500g,52,100.0,Médio / Medium
2963,huda beauty,#fauxfilter full coverage matte foundation,mocha,500g,44.1176470588235,#9e6a43,500.0,500g,51,101.0,Escuro / Dark
2964,origins,pretty in bloom™ spf 20 flower-infused long-wear foundation,,500,63.1372549019608,#c89a7a,500.0,500,98,102.0,Médio / Medium
2965,make up for ever,reboot active care revitalizing foundation,,y503,51.176470588235304,#b37a52,503.0,y503,79,125.0,Médio / Medium
2966,make up for ever,matte velvet skin full coverage foundation,,y503,50.78431372549021,#a5835e,503.0,y503,78,123.0,Médio / Medium
2967,make up for ever,reboot active care revitalizing foundation,,y505,51.3725490196078,#ae7b58,505.0,y505,79,125.0,Médio / Medium
2968,make up for ever,matte velvet skin blurring powder foundation,,y505cognac,63.921568627450995,#cf9577,505.0,y505cognac,77,126.0,Médio / Medium
2969,make up for ever,matte velvet skin full coverage foundation,,y505,49.607843137254896,#a0805d,505.0,y505,78,123.0,Escuro / Dark
2970,make up for ever,ultra hd invisible cover stick foundation,,y505,46.274509803921596,#a36a49,505.0,y505,81,124.0,Escuro / Dark
2971,make up for ever,water blend face & body foundation,,y505,49.8039215686275,#a1745d,505.0,y505,82,129.0,Escuro / Dark
2972,make up for ever,ultra hd invisible cover foundation,,y508,48.4313725490196,#9a775d,508.0,y508,80,122.0,Escuro / Dark
2973,anastasia beverly hills,luminous foundation,,510w,22.5490196078431,#533020,510.0,510w,5,91.0,Retinto / Deep
2974,lancôme,teint idole ultra wear 24h long wear foundation,suede c,510,46.078431372549,#a67445,510.0,510,75,88.0,Escuro / Dark
2975,juvia's place,i am magic foundation,aruba,510,60.7843137254902,#dc9d5a,510.0,510,57,93.0,Médio / Medium
2976,covergirl,clean fresh skin milk foundation,porcelain,510,90.3921568627451,#f6e4d7,510.0,510,34,130.0,Claro / Light
2977,exa,high fidelity foundation,carolina,510,74.7058823529412,#ecc291,510.0,510,43,115.0,Médio / Medium
2978,smith & cult,veiled threat weightless micro-blurring foundation,cool,510,31.1764705882353,#7c4123,510.0,510,115,95.0,Escuro / Dark
2979,make up for ever,ultra hd invisible cover foundation,,r510,34.9019607843137,#7b4e37,510.0,r510,80,122.0,Escuro / Dark
2980,rare beauty by selena gomez,liquid touch weightless foundation,,510w,34.705882352941195,#7d4c34,510.0,510w,102,98.0,Escuro / Dark
2981,make up for ever,matte velvet skin blurring powder foundation,,r510coffee,63.921568627450995,#cb907b,510.0,r510coffee,77,126.0,Médio / Medium
2982,huda beauty,#fauxfilter skin finish buildable coverage foundation stick,,510r,51.3725490196078,#b17655,510.0,510r,52,100.0,Médio / Medium
2983,gucci,fluide de beauté fini naturel - natural finish fluid foundation,,510c,39.411764705882405,#8f553a,510.0,510c,49,116.0,Escuro / Dark
2984,make up for ever,matte velvet skin full coverage foundation,,r510,47.2549019607843,#9e7753,510.0,r510,78,123.0,Escuro / Dark
2985,huda beauty,#fauxfilter full coverage matte foundation,cocoa,510r,39.411764705882405,#8f653a,510.0,510r,51,101.0,Escuro / Dark
2986,shiseido,synchro skin self-refreshing foundation spf 30,,510,53.3333333333333,#ae8262,510.0,510,118,117.0,Médio / Medium
2987,shiseido,synchro skin self-refreshing custom finish powder foundation,suede,510,50.196078431372506,#9f7461,510.0,510,117,119.0,Médio / Medium
2988,origins,pretty in bloom™ spf 20 flower-infused long-wear foundation,,510,66.07843137254899,#c7a38a,510.0,510,98,102.0,Médio / Medium
2989,make up for ever,ultra hd invisible cover foundation,,y513,48.0392156862745,#9b785a,513.0,y513,80,122.0,Escuro / Dark
2990,make up for ever,matte velvet skin full coverage foundation,,y513,46.274509803921596,#a37d49,513.0,y513,78,123.0,Escuro / Dark
2991,anastasia beverly hills,luminous foundation,,520w,21.3725490196078,#4f2e1e,520.0,520w,5,91.0,Retinto / Deep
2992,lancôme,dual finish multi-tasking lightweight pressed powder foundation,suede,520,41.1764705882353,#ae5524,520.0,520,71,120.0,Escuro / Dark
2993,lancôme,teint idole ultra wear 24h long wear foundation,suede w,520,33.7254901960784,#854c27,520.0,520,75,88.0,Escuro / Dark
2994,juvia's place,i am magic foundation,tangier,520,61.960784313725505,#dd9b5f,520.0,520,57,93.0,Médio / Medium
2995,covergirl,clean fresh skin milk foundation,fair,520,79.8039215686275,#efc6a8,520.0,520,34,130.0,Claro / Light
2996,exa,high fidelity foundation,joshua,520,72.7450980392157,#e2b391,520.0,520,43,115.0,Médio / Medium
2997,rare beauty by selena gomez,liquid touch weightless foundation,,520w,43.3333333333333,#946949,520.0,520w,102,98.0,Escuro / Dark
2998,make up for ever,matte velvet skin blurring powder foundation,,r520cinnamon,59.8039215686274,#c88469,520.0,r520cinnamon,77,126.0,Médio / Medium
2999,huda beauty,#fauxfilter skin finish buildable coverage foundation stick,,520g,50.9803921568627,#a7785d,520.0,520g,52,100.0,Médio / Medium
3000,gucci,fluide de beauté fini naturel - natural finish fluid foundation,,520o,29.8039215686275,#684130,520.0,520o,49,116.0,Retinto / Deep
3001,huda beauty,#fauxfilter full coverage matte foundation,nutmeg,520g,42.3529411764706,#966b42,520.0,520g,51,101.0,Escuro / Dark
3002,shiseido,synchro skin self-refreshing foundation spf 30,,520,51.3725490196078,#ad7459,520.0,520,118,117.0,Médio / Medium
3003,make up for ever,water blend face & body foundation,,r520,48.0392156862745,#a26e53,520.0,r520,82,129.0,Escuro / Dark
3004,origins,pretty in bloom™ spf 20 flower-infused long-wear foundation,,520,65.0980392156863,#c4a088,520.0,520,98,102.0,Médio / Medium
3005,make up for ever,ultra hd invisible cover foundation,,y522,45.4901960784314,#956c53,522.0,y522,80,122.0,Escuro / Dark
3006,make up for ever,matte velvet skin full coverage foundation,,y523,43.921568627451,#997447,523.0,y523,78,123.0,Escuro / Dark
3007,make up for ever,reboot active care revitalizing foundation,,y528,44.7058823529412,#9f6b45,528.0,y528,79,125.0,Escuro / Dark
3008,anastasia beverly hills,luminous foundation,,530n,24.509803921568597,#5e331f,530.0,530n,5,91.0,Retinto / Deep
3009,lancôme,teint idole ultra wear 24h long wear foundation,suede c,530,34.5098039215686,#894d27,530.0,530,75,88.0,Escuro / Dark
3010,juvia's place,i am magic foundation,ibiza,530,67.2549019607843,#e2b075,530.0,530,57,93.0,Médio / Medium
3011,covergirl,clean fresh skin milk foundation,fair/light,530,78.2352941176471,#ebc1a4,530.0,530,34,130.0,Claro / Light
3012,exa,high fidelity foundation,terese,530,89.01960784313721,#f3e3d3,530.0,530,43,115.0,Claro / Light
3013,make up for ever,ultra hd invisible cover foundation,,r530,30.980392156862703,#6b4533,530.0,r530,80,122.0,Escuro / Dark
3014,rare beauty by selena gomez,liquid touch weightless foundation,,530n,42.5490196078431,#996340,530.0,530n,102,98.0,Escuro / Dark
3015,make up for ever,reboot active care revitalizing foundation,,r530,38.8235294117647,#8d5939,530.0,r530,79,125.0,Escuro / Dark
3016,make up for ever,matte velvet skin blurring powder foundation,,r530,60.392156862745104,#c38b71,530.0,r530,77,126.0,Médio / Medium
3017,huda beauty,#fauxfilter skin finish buildable coverage foundation stick,,530r,50.78431372549021,#aa7059,530.0,530r,52,100.0,Médio / Medium
3018,gucci,fluide de beauté fini naturel - natural finish fluid foundation,,530n,31.3725490196078,#71412f,530.0,530n,49,116.0,Escuro / Dark
3019,make up for ever,matte velvet skin full coverage foundation,,r530,39.8039215686274,#8d633e,530.0,r530,78,123.0,Escuro / Dark
3020,make up for ever,ultra hd invisible cover stick foundation,,r530,48.4313725490196,#9c6e5b,530.0,r530,81,124.0,Escuro / Dark
3021,huda beauty,#fauxfilter full coverage matte foundation,coffee bean,530r,35.6862745098039,#7a533c,530.0,530r,51,101.0,Escuro / Dark
3022,shiseido,synchro skin self-refreshing foundation spf 30,,530,50.3921568627451,#a07561,530.0,530,118,117.0,Médio / Medium
3023,shiseido,synchro skin self-refreshing custom finish powder foundation,henna,530,50.5882352941176,#a07262,530.0,530,117,119.0,Médio / Medium
3024,origins,pretty in bloom™ spf 20 flower-infused long-wear foundation,,530,60.392156862745104,#c7986d,530.0,530,98,102.0,Médio / Medium
3025,make up for ever,ultra hd invisible cover foundation,,y532,32.9411764705882,#694e3f,532.0,y532,80,122.0,Escuro / Dark
3026,make up for ever,matte velvet skin full coverage foundation,,r532,37.843137254902,#7d5844,532.0,r532,78,123.0,Escuro / Dark
3027,make up for ever,ultra hd invisible cover foundation,,y533,44.509803921568604,#966f4d,533.0,y533,80,122.0,Escuro / Dark
3028,make up for ever,matte velvet skin full coverage foundation,,y533,48.6274509803922,#9b7a5d,533.0,y533,78,123.0,Escuro / Dark
3029,make up for ever,ultra hd invisible cover foundation,,y535,38.0392156862745,#78544a,535.0,y535,80,122.0,Escuro / Dark
3030,make up for ever,matte velvet skin blurring powder foundation,,y535,69.6078431372549,#e3a480,535.0,y535,77,126.0,Médio / Medium
3031,make up for ever,matte velvet skin full coverage foundation,,y535,45.6862745098039,#977052,535.0,y535,78,123.0,Escuro / Dark
3032,make up for ever,ultra hd invisible cover stick foundation,,y535,45.8823529411765,#956355,535.0,y535,81,124.0,Escuro / Dark
3033,anastasia beverly hills,luminous foundation,,540w,23.137254901960798,#552e21,540.0,540w,5,91.0,Retinto / Deep
3034,lancôme,dual finish multi-tasking lightweight pressed powder foundation,suede,540,37.0588235294118,#a04c1d,540.0,540,71,120.0,Escuro / Dark
3035,lancôme,teint idole ultra wear 24h long wear foundation,suede w,540,31.7647058823529,#7c4726,540.0,540,75,88.0,Escuro / Dark
3036,juvia's place,i am magic foundation,giza,540,63.921568627450995,#dba26b,540.0,540,57,93.0,Médio / Medium
3037,covergirl,clean fresh skin milk foundation,light,540,77.0588235294118,#e7bea2,540.0,540,34,130.0,Claro / Light
3038,rare beauty by selena gomez,liquid touch weightless foundation,,540c,34.705882352941195,#77453a,540.0,540c,102,98.0,Escuro / Dark
3039,make up for ever,reboot active care revitalizing foundation,,r540,33.7254901960784,#72493a,540.0,r540,79,125.0,Escuro / Dark
3040,make up for ever,matte velvet skin blurring powder foundation,,r540dark,55.0980392156863,#ad816c,540.0,r540dark,77,126.0,Médio / Medium
3041,huda beauty,#fauxfilter skin finish buildable coverage foundation stick,,540g,49.607843137254896,#a07a5d,540.0,540g,52,100.0,Escuro / Dark
3042,gucci,fluide de beauté fini naturel - natural finish fluid foundation,,540c,33.1372549019608,#774432,540.0,540c,49,116.0,Escuro / Dark
3043,make up for ever,matte velvet skin full coverage foundation,,r540,37.4509803921569,#7b5f44,540.0,r540,78,123.0,Escuro / Dark
3044,make up for ever,ultra hd invisible cover stick foundation,,r540,46.078431372549,#876d64,540.0,r540,81,124.0,Escuro / Dark
3045,huda beauty,#fauxfilter full coverage matte foundation,chocolate truffle,540g,23.5294117647059,#69400f,540.0,540g,51,101.0,Retinto / Deep
3046,shiseido,synchro skin self-refreshing foundation spf 30,,540,44.1176470588235,#8f5b52,540.0,540,118,117.0,Escuro / Dark
3047,make up for ever,water blend face & body foundation,,r540,42.156862745098,#826355,540.0,r540,82,129.0,Escuro / Dark
3048,origins,pretty in bloom™ spf 20 flower-infused long-wear foundation,,540,63.5294117647059,#cca178,540.0,540,98,102.0,Médio / Medium
3049,make up for ever,ultra hd invisible cover foundation,,y545,41.3725490196078,#85644e,545.0,y545,80,122.0,Escuro / Dark
3050,anastasia beverly hills,luminous foundation,,550w,21.9607843137255,#4e2f22,550.0,550w,5,91.0,Retinto / Deep
3051,lancôme,teint idole ultra longwear foundation stick spf 21,suede c,550,27.2549019607843,#733d18,550.0,550,74,110.0,Retinto / Deep
3052,lancôme,dual finish multi-tasking lightweight pressed powder foundation,suede,550,31.3725490196078,#833c1d,550.0,550,71,120.0,Escuro / Dark
3053,lancôme,teint idole ultra wear 24h long wear foundation,suede c,550,29.411764705882398,#724024,550.0,550,75,88.0,Retinto / Deep
3054,juvia's place,i am magic foundation,martinique,550,75.6862745098039,#f3c48f,550.0,550,57,93.0,Claro / Light
3055,covergirl,clean fresh skin milk foundation,light/medium,550,76.8627450980392,#eac29e,550.0,550,34,130.0,Claro / Light
3056,lancôme,rénergie lift makeup lightweight liquid foundation spf 27,suede c,550,30.3921568627451,#684033,550.0,550,72,89.0,Escuro / Dark
3057,make up for ever,ultra hd invisible cover foundation,,r550,28.8235294117647,#643e2f,550.0,r550,80,122.0,Retinto / Deep
3058,rare beauty by selena gomez,liquid touch weightless foundation,,550c,35.4901960784314,#744641,550.0,550c,102,98.0,Escuro / Dark
3059,make up for ever,reboot active care revitalizing foundation,,r550,30.1960784313725,#703e2a,550.0,r550,79,125.0,Escuro / Dark
3060,huda beauty,#fauxfilter skin finish buildable coverage foundation stick,,550r,47.6470588235294,#986f5b,550.0,550r,52,100.0,Escuro / Dark
3061,gucci,fluide de beauté fini naturel - natural finish fluid foundation,,550o,30.784313725490197,#6d3f30,550.0,550o,49,116.0,Escuro / Dark
3062,make up for ever,matte velvet skin full coverage foundation,,r550,34.9019607843137,#715241,550.0,r550,78,123.0,Escuro / Dark
3063,huda beauty,#fauxfilter full coverage matte foundation,hot fudge,550r,31.5686274509804,#714c30,550.0,550r,51,101.0,Escuro / Dark
3064,shiseido,synchro skin self-refreshing foundation spf 30,,550,45.294117647058805,#985e4f,550.0,550,118,117.0,Escuro / Dark
3065,lancôme,teint idole ultra wear 24h long wear foundation,suede c,552,26.6666666666667,#5d392b,552.0,552,75,88.0,Retinto / Deep
3066,lancôme,teint idole ultra wear 24h long wear foundation,suede c,555,29.607843137254903,#724025,555.0,555,75,88.0,Retinto / Deep
3067,anastasia beverly hills,luminous foundation,,560w,21.3725490196078,#4a2d23,560.0,560w,5,91.0,Retinto / Deep
3068,lancôme,teint idole ultra wear 24h long wear foundation,suede c,560,24.1176470588235,#583523,560.0,560,75,88.0,Retinto / Deep
3069,covergirl,clean fresh skin milk foundation,medium,560,75.49019607843141,#e9ba98,560.0,560,34,130.0,Claro / Light
3070,make up for ever,ultra hd invisible cover foundation,,r560,34.9019607843137,#6a5248,560.0,r560,80,122.0,Escuro / Dark
3071,rare beauty by selena gomez,liquid touch weightless foundation,,560w,29.607843137254903,#623e35,560.0,560w,102,98.0,Retinto / Deep
3072,make up for ever,reboot active care revitalizing foundation,,r560,30.1960784313725,#664334,560.0,r560,79,125.0,Escuro / Dark
3073,huda beauty,#fauxfilter skin finish buildable coverage foundation stick,,560r,45.294117647058805,#8c655b,560.0,560r,52,100.0,Escuro / Dark
3074,gucci,fluide de beauté fini naturel - natural finish fluid foundation,,560w,30.0,#6a402f,560.0,560w,49,116.0,Retinto / Deep
3075,make up for ever,matte velvet skin full coverage foundation,,r560,31.960784313725497,#674c3c,560.0,r560,78,123.0,Escuro / Dark
3076,shiseido,synchro skin self-refreshing foundation spf 30,,560,40.9803921568627,#815d50,560.0,560,118,117.0,Escuro / Dark
3077,anastasia beverly hills,luminous foundation,,570n,20.0,#452a21,570.0,570n,5,91.0,Retinto / Deep
3078,covergirl,clean fresh skin milk foundation,medium/tan,570,71.9607843137255,#dfb390,570.0,570,34,130.0,Médio / Medium
3079,rare beauty by selena gomez,liquid touch weightless foundation,n,570,29.8039215686275,#5f4439,570.0,570,102,98.0,Retinto / Deep
3080,gucci,fluide de beauté fini naturel - natural finish fluid foundation,,570c,27.2549019607843,#5c3e2f,570.0,570c,49,116.0,Retinto / Deep
3081,anastasia beverly hills,luminous foundation,,580w,19.6078431372549,#422922,580.0,580w,5,91.0,Retinto / Deep
3082,covergirl,clean fresh skin milk foundation,tan,580,65.2941176470588,#cea17f,580.0,580,34,130.0,Médio / Medium
3083,gucci,fluide de beauté fini naturel - natural finish fluid foundation,,580n,25.6862745098039,#57392c,580.0,580n,49,116.0,Retinto / Deep
3084,anastasia beverly hills,luminous foundation,,590c,18.8235294117647,#3e2822,590.0,590c,5,91.0,Retinto / Deep
3085,covergirl,clean fresh skin milk foundation,tan/rich,590,51.7647058823529,#ae815a,590.0,590,34,130.0,Médio / Medium
3086,huda beauty,#fauxfilter skin finish buildable coverage foundation stick,,590r,47.0588235294118,#92685e,590.0,590r,52,100.0,Escuro / Dark
3087,marc jacobs beauty,shameless youthful-look 24h foundation spf 25,deep,r590,22.7450980392157,#623212,590.0,r590,89,,Retinto / Deep
3088,almay,clear complexion make myself clear makeup,sand beige,600,65.6862745098039,#d4977b,600.0,600,2,92.0,Médio / Medium
3089,almay,smart shade skintone matching makeup,make mine dark,600,56.2745098039216,#ba8565,600.0,600,4,128.0,Médio / Medium
3090,juvia's place,i am magic foundation,cairo,600,79.0196078431373,#f3c7a0,600.0,600,57,93.0,Claro / Light
3091,covergirl,clean fresh skin milk foundation,rich,600,52.54901960784309,#b0835c,600.0,600,34,130.0,Médio / Medium
3092,origins,pretty in bloom™ spf 20 flower-infused long-wear foundation,,600,64.7058823529412,#c39a87,600.0,600,98,102.0,Médio / Medium
3093,juvia's place,i am magic foundation,cebu,610,70.0,#ddb088,610.0,610,57,93.0,Médio / Medium
3094,covergirl,clean fresh skin milk foundation,rich/deep,610,57.0588235294118,#bf8a64,610.0,610,34,130.0,Médio / Medium
3095,origins,pretty in bloom™ spf 20 flower-infused long-wear foundation,,610,63.725490196078404,#d19b74,610.0,610,98,102.0,Médio / Medium
3096,juvia's place,i am magic foundation,fes,620,67.05882352941181,#d4a682,620.0,620,57,93.0,Médio / Medium
3097,covergirl,clean fresh skin milk foundation,deep,620,50.0,#a67e59,620.0,620,34,130.0,Escuro / Dark
3098,origins,pretty in bloom™ spf 20 flower-infused long-wear foundation,,620,61.1764705882353,#c39575,620.0,620,98,102.0,Médio / Medium
3099,juvia's place,i am magic foundation,capri,630,75.8823529411765,#e9c29a,630.0,630,57,93.0,Claro / Light
3100,covergirl,clean fresh skin milk foundation,deep/dark,630,48.823529411764696,#9c765d,630.0,630,34,130.0,Escuro / Dark
3101,origins,pretty in bloom™ spf 20 flower-infused long-wear foundation,,630,51.960784313725505,#af755a,630.0,630,98,102.0,Médio / Medium
3102,juvia's place,i am magic foundation,malta,640,80.0,#efcfa9,640.0,640,57,93.0,Claro / Light
3103,covergirl,clean fresh skin milk foundation,dark,640,36.4705882352941,#755745,640.0,640,34,130.0,Escuro / Dark
3104,origins,pretty in bloom™ spf 20 flower-infused long-wear foundation,,640,51.7647058823529,#ac735c,640.0,640,98,102.0,Médio / Medium
3105,juvia's place,i am magic foundation,alexandria,650,70.0,#dcb189,650.0,650,57,93.0,Médio / Medium
3106,almay,clear complexion make myself clear makeup,warm beige,700,63.725490196078404,#ca917b,700.0,700,2,92.0,Médio / Medium
3107,juvia's place,i am magic foundation,vienna,700,84.5098039215686,#f5dcba,700.0,700,57,93.0,Claro / Light
3108,origins,pretty in bloom™ spf 20 flower-infused long-wear foundation,,700,51.176470588235304,#ac7259,700.0,700,98,102.0,Médio / Medium
3109,juvia's place,i am magic foundation,maricao,710,78.2352941176471,#e3c5ac,710.0,710,57,93.0,Claro / Light
3110,origins,pretty in bloom™ spf 20 flower-infused long-wear foundation,,710,45.4901960784314,#9b674d,710.0,710,98,102.0,Escuro / Dark
3111,juvia's place,i am magic foundation,bali,720,74.9019607843137,#e3c09b,720.0,720,57,93.0,Médio / Medium
3112,origins,pretty in bloom™ spf 20 flower-infused long-wear foundation,,720,45.6862745098039,#986651,720.0,720,98,102.0,Escuro / Dark
3113,juvia's place,i am magic foundation,isla,730,79.2156862745098,#ecc4a8,730.0,730,57,93.0,Claro / Light
3114,origins,pretty in bloom™ spf 20 flower-infused long-wear foundation,,730,42.941176470588196,#835e58,730.0,730,98,102.0,Escuro / Dark
3115,juvia's place,i am magic foundation,marisol,740,80.3921568627451,#f2c5a8,740.0,740,57,93.0,Claro / Light
3116,origins,pretty in bloom™ spf 20 flower-infused long-wear foundation,,740,40.7843137254902,#715f5f,740.0,740,98,102.0,Escuro / Dark
3117,almay,clear complexion make myself clear makeup,cappuccino,900,36.078431372549005,#904d28,900.0,900,2,92.0,Escuro / Dark
