brand,product,name,specific,lightness,hex,lightToDark,numbers,id
Makeup Revolution,Conceal & Define Full Coverage Foundation,,F0,0.949019607843137,#F2F2F2,True,0.0,1.0
HOURGLASS,Veil Fluid Makeup,Porcelain,No. 0,0.817647058823529,#F6D3AB,True,0.0,2.0
TOM FORD,Traceless Soft Matte Foundation,Pearl,0.0,0.850980392156863,#F0D8C2,True,0.0,3.0
Armani Beauty,Neo Nude Foundation,,0,0.911764705882353,#F0E8E1,True,0.0,4.0
TOM FORD,Traceless Foundation Stick,Pearl,0.0,0.911764705882353,#FDE5D4,True,0.0,5.0
Charlotte Tilbury,Magic Foundation,,0,0.731372549019608,#D9AE9C,True,0.0,6.0
Bobbi Brown,Skin Weightless Powder Foundation,Porcelain,0,0.82156862745098,#F3C9B0,True,0.0,7.0
Givenchy,Matissime Velvet Radiant Mattifying Fluid Foundation SPF 20,,N00,0.831372549019608,#F5D8B3,True,0.0,8.0
Smashbox,Studio Skin 24 Hour Full Coverage Waterproof Foundation,,0.1,0.813725490196078,#F8CDA7,True,0.1,9.0
Smashbox,Studio Skin 24 Hour Oil-Free Hydra Foundation,,0.1,0.909803921568627,#F9E4D7,True,0.1,10.0
Makeup Revolution,Conceal & Define Satte Matte Powder Foundation,,P0.1,0.919607843137255,#F5E9E0,True,0.1,11.0
Makeup Revolution,Conceal & Define Full Coverage Foundation,,F0.1,0.756862745098039,#D4C2AE,True,0.1,1.0
TOM FORD,Traceless Soft Matte Foundation,Cameo,0.1,0.847058823529412,#EED8C2,True,0.1,3.0
TOM FORD,Traceless Foundation Stick,Cameo,0.1,0.884313725490196,#F5E2CE,True,0.1,5.0
Smashbox,Primer + Foundation Customizable Set,Smashbox,0.1,0.8,#E9C9AF,True,0.1,12.0
Smashbox,Studio Skin 24 Hour Full Coverage Waterproof Foundation,,0.2,0.758823529411765,#F0BE93,True,0.2,9.0
Makeup Revolution,Conceal & Define Satte Matte Powder Foundation,,P0.2,0.935294117647059,#F9EFE4,True,0.2,11.0
Makeup Revolution,Conceal & Define Full Coverage Foundation,,F0.2,0.774509803921569,#E1CDAA,True,0.2,1.0
Smashbox,Primer + Foundation Customizable Set,Smashbox,0.2,0.743137254901961,#E4B697,True,0.2,12.0
Clinique,Beyond Perfecting Powder Foundation + Concealer,Dune,0.25,0.917647058823529,#FBEED9,,0.25,
Ofra Cosmetics,Absolute Cover Foundation,,0.25,0.647058823529412,#C9AD81,True,0.25,13.0
Smashbox,Studio Skin 24 Hour Full Coverage Waterproof Foundation,,0.3,0.784313725490196,#F4C59C,True,0.3,9.0
Smashbox,Studio Skin 24 Hour Oil-Free Hydra Foundation,,0.3,0.9,#F5E2D6,True,0.3,10.0
Makeup Revolution,Conceal & Define Full Coverage Foundation,,F0.3,0.688235294117647,#CDB392,True,0.3,1.0
TOM FORD,Traceless Soft Matte Foundation,Ivory Silk,0.3,0.792156862745098,#E4CCB0,True,0.3,3.0
TOM FORD,Traceless Foundation Stick,Ivory Silk,0.3,0.77843137254902,#EEC49F,True,0.3,5.0
Smashbox,Primer + Foundation Customizable Set,Smashbox,0.3,0.733333333333333,#DAB49C,True,0.3,12.0
TOM FORD,Traceless Soft Matte Foundation,Rose,0.4,0.796078431372549,#E4C7B2,True,0.4,3.0
TOM FORD,Traceless Foundation Stick,Rose,0.4,0.688235294117647,#D3A58C,True,0.4,5.0
Smashbox,Studio Skin 24 Hour Full Coverage Waterproof Foundation,,0.5,0.715686274509804,#E6AE87,True,0.5,9.0
bareMinerals,BAREPRO Performance Wear Powder Foundation,Porcelain,0.5,0.843137254901961,#FCC8B2,True,0.5,14.0
Clinique,Beyond Perfecting Powder Foundation + Concealer,Breeze,0.5,0.833333333333333,#F7C9B2,,0.5,
Makeup Revolution,Conceal & Define Full Coverage Foundation,,F0.5,0.827450980392157,#ECC7BA,True,0.5,1.0
Clinique,Beyond Perfecting Foundation + Concealer,Shell,CN 0.5,0.92156862745098,#F7EADF,,0.5,
Urban Decay Cosmetics,All Nighter Liquid Full Coverage Foundation,,0.5,0.764705882352941,#DDC1A9,True,0.5,15.0
bareMinerals,BAREPRO Performance Wear Liquid Foundation Broad Spectrum SPF 20,Porcelain,0.5,0.843137254901961,#FCC8B2,True,0.5,16.0
bareMinerals,BAREPRO Longwear Powder Foundation ,Porcelain,0.5,0.872549019607843,#FCD3C1,True,0.5,17.0
bareMinerals,BarePRO™ 24 hour Longwear Liquid Foundation with Mineral SPF 20 ,Porcelain,0.5,0.882352941176471,#FDD8C5,True,0.5,18.0
TOM FORD,Traceless Soft Matte Foundation,Porcelain,0.5,0.794117647058823,#E2CCB3,True,0.5,3.0
TOM FORD,Traceless Foundation Stick,Porcelain,0.5,0.864705882352941,#F8D5C1,True,0.5,5.0
Smashbox,Primer + Foundation Customizable Set,Smashbox,0.5,0.719607843137255,#D2AB9D,True,0.5,12.0
Makeup Revolution,Conceal & Define Full Coverage Foundation,,F0.7,0.715686274509804,#D2B89B,True,0.7,1.0
Clinique,Beyond Perfecting Foundation + Concealer,Custard,CN 0.75,0.903921568627451,#F5E5D8,,0.75,
Benefit Cosmetics,Hello Happy Air Stick Foundation SPF 20,,Shade 1,0.825490196078431,#F0D2B5,True,1.0,19.0
Benefit Cosmetics,Hello Happy Flawless Brightening Foundation SPF 15,Fair Cool,Shade 1,0.817647058823529,#EACFB7,True,1.0,20.0
Benefit Cosmetics,Hello Happy Velvet Powder Foundation,Fair Cool,Shade 1,0.803921568627451,#E3CFB7,True,1.0,21.0
NUDESTIX,Tinted Cover Foundation,Nude,1,0.898039215686275,#F3DFD7,True,1.0,22.0
Smashbox,Studio Skin 24 Hour Full Coverage Waterproof Foundation,,1.0,0.701960784313725,#E5AC81,True,1.0,9.0
Smashbox,Studio Skin 24 Hour Oil-Free Hydra Foundation,,1.0,0.82156862745098,#F1C6B2,True,1.0,10.0
bareMinerals,Matte Foundation Broad Spectrum SPF 15,Fair,01,0.901960784313726,#FDE3CF,True,1.0,23.0
Makeup Revolution,Fast Base Stick Foundation,,F1,0.73921568627451,#D8BDA1,True,1.0,24.0
Makeup Revolution,Conceal & Define Satte Matte Powder Foundation,,P1,0.907843137254902,#F4E7DB,True,1.0,11.0
bareMinerals,ORIGINAL Foundation Broad Spectrum SPF 15,Fair,01,0.901960784313726,#FDE3CF,True,1.0,25.0
bareMinerals,BAREPRO Performance Wear Powder Foundation,Fair,01,0.837254901960784,#FBCDB0,True,1.0,14.0
Clinique,Almost Powder Makeup,Fair,01,0.950980392156863,#F4F3F1,,1.0,
bareMinerals,Complexion Rescue Hydrating Foundation Stick Broad Spectrum SPF 25,Opal,01,0.801960784313726,#F3C1A6,True,1.0,26.0
Makeup Revolution,Conceal & Hydrate Foundation,,F1,0.809803921568627,#E6CBB7,True,1.0,27.0
Makeup Revolution,Conceal & Define Full Coverage Foundation,,F1,0.835294117647059,#F3D4B7,True,1.0,1.0
Makeup Revolution,Conceal & Glow Foundation,,F1,0.815686274509804,#EDCCB3,True,1.0,28.0
Pacifica,Alight Clean Foundation,Cool Deep,01CD,0.313725490196078,#7C4024,False,1.0,29.0
jane iredale,Beyond Matte Liquid Foundation,,M1,0.817647058823529,#FCCDA5,True,1.0,30.0
Clinique,Beyond Perfecting Foundation + Concealer,Flax,WN 01,0.896078431372549,#EFE3DA,,1.0,
Urban Decay Cosmetics,All Nighter Liquid Full Coverage Foundation,,1.0,0.743137254901961,#DEC09D,True,1.0,15.0
bareMinerals,BAREPRO Performance Wear Liquid Foundation Broad Spectrum SPF 20,Fair,01,0.837254901960784,#FBCDB0,True,1.0,16.0
Physicians Formula,The Healthy Foundation SPF 20,,DpC1,0.376470588235294,#92572E,True,1.0,31.0
bareMinerals,ORIGINAL Liquid Mineral Foundation Broad Spectrum SPF 20,Fair,01,0.831372549019608,#FBCDAD,True,1.0,32.0
LORAC,PRO Soft Focus Longwear Foundation,,01,0.8,#E8CDB0,True,1.0,33.0
HOURGLASS,Veil Fluid Makeup,Ivory,No. 1,0.758823529411765,#E8B89B,True,1.0,2.0
ILIA,Super Serum Skin Tint SPF 40 Foundation,Rendevous,1,0.907843137254902,#FEE4D1,True,1.0,34.0
beautyblender,Bounce™ Liquid Whip Long Wear Foundation,Cool,1.00,0.943137254901961,#FCF0E5,True,1.0,35.0
bareMinerals,COMPLEXION RESCUE™ Tinted Moisturizer with Hyaluronic Acid and Mineral SPF 30,Opal,01,0.847058823529412,#ECD0C4,True,1.0,36.0
bareMinerals,BAREPRO Longwear Powder Foundation ,Fair,01,0.866666666666667,#F6D8C4,True,1.0,17.0
PAT McGRATH LABS,Sublime Perfection Foundation,Light,1,0.923529411764706,#FCE7DB,True,1.0,37.0
bareMinerals,BarePRO™ 24 hour Longwear Liquid Foundation with Mineral SPF 20 ,Fair,01,0.870588235294118,#F1DFCB,True,1.0,18.0
bareMinerals,Matte Loose Powder Mineral Foundation SPF 15 ,Fair,01,0.707843137254902,#CEB29B,True,1.0,38.0
SEPHORA COLLECTION,Make No Mistake Foundation & Concealer Stick,Driftwood,1,0.794117647058823,#E8C6AD,True,1.0,39.0
Laura Mercier,Smooth Finish Foundation Powder,,1,0.792156862745098,#FCCD98,True,1.0,40.0
Kosas,Tinted Face Oil Foundation,Tone,01,0.868627450980392,#F1DECA,True,1.0,41.0
Armani Beauty,Power Fabric Longwear High Cover Foundation SPF 25,,1,0.754901960784314,#E3B39E,True,1.0,42.0
Charlotte Tilbury,Light Wonder Foundation,Fair,1,0.856862745098039,#EBD8CA,True,1.0,43.0
Lancôme,SKIN FEELS GOOD Skin Nourishing Foundation,,01N,0.713725490196078,#D6AB96,True,1.0,44.0
bareMinerals,COMPLEXION RESCUE™ Hydrating Foundation Stick with Mineral SPF 25 ,Opal,01,0.82156862745098,#F0C8B3,True,1.0,45.0
Charlotte Tilbury,Magic Foundation,,1,0.786274509803922,#E1C6B0,True,1.0,6.0
SEPHORA COLLECTION,Matte Perfection Tinted Moisturizer,Lace Sephora Quality Way-Nice Price,1,0.886274509803922,#EFDED5,True,1.0,46.0
La Mer,The Luminous Lifting Cushion Foundation SPF 20 + Refill,Pink Porcelain,01,0.805882352941176,#F0C4AB,True,1.0,47.0
Bobbi Brown,Skin Weightless Powder Foundation,Warm Ivory,1,0.829411764705882,#F2CEB5,True,1.0,7.0
KEVYN AUCOIN,Foundation Balm,Light EF,01,0.835294117647059,#F7D1B3,True,1.0,48.0
NUDESTIX,Nudies Tinted Blur Stick,Light,1,0.790196078431373,#E6BEAD,True,1.0,49.0
Smashbox,Primer + Foundation Customizable Set,Smashbox,1,0.719607843137255,#D4A69B,True,1.0,12.0
Givenchy,Matissime Velvet Radiant Mattifying Fluid Foundation SPF 20,,N01,0.77843137254902,#E0C3AD,True,1.0,8.0
SEPHORA COLLECTION,Clean Glowing Skin Foundation,,1,0.798039215686275,#ECCCAB,True,1.0,50.0
Armani Beauty,Crema Nuda Supreme Glow Reviving Tinted Moisturizer,Nude Glow,1,0.658823529411765,#CC9484,True,1.0,51.0
KEVYN AUCOIN,The Etherealist Foundation,Light EF,01,0.743137254901961,#D6B4A5,True,1.0,52.0
surratt beauty,Surreal Skin Foundation Wand,Surreal Skin,1,0.817647058823529,#F5CFAC,True,1.0,53.0
bareMinerals,I AM AN ORIGINAL GET STARTED® KIT Original Loose Mineral Foundation Customizable Set,bareMinerals,01,0.707843137254902,#CEB29B,True,1.0,54.0
KEVYN AUCOIN,Stripped Nude Skin Tint,ST,01,0.876470588235294,#FCDBC3,True,1.0,55.0
Benefit Cosmetics,Mini Hello Happy Flawless Brightening Foundation SPF 15,,1,0.874509803921569,#FAD4C4,True,1.0,56.0
Smashbox,Studio Skin 24 Hour Full Coverage Waterproof Foundation,,1.05,0.688235294117647,#DFAE80,True,1.05,9.0
Smashbox,Studio Skin 24 Hour Oil-Free Hydra Foundation,,1.05,0.819607843137255,#F1D1B1,True,1.05,10.0
Smashbox,Primer + Foundation Customizable Set,Smashbox,1.05,0.717647058823529,#DAB694,True,1.05,12.0
Smashbox,Studio Skin 24 Hour Full Coverage Waterproof Foundation,,1.1,0.645098039215686,#D1A378,True,1.1,9.0
Smashbox,Studio Skin 24 Hour Oil-Free Hydra Foundation,,1.1,0.798039215686275,#F0CBA7,True,1.1,10.0
beautyblender,Bounce™ Liquid Whip Long Wear Foundation,Neutral,1.10,0.917647058823529,#FCEDD8,True,1.1,35.0
TOM FORD,Traceless Soft Matte Foundation,Warm Sand,1.1,0.794117647058823,#E2D0B3,True,1.1,3.0
TOM FORD,Traceless Foundation Stick,Warm Sand,1.1,0.66078431372549,#D3AA7E,True,1.1,5.0
Smashbox,Primer + Foundation Customizable Set,Smashbox,1.1,0.813725490196078,#E0CDBF,True,1.1,12.0
Smashbox,Studio Skin 24 Hour Full Coverage Waterproof Foundation,,1.15,0.690196078431373,#E3AA7D,True,1.15,9.0
Smashbox,Studio Skin 24 Hour Oil-Free Hydra Foundation,,1.15,0.8,#F6C6A2,True,1.15,10.0
Smashbox,Primer + Foundation Customizable Set,Smashbox,1.15,0.698039215686274,#D0A594,True,1.15,12.0
Smashbox,Studio Skin 24 Hour Full Coverage Waterproof Foundation,,1.2,0.680392156862745,#E0A77B,True,1.2,9.0
Smashbox,Studio Skin 24 Hour Oil-Free Hydra Foundation,,1.2,0.823529411764706,#FCD3A8,True,1.2,10.0
beautyblender,Bounce™ Liquid Whip Long Wear Foundation,Cool,1.20,0.911764705882353,#FBE6D6,True,1.2,35.0
Smashbox,Primer + Foundation Customizable Set,Smashbox,1.2,0.729411764705882,#D5B49F,True,1.2,12.0
beautyblender,Bounce™ Liquid Whip Long Wear Foundation,Warm,1.30,0.858823529411765,#F5DBC1,True,1.3,35.0
TOM FORD,Traceless Soft Matte Foundation,Nude Ivory,1.3,0.784313725490196,#E2C8AE,True,1.3,3.0
TOM FORD,Traceless Foundation Stick,Nude Ivory,1.3,0.67843137254902,#D7A683,True,1.3,5.0
beautyblender,Bounce™ Liquid Whip Long Wear Foundation,Neutral,1.40,0.805882352941176,#ECCCAF,True,1.4,35.0
TOM FORD,Traceless Soft Matte Foundation,Bone,1.4,0.774509803921569,#E2CCA9,True,1.4,3.0
TOM FORD,Traceless Foundation Stick,Bone,1.4,0.670588235294118,#D2A884,True,1.4,5.0
NUDESTIX,Tinted Cover Foundation,Nude,1.5,0.888235294117647,#F2DBD3,True,1.5,22.0
bareMinerals,Complexion Rescue Hydrating Foundation Stick Broad Spectrum SPF 25,Birch,1.5,0.837254901960784,#FCD0AF,True,1.5,26.0
Urban Decay Cosmetics,All Nighter Liquid Full Coverage Foundation,,1.5,0.729411764705882,#DAB69A,True,1.5,15.0
HOURGLASS,Veil Fluid Makeup,Nude,No. 1.5,0.798039215686275,#EEC5A9,True,1.5,2.0
beautyblender,Bounce™ Liquid Whip Long Wear Foundation,Cool,1.50,0.796078431372549,#F0C3A6,True,1.5,35.0
bareMinerals,COMPLEXION RESCUE™ Tinted Moisturizer with Hyaluronic Acid and Mineral SPF 30,Birch,1.5,0.837254901960784,#F5D4B6,True,1.5,36.0
TOM FORD,Traceless Soft Matte Foundation,Cream,1.5,0.784313725490196,#E3C9AD,True,1.5,3.0
Armani Beauty,Neo Nude Foundation,,1.5,0.82156862745098,#F3CFB0,True,1.5,4.0
Charlotte Tilbury,Light Wonder Foundation,,1.5,0.817647058823529,#EAD0B7,True,1.5,43.0
bareMinerals,COMPLEXION RESCUE™ Hydrating Foundation Stick with Mineral SPF 25 ,Birch,1.5,0.790196078431373,#F4C99F,True,1.5,45.0
TOM FORD,Traceless Foundation Stick,Cream,1.5,0.747058823529412,#EBAE92,True,1.5,5.0
beautyblender,Bounce™ Liquid Whip Long Wear Foundation,Warm,1.60,0.784313725490196,#EEC5A2,True,1.6,35.0
Benefit Cosmetics,Hello Happy Air Stick Foundation SPF 20,,Shade 2,0.782352941176471,#F1CB9E,True,2.0,19.0
Benefit Cosmetics,Hello Happy Flawless Brightening Foundation SPF 15,Light Warm,Shade 2,0.835294117647059,#F7D3B3,True,2.0,20.0
Benefit Cosmetics,Hello Happy Velvet Powder Foundation,Light Neutral,Shade 2,0.819607843137255,#EDD2B5,True,2.0,21.0
KVD Vegan Beauty,True Portrait Medium Coverage Shake Foundation,Light,002,0.927450980392157,#FEE7DB,True,2.0,57.0
NUDESTIX,Tinted Cover Foundation,Nude,2,0.817647058823529,#E8C5B9,True,2.0,22.0
Smashbox,Studio Skin 24 Hour Full Coverage Waterproof Foundation,,2.0,0.66078431372549,#DEA973,True,2.0,9.0
Smashbox,Studio Skin 24 Hour Oil-Free Hydra Foundation,,2,0.815686274509804,#FCCCA4,True,2.0,10.0
Catrice,True Skin Hydrating Foundation,Neutral Ivory,002,0.762745098039216,#EEBF97,True,2.0,58.0
bareMinerals,Matte Foundation Broad Spectrum SPF 15,Fair Ivory,02,0.831372549019608,#FCCCAC,True,2.0,23.0
Makeup Revolution,Fast Base Stick Foundation,,F2,0.750980392156863,#E0C79F,True,2.0,24.0
bareMinerals,ORIGINAL Foundation Broad Spectrum SPF 15,Fair Ivory,02,0.831372549019608,#FCCCAC,True,2.0,25.0
bareMinerals,BAREPRO Performance Wear Powder Foundation,Ivory,2,0.837254901960784,#FDCFAE,True,2.0,14.0
Clinique,Almost Powder Makeup,Neutral Fair,02,0.950980392156863,#F4F3F1,,2.0,
Clinique,Beyond Perfecting Powder Foundation + Concealer,Alabaster,02,0.719607843137255,#E3B58C,,2.0,
bareMinerals,Complexion Rescue Hydrating Foundation Stick Broad Spectrum SPF 25,Vanilla,02,0.747058823529412,#EEB38F,True,2.0,26.0
Makeup Revolution,Conceal & Hydrate Foundation,,F2,0.807843137254902,#E9CAB3,True,2.0,27.0
Makeup Revolution,Conceal & Define Full Coverage Foundation,,F2,0.82156862745098,#F4D2AF,True,2.0,1.0
Makeup Revolution,Conceal & Glow Foundation,,F2,0.825490196078431,#F1CDB4,True,2.0,28.0
Pacifica,Alight Clean Foundation,Neutral Deep,02ND,0.331372549019608,#834626,False,2.0,29.0
jane iredale,Beyond Matte Liquid Foundation,,M2,0.754901960784314,#F1B990,True,2.0,30.0
Clinique,Beyond Perfecting Foundation + Concealer,Breeze,CN 02,0.917647058823529,#FEEAD6,,2.0,
Urban Decay Cosmetics,All Nighter Liquid Full Coverage Foundation,,2.0,0.756862745098039,#E5BD9D,True,2.0,15.0
bareMinerals,BAREPRO Performance Wear Liquid Foundation Broad Spectrum SPF 20,Ivory,2,0.837254901960784,#FDCFAE,True,2.0,16.0
Clinique,Even Better Glow Light Reflecting Makeup Broad Spectrum SPF 15,Breeze,CN 02,0.801960784313726,#F1C5A8,,2.0,
Physicians Formula,The Healthy Foundation SPF 20,,DpW2,0.290196078431373,#704324,True,2.0,31.0
bareMinerals,ORIGINAL Liquid Mineral Foundation Broad Spectrum SPF 20,Fair Ivory,02,0.807843137254902,#FDCB9F,True,2.0,32.0
LORAC,PRO Soft Focus Longwear Foundation,,02,0.707843137254902,#D6B093,True,2.0,33.0
HOURGLASS,Veil Fluid Makeup,Light Beige,No. 2,0.723529411764706,#E2B08F,True,2.0,2.0
Catrice,HD Liquid Coverage Foundation,Porcelain Beige,002,0.758823529411765,#E6C39D,True,2.0,59.0
ILIA,Super Serum Skin Tint SPF 40 Foundation,Tulum,2,0.86078431372549,#F3D8C4,True,2.0,34.0
bareMinerals,COMPLEXION RESCUE™ Tinted Moisturizer with Hyaluronic Acid and Mineral SPF 30,Vanilla,02,0.774509803921569,#DCBBAF,True,2.0,36.0
SEPHORA COLLECTION,Matte Perfection Powder Foundation,Porcelain Neutral,02,0.805882352941176,#E3C6B8,True,2.0,60.0
bareMinerals,BAREPRO Longwear Powder Foundation ,Ivory,02,0.872549019607843,#FDD9C0,True,2.0,17.0
PAT McGRATH LABS,Sublime Perfection Foundation,Light,2,0.884313725490196,#F6DCCD,True,2.0,37.0
bareMinerals,BarePRO™ 24 hour Longwear Liquid Foundation with Mineral SPF 20 ,Ivory,02,0.880392156862745,#FDDDC4,True,2.0,18.0
bareMinerals,Matte Loose Powder Mineral Foundation SPF 15 ,Fair Ivory,02,0.664705882352941,#D09B83,True,2.0,38.0
SEPHORA COLLECTION,Make No Mistake Foundation & Concealer Stick,Birch,2,0.794117647058823,#E4C3B1,True,2.0,39.0
Laura Mercier,Smooth Finish Foundation Powder,,2,0.841176470588235,#F9D0B4,True,2.0,40.0
Kosas,Tinted Face Oil Foundation,Tone,02,0.852941176470588,#F3D8C0,True,2.0,41.0
TOM FORD,Traceless Soft Matte Foundation,Buff,2.0,0.782352941176471,#E3C7AC,True,2.0,3.0
Armani Beauty,Neo Nude Foundation,,2,0.792156862745098,#ECC5A8,True,2.0,4.0
Armani Beauty,Power Fabric Longwear High Cover Foundation SPF 25,,2,0.696078431372549,#D1AE92,True,2.0,42.0
Charlotte Tilbury,Light Wonder Foundation,Fair,2,0.788235294117647,#E0C5B2,True,2.0,43.0
Lancôme,SKIN FEELS GOOD Skin Nourishing Foundation,,02C,0.676470588235294,#D0A289,True,2.0,44.0
bareMinerals,COMPLEXION RESCUE™ Hydrating Foundation Stick with Mineral SPF 25 ,Vanilla,02,0.782352941176471,#EFC3A0,True,2.0,45.0
TOM FORD,Traceless Foundation Stick,Buff,2.0,0.784313725490196,#F3C29D,True,2.0,5.0
Charlotte Tilbury,Magic Foundation,,2,0.782352941176471,#DEC2B1,True,2.0,6.0
SEPHORA COLLECTION,Matte Perfection Tinted Moisturizer,Silk Sephora Quality Way-Nice Price,2,0.870588235294118,#F5D6C7,True,2.0,46.0
Bobbi Brown,Skin Weightless Powder Foundation,Sand,2,0.768627450980392,#E7C3A1,True,2.0,7.0
Armani Beauty,Luminous Silk Compact Powder Foundation,,2,0.8,#E7C8B1,True,2.0,61.0
Armani Beauty,Designer Lift Smoothing Firming Full Coverage Foundation with SPF 20,,2,0.727450980392157,#E4B98F,True,2.0,62.0
KEVYN AUCOIN,Foundation Balm,Light EF,02,0.827450980392157,#F6D2B0,True,2.0,48.0
NUDESTIX,Nudies Tinted Blur Stick,Light,2,0.747058823529412,#E1B19C,True,2.0,49.0
Koh Gen Do,Aqua Foundation,,2,0.807843137254902,#EBC7B1,True,2.0,63.0
Smashbox,Primer + Foundation Customizable Set,Smashbox,2,0.733333333333333,#E7B48F,True,2.0,12.0
Givenchy,Matissime Velvet Radiant Mattifying Fluid Foundation SPF 20,,N02,0.811764705882353,#E8C1B6,True,2.0,8.0
Armani Beauty,Crema Nuda Supreme Glow Reviving Tinted Moisturizer,Light Glow,2,0.633333333333333,#C88C7B,True,2.0,51.0
KEVYN AUCOIN,The Etherealist Foundation,Light EF,02,0.719607843137255,#D2B49D,True,2.0,52.0
surratt beauty,Surreal Skin Foundation Wand,Surreal Skin,2,0.790196078431373,#F2C3A1,True,2.0,53.0
bareMinerals,I AM AN ORIGINAL GET STARTED® KIT Original Loose Mineral Foundation Customizable Set,bareMinerals,02,0.801960784313726,#ECCEAD,True,2.0,54.0
KEVYN AUCOIN,Stripped Nude Skin Tint,ST,02,0.82156862745098,#F2D3B1,True,2.0,55.0
Armani Beauty,Maestro Fusion Makeup SPF 15 Liquid Foundation,,2,0.7,#D8B28D,True,2.0,64.0
Smashbox,Studio Skin 24 Hour Full Coverage Waterproof Foundation,,2.1,0.670588235294118,#DDA779,True,2.1,9.0
Smashbox,Studio Skin 24 Hour Oil-Free Hydra Foundation,,2.1,0.801960784313726,#FCC69D,True,2.1,10.0
beautyblender,Bounce™ Liquid Whip Long Wear Foundation,Cool,2.10,0.774509803921569,#E3C2A8,True,2.1,35.0
Smashbox,Primer + Foundation Customizable Set,Smashbox,2.1,0.762745098039216,#DBC0AA,True,2.1,12.0
Smashbox,Studio Skin 24 Hour Full Coverage Waterproof Foundation,,2.12,0.668627450980392,#DCA879,True,2.12,9.0
Smashbox,Studio Skin 24 Hour Oil-Free Hydra Foundation,,2.12,0.790196078431373,#F8C79B,True,2.12,10.0
Smashbox,Primer + Foundation Customizable Set,Smashbox,2.12,0.668627450980392,#D9A27C,True,2.12,12.0
Smashbox,Studio Skin 24 Hour Full Coverage Waterproof Foundation,,2.15,0.647058823529412,#D59E75,True,2.15,9.0
Smashbox,Studio Skin 24 Hour Oil-Free Hydra Foundation,,2.15,0.796078431372549,#F3C0A3,True,2.15,10.0
Smashbox,Primer + Foundation Customizable Set,Smashbox,2.15,0.674509803921569,#C89E90,True,2.15,12.0
Smashbox,Studio Skin 24 Hour Full Coverage Waterproof Foundation,,2.16,0.631372549019608,#D39D6F,True,2.16,9.0
Smashbox,Studio Skin 24 Hour Oil-Free Hydra Foundation,,2.16,0.794117647058823,#FCC599,True,2.16,10.0
Smashbox,Primer + Foundation Customizable Set,Smashbox,2.16,0.686274509803922,#E0A27E,True,2.16,12.0
Smashbox,Studio Skin 24 Hour Full Coverage Waterproof Foundation,,2.18,0.62156862745098,#CB9C72,True,2.18,9.0
Smashbox,Studio Skin 24 Hour Oil-Free Hydra Foundation,,2.18,0.780392156862745,#F6C298,True,2.18,10.0
Smashbox,Primer + Foundation Customizable Set,Smashbox,2.18,0.666666666666667,#D79B7D,True,2.18,12.0
Smashbox,Studio Skin 24 Hour Full Coverage Waterproof Foundation,,2.2,0.629411764705882,#D29E6F,True,2.2,9.0
Smashbox,Studio Skin 24 Hour Oil-Free Hydra Foundation,,2.2,0.764705882352941,#F9C28D,True,2.2,10.0
beautyblender,Bounce™ Liquid Whip Long Wear Foundation,Neutral/Olive,2.20,0.766666666666667,#ECC49B,True,2.2,35.0
Smashbox,Primer + Foundation Customizable Set,Smashbox,2.2,0.72156862745098,#D4B59C,True,2.2,12.0
Smashbox,Studio Skin 24 Hour Full Coverage Waterproof Foundation,,2.22,0.633333333333333,#D39F70,True,2.22,9.0
Smashbox,Studio Skin 24 Hour Oil-Free Hydra Foundation,,2.22,0.750980392156863,#F4C28B,True,2.22,10.0
Smashbox,Primer + Foundation Customizable Set,Smashbox,2.22,0.664705882352941,#D7A07C,True,2.22,12.0
Smashbox,Studio Skin 24 Hour Full Coverage Waterproof Foundation,,2.25,0.605882352941176,#CC9669,True,2.25,9.0
Smashbox,Primer + Foundation Customizable Set,Smashbox,2.25,0.637254901960784,#C29483,True,2.25,12.0
Smashbox,Studio Skin 24 Hour Full Coverage Waterproof Foundation,,2.3,0.617647058823529,#D19C6A,True,2.3,9.0
Smashbox,Studio Skin 24 Hour Oil-Free Hydra Foundation,,2.3,0.709803921568627,#EEB17C,True,2.3,10.0
beautyblender,Bounce™ Liquid Whip Long Wear Foundation,Warm,2.30,0.766666666666667,#ECC49B,True,2.3,35.0
Smashbox,Primer + Foundation Customizable Set,Smashbox,2.3,0.698039215686274,#D0AD94,True,2.3,12.0
Smashbox,Studio Skin 24 Hour Full Coverage Waterproof Foundation,,2.35,0.613725490196078,#CF9D6A,True,2.35,9.0
Smashbox,Studio Skin 24 Hour Oil-Free Hydra Foundation,,2.35,0.690196078431373,#ECAC74,True,2.35,10.0
Smashbox,Primer + Foundation Customizable Set,Smashbox,2.35,0.656862745098039,#D69F79,True,2.35,12.0
Smashbox,Studio Skin 24 Hour Full Coverage Waterproof Foundation,,2.4,0.623529411764706,#D29D6C,True,2.4,9.0
Smashbox,Studio Skin 24 Hour Oil-Free Hydra Foundation,,2.4,0.690196078431373,#F0AB70,True,2.4,10.0
beautyblender,Bounce™ Liquid Whip Long Wear Foundation,Neutral/Olive,2.40,0.743137254901961,#E2C099,True,2.4,35.0
Smashbox,Primer + Foundation Customizable Set,Smashbox,2.4,0.688235294117647,#D0A98F,True,2.4,12.0
NUDESTIX,Tinted Cover Foundation,Nude,2.5,0.782352941176471,#E3BDAC,True,2.5,22.0
Makeup Revolution,Conceal & Define Full Coverage Foundation,,F2.5,0.762745098039216,#E9C39C,True,2.5,1.0
Urban Decay Cosmetics,All Nighter Liquid Full Coverage Foundation,,2.5,0.737254901960784,#DCB89C,True,2.5,15.0
beautyblender,Bounce™ Liquid Whip Long Wear Foundation,Neutral,2.50,0.713725490196078,#DCB290,True,2.5,35.0
TOM FORD,Traceless Soft Matte Foundation,Linen,2.5,0.776470588235294,#E2C9AA,True,2.5,3.0
Armani Beauty,Neo Nude Foundation,,2.5,0.794117647058823,#EFC6A6,True,2.5,4.0
TOM FORD,Traceless Foundation Stick,Linen,2.5,0.788235294117647,#EFC4A3,True,2.5,5.0
Bobbi Brown,Skin Weightless Powder Foundation,Warm Sand,2.5,0.809803921568627,#FBC9A2,True,2.5,7.0
TOM FORD,Traceless Soft Matte Foundation,Vellum,2.7,0.77843137254902,#E0C6AD,True,2.7,3.0
TOM FORD,Traceless Foundation Stick,Vellum,2.7,0.776470588235294,#EFC29D,True,2.7,5.0
Benefit Cosmetics,Hello Happy Air Stick Foundation SPF 20,,Shade 3,0.768627450980392,#E8C3A0,True,3.0,19.0
Benefit Cosmetics,Hello Happy Flawless Brightening Foundation SPF 15,Light Neutral Warm,Shade 3,0.77843137254902,#E9C7A4,True,3.0,20.0
Benefit Cosmetics,Hello Happy Velvet Powder Foundation,Light Neutral Warm,Shade 3,0.76078431372549,#DFC7A5,True,3.0,21.0
NUDESTIX,Tinted Cover Foundation,Nude,3,0.758823529411765,#DEB8A5,True,3.0,22.0
Smashbox,Studio Skin 24 Hour Full Coverage Waterproof Foundation,,3.0,0.635294117647059,#D5A06F,True,3.0,9.0
Smashbox,Studio Skin 24 Hour Oil-Free Hydra Foundation,,3.0,0.684313725490196,#EAA573,True,3.0,10.0
bareMinerals,Matte Foundation Broad Spectrum SPF 15,Fairly Light,03,0.788235294117647,#EDC6A5,True,3.0,23.0
Makeup Revolution,Fast Base Stick Foundation,,F3,0.731372549019608,#DBBE9A,True,3.0,24.0
bareMinerals,ORIGINAL Foundation Broad Spectrum SPF 15,Fairly Light,03,0.788235294117647,#EDC6A5,True,3.0,25.0
Clinique,Almost Powder Makeup,Light,03,0.947058823529412,#F3F3F0,,3.0,
bareMinerals,Complexion Rescue Hydrating Foundation Stick Broad Spectrum SPF 25,Buttercream,03,0.796078431372549,#FBC79B,True,3.0,26.0
Makeup Revolution,Conceal & Hydrate Foundation,,F3,0.82156862745098,#ECCBB7,True,3.0,27.0
Makeup Revolution,Conceal & Define Full Coverage Foundation,,F3,0.825490196078431,#F5CEB0,True,3.0,1.0
Pacifica,Alight Clean Foundation,Warm Deep,03WD,0.411764705882353,#A55F2D,False,3.0,29.0
jane iredale,Beyond Matte Liquid Foundation,,M3,0.701960784313725,#ECA77A,True,3.0,30.0
Urban Decay Cosmetics,All Nighter Liquid Full Coverage Foundation,,3.0,0.725490196078431,#DAB698,True,3.0,15.0
Physicians Formula,The Healthy Foundation SPF 20,,DpN3,0.290196078431373,#704324,True,3.0,31.0
Ofra Cosmetics,Absolute Cover Foundation,,3,0.603921568627451,#B5977F,True,3.0,13.0
bareMinerals,ORIGINAL Liquid Mineral Foundation Broad Spectrum SPF 20,Fairly Light,03,0.811764705882353,#FAD4A4,True,3.0,32.0
LORAC,PRO Soft Focus Longwear Foundation,,03,0.780392156862745,#E8C3A6,True,3.0,33.0
ColourPop,Pretty Fresh Foundation,Fair,03C,0.872549019607843,#EBDDD2,True,3.0,65.0
HOURGLASS,Veil Fluid Makeup,Sand,No. 3,0.592156862745098,#CC9762,True,3.0,2.0
ILIA,Super Serum Skin Tint SPF 40 Foundation,Balos,3,0.801960784313726,#E9C8B0,True,3.0,34.0
bareMinerals,COMPLEXION RESCUE™ Tinted Moisturizer with Hyaluronic Acid and Mineral SPF 30,Buttercream,03,0.792156862745098,#E2C4B2,True,3.0,36.0
SEPHORA COLLECTION,10 Hour Wear Perfection Foundation,Pearl,03,0.864705882352941,#EAD5CF,True,3.0,66.0
PAT McGRATH LABS,Sublime Perfection Foundation,Light,3,0.886274509803922,#F7E3CD,True,3.0,37.0
bareMinerals,Matte Loose Powder Mineral Foundation SPF 15 ,Fairly Light,03,0.670588235294118,#CDA989,True,3.0,38.0
SEPHORA COLLECTION,Make No Mistake Foundation & Concealer Stick,Beechwood,3,0.782352941176471,#E7C3A8,True,3.0,39.0
Laura Mercier,Smooth Finish Foundation Powder,,3,0.809803921568627,#FCC7A1,True,3.0,40.0
Kosas,Tinted Face Oil Foundation,Tone,03,0.768627450980392,#E3BFA5,True,3.0,41.0
Armani Beauty,Neo Nude Foundation,,3,0.774509803921569,#EBC6A0,True,3.0,4.0
Armani Beauty,Power Fabric Longwear High Cover Foundation SPF 25,,3,0.711764705882353,#D7AC94,True,3.0,42.0
Charlotte Tilbury,Light Wonder Foundation,Fair,3,0.774509803921569,#DFC0AC,True,3.0,43.0
Natasha Denona,Transformatte Pore Vanishing Matte Foundation,,3N,0.903921568627451,#F3E6DA,True,3.0,67.0
Lancôme,SKIN FEELS GOOD Skin Nourishing Foundation,,03C,0.664705882352941,#C49A8F,True,3.0,44.0
bareMinerals,COMPLEXION RESCUE™ Hydrating Foundation Stick with Mineral SPF 25 ,Buttercream,03,0.782352941176471,#F1C79E,True,3.0,45.0
Charlotte Tilbury,Magic Foundation,,3,0.705882352941177,#D2AF96,True,3.0,6.0
SEPHORA COLLECTION,Matte Perfection Tinted Moisturizer,Cashmere Sephora Quality Way-Nice Price,3,0.819607843137255,#EDC8B5,True,3.0,46.0
La Mer,The Luminous Lifting Cushion Foundation SPF 20 + Refill,Warm Porcelain,03,0.796078431372549,#E3C8B3,True,3.0,47.0
Bobbi Brown,Skin Weightless Powder Foundation,Beige,3,0.776470588235294,#F0C49C,True,3.0,7.0
KEVYN AUCOIN,Foundation Balm,Light EF,03,0.798039215686275,#F1CAA6,True,3.0,48.0
NUDESTIX,Nudies Tinted Blur Stick,Light,3,0.729411764705882,#E3AA91,True,3.0,49.0
Smashbox,Primer + Foundation Customizable Set,Smashbox,3,0.635294117647059,#C6957E,True,3.0,12.0
Givenchy,Matissime Velvet Radiant Mattifying Fluid Foundation SPF 20,,N03,0.794117647058823,#E5C0B0,True,3.0,8.0
SEPHORA COLLECTION,Clean Glowing Skin Foundation,,3,0.811764705882353,#EBC7B3,True,3.0,50.0
Armani Beauty,Crema Nuda Supreme Glow Reviving Tinted Moisturizer,Fair Glow,3,0.654901960784314,#D0907E,True,3.0,51.0
KEVYN AUCOIN,The Etherealist Foundation,Light EF,03,0.725490196078431,#D2B1A0,True,3.0,52.0
surratt beauty,Surreal Skin Foundation Wand,Surreal Skin,3,0.782352941176471,#EFC3A0,True,3.0,53.0
Natasha Denona,Foundation X+,,3N,0.917647058823529,#F9E9DB,True,3.0,68.0
Clinique,Age Defense BB Cream Broad Spectrum SPF 30,,03,0.711764705882353,#D4AD97,,3.0,
bareMinerals,I AM AN ORIGINAL GET STARTED® KIT Original Loose Mineral Foundation Customizable Set,bareMinerals,03,0.670588235294118,#CDA989,True,3.0,54.0
KEVYN AUCOIN,Stripped Nude Skin Tint,ST,03,0.809803921568627,#F0CAAD,True,3.0,55.0
Armani Beauty,Maestro Fusion Makeup SPF 15 Liquid Foundation,,3,0.764705882352941,#E8C39E,True,3.0,64.0
SEPHORA COLLECTION,Best Skin Ever Liquid Foundation,P,03,0.843137254901961,#EEDAC0,True,3.0,69.0
Smashbox,Studio Skin 24 Hour Full Coverage Waterproof Foundation,,3.02,0.592156862745098,#C89766,True,3.02,9.0
Smashbox,Studio Skin 24 Hour Oil-Free Hydra Foundation,,3.02,0.680392156862745,#EEAD6D,True,3.02,10.0
Smashbox,Primer + Foundation Customizable Set,Smashbox,3.02,0.656862745098039,#D59D7A,True,3.02,12.0
Smashbox,Studio Skin 24 Hour Full Coverage Waterproof Foundation,,3.1,0.603921568627451,#CC9668,True,3.1,9.0
Smashbox,Studio Skin 24 Hour Oil-Free Hydra Foundation,,3.1,0.654901960784314,#EC9C62,True,3.1,10.0
beautyblender,Bounce™ Liquid Whip Long Wear Foundation,Cool,3.10,0.772549019607843,#ECC09E,True,3.1,35.0
Smashbox,Primer + Foundation Customizable Set,Smashbox,3.1,0.696078431372549,#D3A890,True,3.1,12.0
Smashbox,Studio Skin 24 Hour Full Coverage Waterproof Foundation,,3.15,0.613725490196078,#CE996B,True,3.15,9.0
Smashbox,Studio Skin 24 Hour Oil-Free Hydra Foundation,,3.15,0.63921568627451,#E69D60,True,3.15,10.0
beautyblender,Bounce™ Liquid Whip Long Wear Foundation,Cool,3.15,0.801960784313726,#F0C2A9,True,3.15,35.0
Smashbox,Primer + Foundation Customizable Set,Smashbox,3.15,0.649019607843137,#D09A7B,True,3.15,12.0
Smashbox,Studio Skin 24 Hour Full Coverage Waterproof Foundation,,3.2,0.582352941176471,#C59264,True,3.2,9.0
Smashbox,Studio Skin 24 Hour Oil-Free Hydra Foundation,,3.2,0.613725490196078,#E19458,True,3.2,10.0
beautyblender,Bounce™ Liquid Whip Long Wear Foundation,Warm,3.20,0.7,#E8B77D,True,3.2,35.0
Smashbox,Primer + Foundation Customizable Set,Smashbox,3.2,0.682352941176471,#CEAA8E,True,3.2,12.0
Urban Decay Cosmetics,All Nighter Liquid Full Coverage Foundation,,3.25,0.709803921568627,#D8AE92,True,3.25,15.0
beautyblender,Bounce™ Liquid Whip Long Wear Foundation,Neutral,3.25,0.713725490196078,#E4B488,True,3.25,35.0
Armani Beauty,Power Fabric Longwear High Cover Foundation SPF 25,,3.25,0.754901960784314,#ECB795,True,3.25,42.0
beautyblender,Bounce™ Liquid Whip Long Wear Foundation,Warm/Olive,3.30,0.67843137254902,#E8B172,True,3.3,35.0
Smashbox,Studio Skin 24 Hour Full Coverage Waterproof Foundation,,3.35,0.556862745098039,#C08C5C,True,3.35,9.0
Smashbox,Studio Skin 24 Hour Oil-Free Hydra Foundation,,3.35,0.603921568627451,#E29052,True,3.35,10.0
beautyblender,Bounce™ Liquid Whip Long Wear Foundation,Warm,3.35,0.654901960784314,#D8A776,True,3.35,35.0
Smashbox,Primer + Foundation Customizable Set,Smashbox,3.35,0.609803921568628,#C48E73,True,3.35,12.0
beautyblender,Bounce™ Liquid Whip Long Wear Foundation,Warm,3.40,0.656862745098039,#D9A176,True,3.4,35.0
beautyblender,Bounce™ Liquid Whip Long Wear Foundation,Neutral,3.45,0.656862745098039,#D9A176,True,3.45,35.0
NUDESTIX,Tinted Cover Foundation,Nude,3.5,0.694117647058824,#D2A890,True,3.5,22.0
bareMinerals,Complexion Rescue Hydrating Foundation Stick Broad Spectrum SPF 25,Cashew,3.5,0.768627450980392,#E6B9A2,True,3.5,26.0
Makeup Revolution,Conceal & Define Full Coverage Foundation,,F3.5,0.745098039215686,#E6B896,True,3.5,1.0
Urban Decay Cosmetics,All Nighter Liquid Full Coverage Foundation,,3.5,0.758823529411765,#E8BE9B,True,3.5,15.0
HOURGLASS,Veil Fluid Makeup,Honey,No. 3.5,0.664705882352941,#D8A27B,True,3.5,2.0
beautyblender,Bounce™ Liquid Whip Long Wear Foundation,Warm,3.50,0.690196078431373,#E2B07E,True,3.5,35.0
bareMinerals,COMPLEXION RESCUE™ Tinted Moisturizer with Hyaluronic Acid and Mineral SPF 30,Cashew,3.5,0.684313725490196,#D3A78A,True,3.5,36.0
Kosas,Tinted Face Oil Foundation,Tone,3.5,0.709803921568627,#D8B292,True,3.5,41.0
TOM FORD,Traceless Soft Matte Foundation,Ivory Rose,3.5,0.782352941176471,#DCC3B3,True,3.5,3.0
Armani Beauty,Neo Nude Foundation,,3.5,0.686274509803922,#D9B185,True,3.5,4.0
Armani Beauty,Power Fabric Longwear High Cover Foundation SPF 25,,3.5,0.670588235294118,#D0A386,True,3.5,42.0
bareMinerals,COMPLEXION RESCUE™ Hydrating Foundation Stick with Mineral SPF 25 ,Cashew,3.5,0.707843137254902,#E2AD87,True,3.5,45.0
TOM FORD,Traceless Foundation Stick,Ivory Rose,3.5,0.837254901960784,#F6CDB5,True,3.5,5.0
Charlotte Tilbury,Magic Foundation,,3.5,0.72156862745098,#D6B19A,True,3.5,6.0
Bobbi Brown,Skin Weightless Powder Foundation,Warm Beige,3.5,0.713725490196078,#E4B688,True,3.5,7.0
Givenchy,Matissime Velvet Radiant Mattifying Fluid Foundation SPF 20,,N03.5,0.764705882352941,#EAC39C,True,3.5,8.0
beautyblender,Bounce™ Liquid Whip Long Wear Foundation,Neutral/Olive,3.55,0.649019607843137,#D3A778,True,3.55,35.0
beautyblender,Bounce™ Liquid Whip Long Wear Foundation,Warm,3.60,0.674509803921569,#E4AA74,True,3.6,35.0
beautyblender,Bounce™ Liquid Whip Long Wear Foundation,Neutral,3.65,0.63921568627451,#D29D74,True,3.65,35.0
beautyblender,Bounce™ Liquid Whip Long Wear Foundation,Warm/Olive,3.70,0.592156862745098,#CE9160,True,3.7,35.0
TOM FORD,Traceless Soft Matte Foundation,Champagne,3.7,0.703921568627451,#D2B395,True,3.7,3.0
TOM FORD,Traceless Foundation Stick,Champagne,3.7,0.670588235294118,#DAA37C,True,3.7,5.0
beautyblender,Bounce™ Liquid Whip Long Wear Foundation,Warm,3.75,0.619607843137255,#DA9762,True,3.75,35.0
Benefit Cosmetics,Hello Happy Air Stick Foundation SPF 20,,Shade 4,0.731372549019608,#EAB88B,True,4.0,19.0
Benefit Cosmetics,Hello Happy Flawless Brightening Foundation SPF 15,Medium Neutral,Shade 4,0.707843137254902,#D0B099,True,4.0,20.0
Benefit Cosmetics,Hello Happy Velvet Powder Foundation,Medium Neutral,Shade 4,0.688235294117647,#C7AE98,True,4.0,21.0
KVD Vegan Beauty,True Portrait Medium Coverage Shake Foundation,Light,004,0.792156862745098,#ECCAA8,True,4.0,57.0
NUDESTIX,Tinted Cover Foundation,Nude,4,0.701960784313725,#D7A98F,True,4.0,22.0
Smashbox,Studio Skin 24 Hour Full Coverage Waterproof Foundation,,4.0,0.554901960784314,#BF8C5C,True,4.0,9.0
Smashbox,Studio Skin 24 Hour Oil-Free Hydra Foundation,,4.0,0.586274509803922,#E48947,True,4.0,10.0
Catrice,True Skin Hydrating Foundation,Neutral Porcelain,004,0.696078431372549,#E1AB82,True,4.0,58.0
bareMinerals,Matte Foundation Broad Spectrum SPF 15,Golden Fair,04,0.801960784313726,#FACE9F,True,4.0,23.0
Makeup Revolution,Fast Base Stick Foundation,,F4,0.747058823529412,#DFBE9E,True,4.0,24.0
Makeup Revolution,Conceal & Define Satte Matte Powder Foundation,,P4,0.890196078431372,#F4E0D2,True,4.0,11.0
bareMinerals,ORIGINAL Foundation Broad Spectrum SPF 15,Golden Fair,04,0.801960784313726,#FACE9F,True,4.0,25.0
bareMinerals,BAREPRO Performance Wear Powder Foundation,Aspen,04,0.747058823529412,#ECB591,True,4.0,14.0
Clinique,Almost Powder Makeup,Neutral,04,0.950980392156863,#F4F3F1,,4.0,
Clinique,Beyond Perfecting Powder Foundation + Concealer,Cream Whip,04,0.754901960784314,#E8BD99,,4.0,
bareMinerals,Complexion Rescue Hydrating Foundation Stick Broad Spectrum SPF 25,Suede,04,0.701960784313725,#D9A58D,True,4.0,26.0
Makeup Revolution,Conceal & Hydrate Foundation,,F4,0.770588235294118,#DDBEAC,True,4.0,27.0
Makeup Revolution,Conceal & Define Full Coverage Foundation,,F4,0.835294117647059,#FDCDAD,True,4.0,1.0
Makeup Revolution,Conceal & Glow Foundation,,F4,0.809803921568627,#EEC2AF,True,4.0,28.0
Pacifica,Alight Clean Foundation,Cool Deep,04CD,0.374509803921569,#985127,False,4.0,29.0
jane iredale,Beyond Matte Liquid Foundation,,M4,0.711764705882353,#EAAC81,True,4.0,30.0
Clinique,Beyond Perfecting Foundation + Concealer,Bone,WN 04,0.823529411764706,#F1CFB3,,4.0,
Urban Decay Cosmetics,All Nighter Liquid Full Coverage Foundation,,4.0,0.694117647058824,#D3B28F,True,4.0,15.0
bareMinerals,BAREPRO Performance Wear Liquid Foundation Broad Spectrum SPF 20,Aspen,04,0.747058823529412,#ECB591,True,4.0,16.0
Clinique,Even Better Glow Light Reflecting Makeup Broad Spectrum SPF 15,Bone,WN 04,0.782352941176471,#F9C096,,4.0,
Physicians Formula,The Healthy Foundation SPF 20,,DpN4,0.258823529411765,#673A1D,True,4.0,31.0
Ofra Cosmetics,Absolute Cover Foundation,,4,0.643137254901961,#C5A783,True,4.0,13.0
bareMinerals,ORIGINAL Liquid Mineral Foundation Broad Spectrum SPF 20,Golden Fair,04,0.833333333333333,#FCDAAD,True,4.0,32.0
LORAC,PRO Soft Focus Longwear Foundation,,04,0.747058823529412,#F2C28B,True,4.0,33.0
HOURGLASS,Veil Fluid Makeup,Beige,No. 4,0.631372549019608,#CD9775,True,4.0,2.0
ILIA,Super Serum Skin Tint SPF 40 Foundation,Formosa,4,0.792156862745098,#EDC5A7,True,4.0,34.0
beautyblender,Bounce™ Liquid Whip Long Wear Foundation,Neutral/Olive,4.00,0.507843137254902,#AE7955,True,4.0,35.0
bareMinerals,COMPLEXION RESCUE™ Tinted Moisturizer with Hyaluronic Acid and Mineral SPF 30,Suede,04,0.735294117647059,#D6ADA1,True,4.0,36.0
SEPHORA COLLECTION,10 Hour Wear Perfection Foundation,Light Porcelain,04,0.841176470588235,#EACDC3,True,4.0,66.0
SEPHORA COLLECTION,Matte Perfection Powder Foundation,Porcelain Pink,04,0.741176470588235,#D7B5A3,True,4.0,60.0
bareMinerals,BAREPRO Longwear Powder Foundation ,Aspen,04,0.854901960784314,#FED9B6,True,4.0,17.0
PAT McGRATH LABS,Sublime Perfection Foundation,Light,4,0.898039215686275,#FCE0CE,True,4.0,37.0
bareMinerals,BarePRO™ 24 hour Longwear Liquid Foundation with Mineral SPF 20 ,Aspen,04,0.790196078431373,#EDCBA6,True,4.0,18.0
bareMinerals,Matte Loose Powder Mineral Foundation SPF 15 ,Golden Fair,04,0.694117647058824,#D2AF90,True,4.0,38.0
Laura Mercier,Smooth Finish Foundation Powder,,4,0.803921568627451,#FBC79F,True,4.0,40.0
Kosas,Tinted Face Oil Foundation,Tone,04,0.690196078431373,#D7AB89,True,4.0,41.0
TOM FORD,Traceless Soft Matte Foundation,Fawn,4.0,0.709803921568627,#D3B497,True,4.0,3.0
Armani Beauty,Neo Nude Foundation,,4,0.77843137254902,#E9C3A4,True,4.0,4.0
Armani Beauty,Power Fabric Longwear High Cover Foundation SPF 25,,4,0.656862745098039,#D29A7D,True,4.0,42.0
Charlotte Tilbury,Light Wonder Foundation,Fair,4,0.770588235294118,#E0C1A9,True,4.0,43.0
Natasha Denona,Transformatte Pore Vanishing Matte Foundation,,4Y,0.93921568627451,#F9EFE6,True,4.0,67.0
Lancôme,SKIN FEELS GOOD Skin Nourishing Foundation,,04N,0.647058823529412,#C69884,True,4.0,44.0
bareMinerals,COMPLEXION RESCUE™ Hydrating Foundation Stick with Mineral SPF 25 ,Suede,04,0.727450980392157,#E2B491,True,4.0,45.0
TOM FORD,Traceless Foundation Stick,Fawn,4.0,0.76078431372549,#EEB296,True,4.0,5.0
Charlotte Tilbury,Magic Foundation,,4,0.717647058823529,#D3B29B,True,4.0,6.0
SEPHORA COLLECTION,Matte Perfection Tinted Moisturizer,Cotton Sephora Quality Way-Nice Price,4,0.811764705882353,#EEC7B0,True,4.0,46.0
Bobbi Brown,Skin Weightless Powder Foundation,Natural,4,0.707843137254902,#E4B485,True,4.0,7.0
Armani Beauty,Luminous Silk Compact Powder Foundation,,4,0.77843137254902,#E4C4A9,True,4.0,61.0
Armani Beauty,Designer Lift Smoothing Firming Full Coverage Foundation with SPF 20,,4,0.686274509803922,#E3B07B,True,4.0,62.0
SEPHORA COLLECTION,Matte Perfection Full Coverage Foundation,Light Porcelain,04,0.880392156862745,#F3DACE,True,4.0,70.0
KEVYN AUCOIN,Foundation Balm,Light EF,4,0.786274509803922,#EFCCA2,True,4.0,48.0
NUDESTIX,Nudies Tinted Blur Stick,Medium,4,0.717647058823529,#E0A48E,True,4.0,49.0
Smashbox,Primer + Foundation Customizable Set,Smashbox,4,0.619607843137255,#CC9170,True,4.0,12.0
Givenchy,Matissime Velvet Radiant Mattifying Fluid Foundation SPF 20,,N04,0.707843137254902,#D0AE99,True,4.0,8.0
Armani Beauty,Crema Nuda Supreme Glow Reviving Tinted Moisturizer,Medium Glow,4,0.656862745098039,#D78C78,True,4.0,51.0
KEVYN AUCOIN,The Etherealist Foundation,Light EF,04,0.709803921568627,#D6B294,True,4.0,52.0
surratt beauty,Surreal Skin Foundation Wand,Surreal Skin,4,0.727450980392157,#E4B68F,True,4.0,53.0
Natasha Denona,Foundation X+,,4Y,0.905882352941176,#F4E9DA,True,4.0,68.0
bareMinerals,I AM AN ORIGINAL GET STARTED® KIT Original Loose Mineral Foundation Customizable Set,bareMinerals,04,0.711764705882353,#D6B295,True,4.0,54.0
KEVYN AUCOIN,Stripped Nude Skin Tint,ST,04,0.8,#ECC4AC,True,4.0,55.0
SEPHORA COLLECTION,Best Skin Ever Liquid Foundation,N,04,0.803921568627451,#F0D3AA,True,4.0,69.0
Smashbox,Studio Skin 24 Hour Full Coverage Waterproof Foundation,,4.05,0.474509803921569,#A3754F,True,4.05,9.0
beautyblender,Bounce™ Liquid Whip Long Wear Foundation,Warm,4.05,0.482352941176471,#B9773D,True,4.05,35.0
Smashbox,Primer + Foundation Customizable Set,Smashbox,4.05,0.588235294117647,#C57F67,True,4.05,12.0
beautyblender,Bounce™ Liquid Whip Long Wear Foundation,Cool/Olive,4.10,0.449019607843137,#A8723D,True,4.1,35.0
Smashbox,Studio Skin 24 Hour Full Coverage Waterproof Foundation,,4.15,0.480392156862745,#A7724E,True,4.15,9.0
beautyblender,Bounce™ Liquid Whip Long Wear Foundation,Warm,4.15,0.43921568627451,#A46B3C,True,4.15,35.0
Smashbox,Studio Skin 24 Hour Full Coverage Waterproof Foundation,,4.2,0.415686274509804,#8A634A,True,4.2,9.0
Smashbox,Studio Skin 24 Hour Oil-Free Hydra Foundation,,4.2,0.454901960784314,#AA603E,True,4.2,10.0
beautyblender,Bounce™ Liquid Whip Long Wear Foundation,Warm,4.20,0.37843137254902,#906131,True,4.2,35.0
Smashbox,Primer + Foundation Customizable Set,Smashbox,4.2,0.535294117647059,#AD7A64,True,4.2,12.0
Smashbox,Studio Skin 24 Hour Full Coverage Waterproof Foundation,,4.25,0.419607843137255,#956841,True,4.25,9.0
Smashbox,Studio Skin 24 Hour Oil-Free Hydra Foundation,,4.25,0.398039215686274,#9D532E,True,4.25,10.0
Ofra Cosmetics,Absolute Cover Foundation,,4.25,0.656862745098039,#C9AC86,True,4.25,13.0
Armani Beauty,Neo Nude Foundation,,4.25,0.703921568627451,#E3AF84,True,4.25,4.0
Armani Beauty,Power Fabric Longwear High Cover Foundation SPF 25,,4.25,0.750980392156863,#EBB194,True,4.25,42.0
Smashbox,Primer + Foundation Customizable Set,Smashbox,4.25,0.417647058823529,#935542,True,4.25,12.0
Smashbox,Studio Skin 24 Hour Full Coverage Waterproof Foundation,,4.3,0.407843137254902,#8A6446,True,4.3,9.0
Smashbox,Studio Skin 24 Hour Oil-Free Hydra Foundation,,4.3,0.352941176470588,#89452B,True,4.3,10.0
beautyblender,Bounce™ Liquid Whip Long Wear Foundation,Warm,4.30,0.423529411764706,#A06C38,True,4.3,35.0
Smashbox,Primer + Foundation Customizable Set,Smashbox,4.3,0.490196078431373,#A56755,True,4.3,12.0
Smashbox,Studio Skin 24 Hour Full Coverage Waterproof Foundation,,4.35,0.401960784313726,#865E47,True,4.35,9.0
Smashbox,Studio Skin 24 Hour Oil-Free Hydra Foundation,,4.35,0.33921568627451,#7F402E,True,4.35,10.0
beautyblender,Bounce™ Liquid Whip Long Wear Foundation,Warm,4.35,0.372549019607843,#905A2E,True,4.35,35.0
Smashbox,Primer + Foundation Customizable Set,Smashbox,4.35,0.42156862745098,#905447,True,4.35,12.0
Smashbox,Studio Skin 24 Hour Full Coverage Waterproof Foundation,,4.4,0.372549019607843,#7C5442,True,4.4,9.0
beautyblender,Bounce™ Liquid Whip Long Wear Foundation,Neutral,4.40,0.284313725490196,#73491E,True,4.4,35.0
Smashbox,Primer + Foundation Customizable Set,Smashbox,4.4,0.503921568627451,#9D6D64,True,4.4,12.0
beautyblender,Bounce™ Liquid Whip Long Wear Foundation,Neutral,4.45,0.235294117647059,#6B3E0D,True,4.45,35.0
Smashbox,Studio Skin 24 Hour Full Coverage Waterproof Foundation,,4.5,0.36078431372549,#745744,True,4.5,9.0
Smashbox,Studio Skin 24 Hour Oil-Free Hydra Foundation,,4.5,0.296078431372549,#693B2E,True,4.5,10.0
bareMinerals,Complexion Rescue Hydrating Foundation Stick Broad Spectrum SPF 25,Wheat,4.5,0.688235294117647,#DAA585,True,4.5,26.0
Makeup Revolution,Conceal & Define Full Coverage Foundation,,F4.5,0.680392156862745,#DCA67F,True,4.5,1.0
Urban Decay Cosmetics,All Nighter Liquid Full Coverage Foundation,,4.5,0.672549019607843,#D0A487,True,4.5,15.0
beautyblender,Bounce™ Liquid Whip Long Wear Foundation,Warm,4.50,0.276470588235294,#723C1B,True,4.5,35.0
bareMinerals,COMPLEXION RESCUE™ Tinted Moisturizer with Hyaluronic Acid and Mineral SPF 30,Wheat,4.5,0.676470588235294,#D3A886,True,4.5,36.0
TOM FORD,Traceless Soft Matte Foundation,Ivory,4.5,0.786274509803922,#E1CAB0,True,4.5,3.0
Armani Beauty,Neo Nude Foundation,,4.5,0.705882352941177,#DDAD8B,True,4.5,4.0
Armani Beauty,Power Fabric Longwear High Cover Foundation SPF 25,,4.5,0.674509803921569,#D5A783,True,4.5,42.0
Charlotte Tilbury,Light Wonder Foundation,,4.5,0.754901960784314,#E1BFA0,True,4.5,43.0
bareMinerals,COMPLEXION RESCUE™ Hydrating Foundation Stick with Mineral SPF 25 ,Wheat,4.5,0.705882352941177,#DDAF8B,True,4.5,45.0
TOM FORD,Traceless Foundation Stick,Ivory,4.5,0.705882352941177,#E49F84,True,4.5,5.0
Charlotte Tilbury,Magic Foundation,,4.5,0.725490196078431,#D6B19C,True,4.5,6.0
Bobbi Brown,Skin Weightless Powder Foundation,Warm Natural,4.5,0.674509803921569,#DEA77A,True,4.5,7.0
Armani Beauty,Luminous Silk Compact Powder Foundation,,4.5,0.735294117647059,#DAB59D,True,4.5,61.0
KEVYN AUCOIN,Foundation Balm,Light EF,4.5,0.762745098039216,#ECC299,True,4.5,48.0
Smashbox,Primer + Foundation Customizable Set,Smashbox,4.5,0.427450980392157,#8F554B,True,4.5,12.0
beautyblender,Bounce™ Liquid Whip Long Wear Foundation,Cool,4.55,0.276470588235294,#6F3A1E,True,4.55,35.0
Smashbox,Studio Skin 24 Hour Full Coverage Waterproof Foundation,,4.6,0.364705882352941,#765644,True,4.6,9.0
Smashbox,Studio Skin 24 Hour Oil-Free Hydra Foundation,,4.6,0.284313725490196,#65362C,True,4.6,10.0
beautyblender,Bounce™ Liquid Whip Long Wear Foundation,Neutral,4.60,0.203921568627451,#532E15,True,4.6,35.0
Smashbox,Primer + Foundation Customizable Set,Smashbox,4.6,0.413725490196078,#8F4E44,True,4.6,12.0
Smashbox,Studio Skin 24 Hour Full Coverage Waterproof Foundation,,4.7,0.325490196078431,#6A4C3C,True,4.7,9.0
Smashbox,Studio Skin 24 Hour Oil-Free Hydra Foundation,,4.7,0.270588235294118,#5E372C,True,4.7,10.0
beautyblender,Bounce™ Liquid Whip Long Wear Foundation,Cool,4.70,0.198039215686275,#542911,True,4.7,35.0
TOM FORD,Traceless Soft Matte Foundation,Cool Beige,4.7,0.713725490196078,#D1B49B,True,4.7,3.0
TOM FORD,Traceless Foundation Stick,Cool Beige,4.7,0.796078431372549,#F3C6A3,True,4.7,5.0
Smashbox,Primer + Foundation Customizable Set,Smashbox,4.7,0.419607843137255,#904D46,True,4.7,12.0
Ofra Cosmetics,Absolute Cover Foundation,,4.75,0.570588235294118,#B19172,True,4.75,13.0
beautyblender,Bounce™ Liquid Whip Long Wear Foundation,Neutral,4.75,0.154901960784314,#3A2115,True,4.75,35.0
Armani Beauty,Power Fabric Longwear High Cover Foundation SPF 25,,4.75,0.741176470588235,#E4AD96,True,4.75,42.0
Benefit Cosmetics,Hello Happy Air Stick Foundation SPF 20,,Shade 5,0.684313725490196,#DEAF7F,True,5.0,19.0
Benefit Cosmetics,Hello Happy Flawless Brightening Foundation SPF 15,Shade   Medium Neutral Warm,5,0.713725490196078,#DCB590,True,5.0,20.0
Benefit Cosmetics,Hello Happy Velvet Powder Foundation,Shade   Medium Neutral Warm,5,0.698039215686274,#DAB48A,True,5.0,21.0
NUDESTIX,Tinted Cover Foundation,Nude,5,0.668627450980392,#D69F7F,True,5.0,22.0
bareMinerals,Matte Foundation Broad Spectrum SPF 15,Fairly Medium,05,0.813725490196078,#EFC6B0,True,5.0,23.0
bareMinerals,ORIGINAL Foundation Broad Spectrum SPF 15,Fairly Medium,05,0.813725490196078,#EFC6B0,True,5.0,25.0
bareMinerals,BAREPRO Performance Wear Powder Foundation,Sateen,05,0.743137254901961,#E6B295,True,5.0,14.0
Clinique,Almost Powder Makeup,Medium,05,0.952941176470588,#F4F3F2,,5.0,
bareMinerals,Complexion Rescue Hydrating Foundation Stick Broad Spectrum SPF 25,Natural,05,0.76078431372549,#EDB497,True,5.0,26.0
Makeup Revolution,Conceal & Define Full Coverage Foundation,,F5,0.786274509803922,#DEC1B3,True,5.0,1.0
jane iredale,Beyond Matte Liquid Foundation,,M5,0.76078431372549,#F6C28E,True,5.0,30.0
Juice Beauty,PHYTO-PIGMENTS Flawless Serum Foundation,Buff,05,0.82156862745098,#ECCFB7,True,5.0,71.0
Urban Decay Cosmetics,All Nighter Liquid Full Coverage Foundation,,5.0,0.670588235294118,#D1A985,True,5.0,15.0
bareMinerals,BAREPRO Performance Wear Liquid Foundation Broad Spectrum SPF 20,Sateen,05,0.743137254901961,#E6B295,True,5.0,16.0
Ofra Cosmetics,Absolute Cover Foundation,,5,0.570588235294118,#AF9374,True,5.0,13.0
bareMinerals,ORIGINAL Liquid Mineral Foundation Broad Spectrum SPF 20,Fairly Medium,05,0.807843137254902,#FACAA2,True,5.0,32.0
LORAC,PRO Soft Focus Longwear Foundation,,05,0.715686274509804,#ECB481,True,5.0,33.0
ColourPop,Pretty Fresh Foundation,Fair,05W,0.890196078431372,#EEE2D8,True,5.0,65.0
HOURGLASS,Veil Fluid Makeup,Warm Beige,No. 5,0.547058823529412,#B8805F,True,5.0,2.0
Catrice,HD Liquid Coverage Foundation,Ivory Beige,005,0.711764705882353,#DFB88C,True,5.0,59.0
ILIA,Super Serum Skin Tint SPF 40 Foundation,Bom Bom,5,0.792156862745098,#EDC5A7,True,5.0,34.0
bareMinerals,COMPLEXION RESCUE™ Tinted Moisturizer with Hyaluronic Acid and Mineral SPF 30,Natural,05,0.717647058823529,#D4AB9A,True,5.0,36.0
SEPHORA COLLECTION,10 Hour Wear Perfection Foundation,Light Porcelain,05,0.73921568627451,#DEB39B,True,5.0,66.0
bareMinerals,BAREPRO Longwear Powder Foundation ,Sateen,05,0.825490196078431,#F6D1AF,True,5.0,17.0
PAT McGRATH LABS,Sublime Perfection Foundation,Light,5,0.870588235294118,#FADCC2,True,5.0,37.0
bareMinerals,BarePRO™ 24 hour Longwear Liquid Foundation with Mineral SPF 20 ,Sateen,05,0.792156862745098,#E8CBAC,True,5.0,18.0
bareMinerals,Matte Loose Powder Mineral Foundation SPF 15 ,Fairly Medium,05,0.73921568627451,#D7BAA2,True,5.0,38.0
SEPHORA COLLECTION,Make No Mistake Foundation & Concealer Stick,Cork,5,0.737254901960784,#E2B096,True,5.0,39.0
Laura Mercier,Smooth Finish Foundation Powder,,5,0.766666666666667,#F4C393,True,5.0,40.0
Kosas,Tinted Face Oil Foundation,Tone,05,0.688235294117647,#DAA685,True,5.0,41.0
SEPHORA COLLECTION,MicroSmooth Baked Powder Foundation,Porcelain Sephora Quality Way-Nice Price,05,0.852941176470588,#ECD6C7,True,5.0,72.0
Armani Beauty,Neo Nude Foundation,,5,0.776470588235294,#EBC3A1,True,5.0,4.0
Armani Beauty,Power Fabric Longwear High Cover Foundation SPF 25,,5,0.674509803921569,#D29F86,True,5.0,42.0
Charlotte Tilbury,Light Wonder Foundation,Medium,5,0.723529411764706,#D9B198,True,5.0,43.0
Natasha Denona,Transformatte Pore Vanishing Matte Foundation,,5N,0.941176470588235,#FAF2E6,True,5.0,67.0
Lancôme,SKIN FEELS GOOD Skin Nourishing Foundation,,05N,0.7,#D8A38D,True,5.0,44.0
Dior,Diorskin Forever Undercover Foundation,Light Ivory,005,0.856862745098039,#EED7C7,True,5.0,73.0
bareMinerals,COMPLEXION RESCUE™ Hydrating Foundation Stick with Mineral SPF 25 ,Natural,05,0.705882352941177,#DDAC8B,True,5.0,45.0
Charlotte Tilbury,Magic Foundation,,5,0.715686274509804,#D5B098,True,5.0,6.0
SEPHORA COLLECTION,Matte Perfection Tinted Moisturizer,Crepe Sephora Quality Way-Nice Price,5,0.788235294117647,#EAC7A8,True,5.0,46.0
Josie Maran,Vibrancy Argan Oil Foundation Fluid,Dynamic,RG5,0.829411764705882,#E7CAC0,True,5.0,74.0
Bobbi Brown,Skin Weightless Powder Foundation,Honey,5,0.7,#E7AC7E,True,5.0,7.0
Armani Beauty,Luminous Silk Compact Powder Foundation,,5,0.737254901960784,#D9B19F,True,5.0,61.0
Armani Beauty,Designer Lift Smoothing Firming Full Coverage Foundation with SPF 20,,5,0.658823529411765,#DAAB76,True,5.0,62.0
SEPHORA COLLECTION,Matte Perfection Full Coverage Foundation,Porcelain,05,0.796078431372549,#E6C0B0,True,5.0,70.0
KEVYN AUCOIN,Foundation Balm,Light EF,05,0.729411764705882,#E9B88B,True,5.0,48.0
NUDESTIX,Nudies Tinted Blur Stick,Medium,5,0.654901960784314,#D59979,True,5.0,49.0
Givenchy,Matissime Velvet Radiant Mattifying Fluid Foundation SPF 20,,N05,0.680392156862745,#CDAA8E,True,5.0,8.0
SEPHORA COLLECTION,Clean Glowing Skin Foundation,,5,0.776470588235294,#E5C1A7,True,5.0,50.0
Armani Beauty,Crema Nuda Supreme Glow Reviving Tinted Moisturizer,Warm Glow,5,0.601960784313725,#C47E6F,True,5.0,51.0
KEVYN AUCOIN,The Etherealist Foundation,Light EF,05,0.698039215686274,#D5AA8F,True,5.0,52.0
surratt beauty,Surreal Skin Foundation Wand,Surreal Skin,5,0.698039215686274,#DFB385,True,5.0,53.0
Natasha Denona,Foundation X+,NFair,5,0.868627450980392,#ECDBCF,True,5.0,68.0
bareMinerals,I AM AN ORIGINAL GET STARTED® KIT Original Loose Mineral Foundation Customizable Set,bareMinerals,05,0.73921568627451,#D7BAA2,True,5.0,54.0
KEVYN AUCOIN,Stripped Nude Skin Tint,ST,05,0.770588235294118,#EDC19C,True,5.0,55.0
Lancôme,Bienfait Teinté Beauty Balm Sunscreen Broad Spectrum SPF 30,Sand,5,0.645098039215686,#D29F77,,5.0,
TOM FORD,Traceless Soft Matte Foundation,Cool Almond,5.1,0.711764705882353,#D1B29A,True,5.1,3.0
TOM FORD,Traceless Foundation Stick,Cool Almond,5.1,0.670588235294118,#D29C84,True,5.1,5.0
Armani Beauty,Neo Nude Foundation,,5.25,0.774509803921569,#E3C2A8,True,5.25,4.0
Armani Beauty,Power Fabric Longwear High Cover Foundation SPF 25,,5.25,0.713725490196078,#DAA292,True,5.25,42.0
bareMinerals,Complexion Rescue Hydrating Foundation Stick Broad Spectrum SPF 25,Bamboo,5.5,0.758823529411765,#EEBE95,True,5.5,26.0
Makeup Revolution,Conceal & Define Full Coverage Foundation,,F5.5,0.727450980392157,#E8B68B,True,5.5,1.0
Urban Decay Cosmetics,All Nighter Liquid Full Coverage Foundation,,5.5,0.666666666666667,#D6A07E,True,5.5,15.0
bareMinerals,COMPLEXION RESCUE™ Tinted Moisturizer with Hyaluronic Acid and Mineral SPF 30,Bamboo,5.5,0.798039215686275,#EBCBAC,True,5.5,36.0
Kosas,Tinted Face Oil Foundation,Tone,5.5,0.662745098039216,#D2AE80,True,5.5,41.0
TOM FORD,Traceless Soft Matte Foundation,Bisque,5.5,0.754901960784314,#D9C1A8,True,5.5,3.0
Armani Beauty,Neo Nude Foundation,,5.5,0.727450980392157,#EFB084,True,5.5,4.0
Armani Beauty,Power Fabric Longwear High Cover Foundation SPF 25,,5.5,0.641176470588235,#C69781,True,5.5,42.0
bareMinerals,COMPLEXION RESCUE™ Hydrating Foundation Stick with Mineral SPF 25 ,Bamboo,5.5,0.715686274509804,#E0B78D,True,5.5,45.0
TOM FORD,Traceless Foundation Stick,Bisque,5.5,0.63921568627451,#D39773,True,5.5,5.0
Armani Beauty,Luminous Silk Compact Powder Foundation,,5.5,0.705882352941177,#D3AA95,True,5.5,61.0
Armani Beauty,Designer Lift Smoothing Firming Full Coverage Foundation with SPF 20,,5.5,0.652941176470588,#DCA771,True,5.5,62.0
KEVYN AUCOIN,Foundation Balm,Medium EF,5.5,0.725490196078431,#E7B58B,True,5.5,48.0
TOM FORD,Traceless Soft Matte Foundation,Ivory Beige,5.6,0.688235294117647,#D2B08D,True,5.6,3.0
TOM FORD,Traceless Foundation Stick,Ivory Beige,5.6,0.692156862745098,#D9B188,True,5.6,5.0
Makeup Revolution,Conceal & Define Satte Matte Powder Foundation,,P5.7,0.9,#F7E7D4,True,5.7,11.0
TOM FORD,Traceless Soft Matte Foundation,Dune,5.7,0.709803921568627,#D1B399,True,5.7,3.0
TOM FORD,Traceless Foundation Stick,Dune,5.7,0.774509803921569,#F3C398,True,5.7,5.0
Armani Beauty,Power Fabric Longwear High Cover Foundation SPF 25,,5.75,0.701960784313725,#E4A382,True,5.75,42.0
Benefit Cosmetics,Hello Happy Air Stick Foundation SPF 20,,Shade 6,0.664705882352941,#DDAF76,True,6.0,19.0
Benefit Cosmetics,Hello Happy Flawless Brightening Foundation SPF 15,Medium Warm,Shade 6,0.647058823529412,#D5A575,True,6.0,20.0
Benefit Cosmetics,Hello Happy Velvet Powder Foundation,Medium Warm,Shade 6,0.627450980392157,#D0A270,True,6.0,21.0
KVD Vegan Beauty,True Portrait Medium Coverage Shake Foundation,Light,006,0.784313725490196,#EEC6A2,True,6.0,57.0
NUDESTIX,Tinted Cover Foundation,Nude,6,0.611764705882353,#CC8D6C,True,6.0,22.0
bareMinerals,Matte Foundation Broad Spectrum SPF 15,Neutral Ivory,06,0.76078431372549,#F2B792,True,6.0,23.0
Makeup Revolution,Fast Base Stick Foundation,,F6,0.664705882352941,#D3AE80,True,6.0,24.0
Makeup Revolution,Conceal & Define Satte Matte Powder Foundation,,P6,0.894117647058824,#F5E3D3,True,6.0,11.0
bareMinerals,ORIGINAL Foundation Broad Spectrum SPF 15,Neutral Ivory,06,0.76078431372549,#F2B792,True,6.0,25.0
bareMinerals,BAREPRO Performance Wear Powder Foundation,Cashmere,06,0.792156862745098,#F7C39D,True,6.0,14.0
Clinique,Almost Powder Makeup,Deep,06,0.952941176470588,#F4F3F2,,6.0,
Clinique,Beyond Perfecting Powder Foundation + Concealer,Ivory,06,0.76078431372549,#E5BD9F,,6.0,
bareMinerals,Complexion Rescue Hydrating Foundation Stick Broad Spectrum SPF 25,Ginger,06,0.692156862745098,#DAAC87,True,6.0,26.0
Makeup Revolution,Conceal & Define Full Coverage Foundation,,F6,0.829411764705882,#F7D7B0,True,6.0,1.0
Makeup Revolution,Conceal & Glow Foundation,,F6,0.701960784313725,#D8AB8E,True,6.0,28.0
Pacifica,Alight Clean Foundation,Warm Deep,06WD,0.380392156862745,#925A30,False,6.0,29.0
jane iredale,Beyond Matte Liquid Foundation,,M6,0.756862745098039,#F1BF91,True,6.0,30.0
Urban Decay Cosmetics,All Nighter Liquid Full Coverage Foundation,,6.0,0.650980392156863,#CFA57D,True,6.0,15.0
bareMinerals,BAREPRO Performance Wear Liquid Foundation Broad Spectrum SPF 20,Cashmere,06,0.792156862745098,#F7C39D,True,6.0,16.0
Ofra Cosmetics,Absolute Cover Foundation,,6,0.62156862745098,#C6A377,True,6.0,13.0
bareMinerals,ORIGINAL Liquid Mineral Foundation Broad Spectrum SPF 20,Neutral Ivory,06,0.758823529411765,#F3C090,True,6.0,32.0
LORAC,PRO Soft Focus Longwear Foundation,,06,0.766666666666667,#F2C395,True,6.0,33.0
HOURGLASS,Veil Fluid Makeup,Sable,No. 6,0.496078431372549,#B06F4D,True,6.0,2.0
ILIA,Super Serum Skin Tint SPF 40 Foundation,Ora,6,0.809803921568627,#FAC7A3,True,6.0,34.0
bareMinerals,COMPLEXION RESCUE™ Tinted Moisturizer with Hyaluronic Acid and Mineral SPF 30,Ginger,06,0.696078431372549,#D0A993,True,6.0,36.0
SEPHORA COLLECTION,Matte Perfection Powder Foundation,Warm Porcelain,06,0.723529411764706,#CEB4A3,True,6.0,60.0
bareMinerals,BAREPRO Longwear Powder Foundation ,Cashmere,06,0.82156862745098,#FBD2A8,True,6.0,17.0
PAT McGRATH LABS,Sublime Perfection Foundation,Light,6,0.87843137254902,#FBD9C5,True,6.0,37.0
bareMinerals,BarePRO™ 24 hour Longwear Liquid Foundation with Mineral SPF 20 ,Cashmere,06,0.774509803921569,#E3C5A8,True,6.0,18.0
bareMinerals,Matte Loose Powder Mineral Foundation SPF 15 ,Neutral Ivory,06,0.670588235294118,#D59C81,True,6.0,38.0
SEPHORA COLLECTION,Make No Mistake Foundation & Concealer Stick,Hickory,6,0.752941176470588,#E0BBA0,True,6.0,39.0
Laura Mercier,Smooth Finish Foundation Powder,,6,0.717647058823529,#E9B485,True,6.0,40.0
Kosas,Tinted Face Oil Foundation,Tone,06,0.670588235294118,#CBA98B,True,6.0,41.0
TOM FORD,Traceless Soft Matte Foundation,Natural,6.0,0.698039215686274,#D1B393,True,6.0,3.0
Armani Beauty,Neo Nude Foundation,,6,0.7,#D6B38F,True,6.0,4.0
Armani Beauty,Power Fabric Longwear High Cover Foundation SPF 25,,6,0.690196078431373,#CFA591,True,6.0,42.0
Charlotte Tilbury,Light Wonder Foundation,Medium,6,0.698039215686274,#CFAF95,True,6.0,43.0
bareMinerals,COMPLEXION RESCUE™ Hydrating Foundation Stick with Mineral SPF 25 ,Ginger,06,0.703921568627451,#DBB38C,True,6.0,45.0
TOM FORD,Traceless Foundation Stick,Natural,6.0,0.762745098039216,#EDB398,True,6.0,5.0
Charlotte Tilbury,Magic Foundation,,6,0.709803921568627,#D1B099,True,6.0,6.0
SEPHORA COLLECTION,Matte Perfection Tinted Moisturizer,Satin Sephora Quality Way-Nice Price,6,0.729411764705882,#DBAF99,True,6.0,46.0
Bobbi Brown,Skin Weightless Powder Foundation,Golden,6,0.656862745098039,#DEA671,True,6.0,7.0
KEVYN AUCOIN,Foundation Balm,Medium EF,06,0.703921568627451,#DDB18A,True,6.0,48.0
NUDESTIX,Nudies Tinted Blur Stick,Medium,6,0.633333333333333,#C6947D,True,6.0,49.0
Givenchy,Matissime Velvet Radiant Mattifying Fluid Foundation SPF 20,,N06,0.658823529411765,#CAA386,True,6.0,8.0
KEVYN AUCOIN,The Etherealist Foundation,Medium EF,06,0.701960784313725,#CDA999,True,6.0,52.0
bareMinerals,I AM AN ORIGINAL GET STARTED® KIT Original Loose Mineral Foundation Customizable Set,bareMinerals,06,0.807843137254902,#F9CEA3,True,6.0,54.0
KEVYN AUCOIN,Stripped Nude Skin Tint,ST,06,0.73921568627451,#ECB28D,True,6.0,55.0
Armani Beauty,Power Fabric Longwear High Cover Foundation SPF 25,,6.25,0.666666666666667,#D79B7D,True,6.25,42.0
bareMinerals,Complexion Rescue Hydrating Foundation Stick Broad Spectrum SPF 25,Desert,6.5,0.645098039215686,#D79C72,True,6.5,26.0
Makeup Revolution,Conceal & Define Full Coverage Foundation,,F6.5,0.931372549019608,#F9ECE2,True,6.5,1.0
Urban Decay Cosmetics,All Nighter Liquid Full Coverage Foundation,,6.5,0.627450980392157,#C79979,True,6.5,15.0
bareMinerals,COMPLEXION RESCUE™ Tinted Moisturizer with Hyaluronic Acid and Mineral SPF 30,Desert,6.5,0.688235294117647,#D9A986,True,6.5,36.0
TOM FORD,Traceless Soft Matte Foundation,Sable,6.5,0.676470588235294,#D0AB89,True,6.5,3.0
Armani Beauty,Neo Nude Foundation,,6.5,0.63921568627451,#D29D74,True,6.5,4.0
Armani Beauty,Power Fabric Longwear High Cover Foundation SPF 25,,6.5,0.662745098039216,#CFA083,True,6.5,42.0
bareMinerals,COMPLEXION RESCUE™ Hydrating Foundation Stick with Mineral SPF 25 ,Desert,6.5,0.676470588235294,#D1A788,True,6.5,45.0
TOM FORD,Traceless Foundation Stick,Sable,6.5,0.752941176470588,#F1AF8F,True,6.5,5.0
Charlotte Tilbury,Magic Foundation,,6.5,0.727450980392157,#D7AF9C,True,6.5,6.0
Armani Beauty,Luminous Silk Compact Powder Foundation,,6.5,0.705882352941177,#D8AA90,True,6.5,61.0
Charlotte Tilbury,Magic Foundation,,6.75,0.707843137254902,#D4AC95,True,6.75,6.0
Benefit Cosmetics,Hello Happy Air Stick Foundation SPF 20,,Shade 7,0.641176470588235,#D9A76E,True,7.0,19.0
Benefit Cosmetics,Hello Happy Flawless Brightening Foundation SPF 15,Medium-Tan Neutral,Shade 7,0.515686274509804,#C88C3F,True,7.0,20.0
Benefit Cosmetics,Hello Happy Velvet Powder Foundation,Medium-Tan Neutral,Shade 7,0.586274509803922,#C39E68,True,7.0,21.0
NUDESTIX,Tinted Cover Foundation,Nude,7,0.564705882352941,#C08560,True,7.0,22.0
bareMinerals,Matte Foundation Broad Spectrum SPF 15,Golden Ivory,07,0.772549019607843,#F6C494,True,7.0,23.0
Makeup Revolution,Fast Base Stick Foundation,,F7,0.686274509803922,#D7B187,True,7.0,24.0
bareMinerals,ORIGINAL Foundation Broad Spectrum SPF 15,Golden Ivory,07,0.772549019607843,#F6C494,True,7.0,25.0
bareMinerals,BAREPRO Performance Wear Powder Foundation,Warm Light,07,0.788235294117647,#F5C59D,True,7.0,14.0
Clinique,Beyond Perfecting Powder Foundation + Concealer,Cream Chamois,07,0.72156862745098,#DEB192,,7.0,
bareMinerals,Complexion Rescue Hydrating Foundation Stick Broad Spectrum SPF 25,Tan,07,0.643137254901961,#D79371,True,7.0,26.0
Makeup Revolution,Conceal & Hydrate Foundation,,F7,0.764705882352941,#E8BE9E,True,7.0,27.0
Makeup Revolution,Conceal & Define Full Coverage Foundation,,F7,0.854901960784314,#FED2B6,True,7.0,1.0
Makeup Revolution,Conceal & Glow Foundation,,F7,0.694117647058824,#DEA884,True,7.0,28.0
Pacifica,Alight Clean Foundation,Warm Deep,07WD,0.398039215686274,#9D5F2E,False,7.0,29.0
jane iredale,Beyond Matte Liquid Foundation,,M7,0.674509803921569,#E3A775,True,7.0,30.0
Urban Decay Cosmetics,All Nighter Liquid Full Coverage Foundation,,7.0,0.658823529411765,#CEA182,True,7.0,15.0
bareMinerals,BAREPRO Performance Wear Liquid Foundation Broad Spectrum SPF 20,Warm Light,07,0.788235294117647,#F5C59D,True,7.0,16.0
Ofra Cosmetics,Absolute Cover Foundation,,7,0.529411764705882,#A58B69,True,7.0,13.0
bareMinerals,ORIGINAL Liquid Mineral Foundation Broad Spectrum SPF 20,Golden Ivory,07,0.762745098039216,#F5C290,True,7.0,32.0
LORAC,PRO Soft Focus Longwear Foundation,,07,0.643137254901961,#D2A176,True,7.0,33.0
HOURGLASS,Veil Fluid Makeup,Chestnut,No. 7,0.409803921568627,#92663F,True,7.0,2.0
ILIA,Super Serum Skin Tint SPF 40 Foundation,Diaz,7,0.715686274509804,#DCAE91,True,7.0,34.0
bareMinerals,COMPLEXION RESCUE™ Tinted Moisturizer with Hyaluronic Acid and Mineral SPF 30,Tan,07,0.684313725490196,#CAA293,True,7.0,36.0
bareMinerals,BAREPRO Longwear Powder Foundation ,Warm Light,07,0.788235294117647,#F6CC9C,True,7.0,17.0
PAT McGRATH LABS,Sublime Perfection Foundation,Light,7,0.858823529411765,#F5D9C1,True,7.0,37.0
bareMinerals,BarePRO™ 24 hour Longwear Liquid Foundation with Mineral SPF 20 ,Warm Light,07,0.770588235294118,#E1C8A8,True,7.0,18.0
bareMinerals,Matte Loose Powder Mineral Foundation SPF 15 ,Golden Ivory,07,0.635294117647059,#D19973,True,7.0,38.0
SEPHORA COLLECTION,Make No Mistake Foundation & Concealer Stick,Maple,7,0.715686274509804,#DFAF8E,True,7.0,39.0
Laura Mercier,Smooth Finish Foundation Powder,,7,0.752941176470588,#FAC186,True,7.0,40.0
Kosas,Tinted Face Oil Foundation,Tone,07,0.615686274509804,#BF997B,True,7.0,41.0
TOM FORD,Traceless Soft Matte Foundation,Tawny,7.0,0.664705882352941,#CEA985,True,7.0,3.0
Armani Beauty,Neo Nude Foundation,,7,0.664705882352941,#DDA776,True,7.0,4.0
Armani Beauty,Power Fabric Longwear High Cover Foundation SPF 25,,7,0.641176470588235,#CC957B,True,7.0,42.0
Charlotte Tilbury,Light Wonder Foundation,Medium,7,0.686274509803922,#D5AB89,True,7.0,43.0
bareMinerals,COMPLEXION RESCUE™ Hydrating Foundation Stick with Mineral SPF 25 ,Tan,07,0.7,#DDA988,True,7.0,45.0
TOM FORD,Traceless Foundation Stick,Tawny,7.0,0.676470588235294,#DE987B,True,7.0,5.0
Charlotte Tilbury,Magic Foundation,,7,0.707843137254902,#D4AE95,True,7.0,6.0
SEPHORA COLLECTION,Matte Perfection Tinted Moisturizer,Linen Sephora Quality Way-Nice Price,7,0.713725490196078,#D5AE97,True,7.0,46.0
Armani Beauty,Luminous Silk Compact Powder Foundation,,7,0.696078431372549,#D3A990,True,7.0,61.0
Armani Beauty,Designer Lift Smoothing Firming Full Coverage Foundation with SPF 20,,7,0.635294117647059,#D0A274,True,7.0,62.0
KEVYN AUCOIN,Foundation Balm,Medium EF,07,0.692156862745098,#DDAD84,True,7.0,48.0
NUDESTIX,Nudies Tinted Blur Stick,Medium,7,0.605882352941176,#C6866F,True,7.0,49.0
Givenchy,Matissime Velvet Radiant Mattifying Fluid Foundation SPF 20,,N07,0.631372549019608,#CC9F76,True,7.0,8.0
SEPHORA COLLECTION,Clean Glowing Skin Foundation,,7,0.762745098039216,#E5C3A0,True,7.0,50.0
KEVYN AUCOIN,The Etherealist Foundation,Medium EF,07,0.676470588235294,#C9A490,True,7.0,52.0
surratt beauty,Surreal Skin Foundation Wand,Surreal Skin,7,0.494117647058824,#AB7351,True,7.0,53.0
bareMinerals,I AM AN ORIGINAL GET STARTED® KIT Original Loose Mineral Foundation Customizable Set,bareMinerals,07,0.798039215686275,#F6CEA1,True,7.0,54.0
KEVYN AUCOIN,Stripped Nude Skin Tint,ST,07,0.741176470588235,#EBAC8F,True,7.0,55.0
Ofra Cosmetics,Absolute Cover Foundation,,7.15,0.609803921568628,#C5A472,True,7.15,13.0
Ofra Cosmetics,Absolute Cover Foundation,,7.2,0.488235294117647,#AF804A,True,7.2,13.0
TOM FORD,Traceless Soft Matte Foundation,Sepia,7.2,0.664705882352941,#CDAB86,True,7.2,3.0
TOM FORD,Traceless Foundation Stick,Sepia,7.2,0.674509803921569,#D3A685,True,7.2,5.0
Ofra Cosmetics,Absolute Cover Foundation,,7.25,0.456862745098039,#9C774D,True,7.25,13.0
Armani Beauty,Power Fabric Longwear High Cover Foundation SPF 25,,7.25,0.643137254901961,#D49A74,True,7.25,42.0
NUDESTIX,Tinted Cover Foundation,Nude,7.5,0.474509803921569,#AC7446,True,7.5,22.0
bareMinerals,BAREPRO Performance Wear Powder Foundation,Shell,7.5,0.745098039215686,#E6A996,True,7.5,14.0
bareMinerals,Complexion Rescue Hydrating Foundation Stick Broad Spectrum SPF 25,Dune,7.5,0.605882352941176,#CD9568,True,7.5,26.0
Makeup Revolution,Conceal & Define Full Coverage Foundation,,F7.5,0.680392156862745,#DCA67F,True,7.5,1.0
Urban Decay Cosmetics,All Nighter Liquid Full Coverage Foundation,,7.5,0.603921568627451,#C39171,True,7.5,15.0
bareMinerals,BAREPRO Performance Wear Liquid Foundation Broad Spectrum SPF 20,Shell,7.5,0.745098039215686,#E6A996,True,7.5,16.0
Ofra Cosmetics,Absolute Cover Foundation,,7.5,0.456862745098039,#A07349,True,7.5,13.0
bareMinerals,COMPLEXION RESCUE™ Tinted Moisturizer with Hyaluronic Acid and Mineral SPF 30,Dune,7.5,0.701960784313725,#DEAE88,True,7.5,36.0
bareMinerals,BAREPRO Longwear Powder Foundation ,Shell,7.5,0.782352941176471,#E9B6A6,True,7.5,17.0
bareMinerals,BarePRO™ 24 hour Longwear Liquid Foundation with Mineral SPF 20 ,Shell,7.5,0.811764705882353,#EEC1B0,True,7.5,18.0
Kosas,Tinted Face Oil Foundation,Tone,7.5,0.468627450980392,#B1763E,True,7.5,41.0
TOM FORD,Traceless Soft Matte Foundation,Shell Beige,7.5,0.654901960784314,#C7A987,True,7.5,3.0
Armani Beauty,Power Fabric Longwear High Cover Foundation SPF 25,,7.5,0.623529411764706,#C79A77,True,7.5,42.0
bareMinerals,COMPLEXION RESCUE™ Hydrating Foundation Stick with Mineral SPF 25 ,Dune,7.5,0.676470588235294,#D7AD82,True,7.5,45.0
TOM FORD,Traceless Foundation Stick,Shell Beige,7.5,0.654901960784314,#CCA282,True,7.5,5.0
KEVYN AUCOIN,Foundation Balm,Medium EF,7.5,0.696078431372549,#DFAB84,True,7.5,48.0
TOM FORD,Traceless Soft Matte Foundation,Honey,7.7,0.643137254901961,#C99F7F,True,7.7,3.0
TOM FORD,Traceless Foundation Stick,Honey,7.7,0.709803921568627,#E9AB81,True,7.7,5.0
Urban Decay Cosmetics,All Nighter Liquid Full Coverage Foundation,,7.75,0.629411764705882,#D09B71,True,7.75,15.0
Armani Beauty,Power Fabric Longwear High Cover Foundation SPF 25,,7.75,0.662745098039216,#DA9878,True,7.75,42.0
Benefit Cosmetics,Hello Happy Air Stick Foundation SPF 20,,Shade 8,0.609803921568628,#CA986D,True,8.0,19.0
Benefit Cosmetics,Hello Happy Flawless Brightening Foundation SPF 15,Tan Warm,Shade 8,0.447058823529412,#AB6939,True,8.0,20.0
Benefit Cosmetics,Hello Happy Velvet Powder Foundation,Tan Warm,Shade 8,0.558823529411765,#B48E69,True,8.0,21.0
KVD Vegan Beauty,True Portrait Medium Coverage Shake Foundation,Light,008,0.766666666666667,#EAC39D,True,8.0,57.0
NUDESTIX,Tinted Cover Foundation,Nude,8,0.401960784313726,#976136,True,8.0,22.0
bareMinerals,Matte Foundation Broad Spectrum SPF 15,Light,08,0.733333333333333,#F1B885,True,8.0,23.0
bareMinerals,ORIGINAL Foundation Broad Spectrum SPF 15,Light,08,0.731372549019608,#F1B884,True,8.0,25.0
bareMinerals,BAREPRO Performance Wear Powder Foundation,Golden Ivory,08,0.776470588235294,#F4C398,True,8.0,14.0
Clinique,Beyond Perfecting Powder Foundation + Concealer,Golden Neutral,08,0.703921568627451,#E2B185,,8.0,
bareMinerals,Complexion Rescue Hydrating Foundation Stick Broad Spectrum SPF 25,Spice,08,0.666666666666667,#E2A272,True,8.0,26.0
Makeup Revolution,Conceal & Define Full Coverage Foundation,,F8,0.774509803921569,#FDBE8E,True,8.0,1.0
jane iredale,Beyond Matte Liquid Foundation,,M8,0.603921568627451,#D7995D,True,8.0,30.0
Clinique,Stay Matte Oil-Free Makeup,Linen,CN 08,0.884313725490196,#F4DFCF,,8.0,
Clinique,Beyond Perfecting Foundation + Concealer,Linen,CN 08,0.884313725490196,#F4DFCF,,8.0,
Juice Beauty,PHYTO-PIGMENTS Flawless Serum Foundation,Cream,08,0.82156862745098,#EDCDB6,True,8.0,71.0
Urban Decay Cosmetics,All Nighter Liquid Full Coverage Foundation,,8.0,0.57843137254902,#C38864,True,8.0,15.0
bareMinerals,BAREPRO Performance Wear Liquid Foundation Broad Spectrum SPF 20,Golden Ivory,08,0.776470588235294,#F4C398,True,8.0,16.0
Ofra Cosmetics,Absolute Cover Foundation,,8,0.443137254901961,#9A6E48,True,8.0,13.0
bareMinerals,ORIGINAL Liquid Mineral Foundation Broad Spectrum SPF 20,Light,08,0.731372549019608,#F5B780,True,8.0,32.0
LORAC,PRO Soft Focus Longwear Foundation,,08,0.609803921568628,#C79A70,True,8.0,33.0
HOURGLASS,Veil Fluid Makeup,Walnut,No. 8,0.33921568627451,#754A38,True,8.0,2.0
Catrice,HD Liquid Coverage Foundation,Fair Beige,008,0.688235294117647,#D4B28B,True,8.0,59.0
ILIA,Super Serum Skin Tint SPF 40 Foundation,Shela,8,0.701960784313725,#DFAB87,True,8.0,34.0
bareMinerals,COMPLEXION RESCUE™ Tinted Moisturizer with Hyaluronic Acid and Mineral SPF 30,Spice,08,0.656862745098039,#CB9D84,True,8.0,36.0
SEPHORA COLLECTION,10 Hour Wear Perfection Foundation,Light Ivory,8,0.731372549019608,#D9B19C,True,8.0,66.0
SEPHORA COLLECTION,Matte Perfection Powder Foundation,Fair Neutral,08,0.735294117647059,#D3B4A4,True,8.0,60.0
bareMinerals,BAREPRO Longwear Powder Foundation ,Golden Ivory,08,0.788235294117647,#F4CD9E,True,8.0,17.0
PAT McGRATH LABS,Sublime Perfection Foundation,Light Medium,8,0.809803921568627,#EFC9AE,True,8.0,37.0
bareMinerals,BarePRO™ 24 hour Longwear Liquid Foundation with Mineral SPF 20 ,Golden Ivory,08,0.745098039215686,#DCC5A0,True,8.0,18.0
bareMinerals,Matte Loose Powder Mineral Foundation SPF 15 ,Light,08,0.656862745098039,#CAAD85,True,8.0,38.0
SEPHORA COLLECTION,Make No Mistake Foundation & Concealer Stick,Bamboo,8,0.705882352941177,#DDA78B,True,8.0,39.0
Laura Mercier,Smooth Finish Foundation Powder,,8,0.756862745098039,#FDC185,True,8.0,40.0
Kosas,Tinted Face Oil Foundation,Tone,08,0.43921568627451,#92634E,True,8.0,41.0
Armani Beauty,Neo Nude Foundation,,8,0.633333333333333,#CCA077,True,8.0,4.0
Armani Beauty,Power Fabric Longwear High Cover Foundation SPF 25,,8,0.62156862745098,#C89475,True,8.0,42.0
Charlotte Tilbury,Light Wonder Foundation,Medium,8,0.682352941176471,#D0A78C,True,8.0,43.0
Lancôme,SKIN FEELS GOOD Skin Nourishing Foundation,,08N,0.629411764705882,#C4927D,True,8.0,44.0
bareMinerals,COMPLEXION RESCUE™ Hydrating Foundation Stick with Mineral SPF 25 ,Spice,08,0.719607843137255,#E3B38C,True,8.0,45.0
Charlotte Tilbury,Magic Foundation,,8,0.684313725490196,#CFA68E,True,8.0,6.0
SEPHORA COLLECTION,Matte Perfection Tinted Moisturizer,Canvas Sephora Quality Way-Nice Price,8,0.680392156862745,#CFA38C,True,8.0,46.0
Bobbi Brown,Skin Weightless Powder Foundation,Walnut,8,0.582352941176471,#D18258,True,8.0,7.0
KEVYN AUCOIN,Foundation Balm,Medium EF,08,0.666666666666667,#D9A77B,True,8.0,48.0
NUDESTIX,Nudies Tinted Blur Stick,Deep,8,0.6,#C4836E,True,8.0,49.0
Givenchy,Matissime Velvet Radiant Mattifying Fluid Foundation SPF 20,,N08,0.62156862745098,#C99C74,True,8.0,8.0
KEVYN AUCOIN,The Etherealist Foundation,Medium EF,08,0.668627450980392,#C8A88D,True,8.0,52.0
surratt beauty,Surreal Skin Foundation Wand,Surreal Skin,8,0.515686274509804,#AF7F58,True,8.0,53.0
bareMinerals,I AM AN ORIGINAL GET STARTED® KIT Original Loose Mineral Foundation Customizable Set,bareMinerals,08,0.656862745098039,#CAAD85,True,8.0,54.0
KEVYN AUCOIN,Stripped Nude Skin Tint,ST,08,0.666666666666667,#D6A27E,True,8.0,55.0
SEPHORA COLLECTION,Best Skin Ever Liquid Foundation,Y,08,0.747058823529412,#EDC390,True,8.0,69.0
Makeup Revolution,Conceal & Define Full Coverage Foundation,,F8.2,0.631372549019608,#CD9E75,True,8.2,1.0
Kosas,Tinted Face Oil Foundation,Tone,8.2,0.392156862745098,#A06728,True,8.2,41.0
TOM FORD,Traceless Soft Matte Foundation,Warm Honey,8.2,0.631372549019608,#C69C7C,True,8.2,3.0
TOM FORD,Traceless Foundation Stick,Warm Honey,8.2,0.476470588235294,#A26C51,True,8.2,5.0
Makeup Revolution,Conceal & Define Satte Matte Powder Foundation,,P8.5,0.898039215686275,#F7E5D3,True,8.5,11.0
bareMinerals,Complexion Rescue Hydrating Foundation Stick Broad Spectrum SPF 25,Terra,8.5,0.509803921568627,#B17953,True,8.5,26.0
Makeup Revolution,Conceal & Define Full Coverage Foundation,,F8.5,0.819607843137255,#F1DBB1,True,8.5,1.0
Ofra Cosmetics,Absolute Cover Foundation,,8.5,0.382352941176471,#7C6047,True,8.5,13.0
bareMinerals,COMPLEXION RESCUE™ Tinted Moisturizer with Hyaluronic Acid and Mineral SPF 30,Terra,8.5,0.676470588235294,#D9A480,True,8.5,36.0
Armani Beauty,Neo Nude Foundation,,8.5,0.603921568627451,#C5946F,True,8.5,4.0
bareMinerals,COMPLEXION RESCUE™ Hydrating Foundation Stick with Mineral SPF 25 ,Terra,8.5,0.645098039215686,#C7A482,True,8.5,45.0
Charlotte Tilbury,Magic Foundation,,8.5,0.63921568627451,#D39A73,True,8.5,6.0
Kosas,Tinted Face Oil Foundation,Tone,8.7,0.356862745098039,#98591E,True,8.7,41.0
TOM FORD,Traceless Soft Matte Foundation,Golden Almond,8.7,0.637254901960784,#C9A27C,True,8.7,3.0
TOM FORD,Traceless Foundation Stick,Golden Almond,8.7,0.66078431372549,#D2A57F,True,8.7,5.0
Urban Decay Cosmetics,All Nighter Liquid Full Coverage Foundation,,8.75,0.586274509803922,#C89163,True,8.75,15.0
Armani Beauty,Neo Nude Foundation,,8.75,0.617647058823529,#D19A6A,True,8.75,4.0
Armani Beauty,Power Fabric Longwear High Cover Foundation SPF 25,,8.75,0.631372549019608,#CD9075,True,8.75,42.0
Benefit Cosmetics,Hello Happy Air Stick Foundation SPF 20,,Shade 9,0.52156862745098,#B87B52,True,9.0,19.0
Benefit Cosmetics,Hello Happy Flawless Brightening Foundation SPF 15,Deep Neutral,Shade 9,0.380392156862745,#8D5D35,True,9.0,20.0
Benefit Cosmetics,Hello Happy Velvet Powder Foundation,Deep Neutral,Shade 9,0.494117647058824,#B78145,True,9.0,21.0
NUDESTIX,Tinted Cover Foundation,Nude,9,0.356862745098039,#8B542B,True,9.0,22.0
bareMinerals,Matte Foundation Broad Spectrum SPF 15,Light Beige,09,0.786274509803922,#F1C5A0,True,9.0,23.0
Makeup Revolution,Fast Base Stick Foundation,,F9,0.684313725490196,#D8AD85,True,9.0,24.0
bareMinerals,ORIGINAL Foundation Broad Spectrum SPF 15,Light Beige,09,0.786274509803922,#F1C5A0,True,9.0,25.0
bareMinerals,BAREPRO Performance Wear Powder Foundation,Light Natural,09,0.698039215686274,#DCAC88,True,9.0,14.0
Clinique,Beyond Perfecting Powder Foundation + Concealer,Neutral,09,0.696078431372549,#DDAB86,,9.0,
bareMinerals,Complexion Rescue Hydrating Foundation Stick Broad Spectrum SPF 25,Chestnut,09,0.437254901960784,#996A46,True,9.0,26.0
Makeup Revolution,Conceal & Define Full Coverage Foundation,,F9,0.849019607843137,#FED8B3,True,9.0,1.0
jane iredale,Beyond Matte Liquid Foundation,,M9,0.603921568627451,#D49660,True,9.0,30.0
Urban Decay Cosmetics,All Nighter Liquid Full Coverage Foundation,,9.0,0.5,#AC7453,True,9.0,15.0
bareMinerals,BAREPRO Performance Wear Liquid Foundation Broad Spectrum SPF 20,Light Natural,09,0.698039215686274,#DCAC88,True,9.0,16.0
Ofra Cosmetics,Absolute Cover Foundation,,9,0.42156862745098,#8D6B4A,True,9.0,13.0
bareMinerals,ORIGINAL Liquid Mineral Foundation Broad Spectrum SPF 20,Light Beige,09,0.807843137254902,#FCC6A0,True,9.0,32.0
LORAC,PRO Soft Focus Longwear Foundation,,09,0.617647058823529,#D8A563,True,9.0,33.0
ILIA,Super Serum Skin Tint SPF 40 Foundation,Paloma,9,0.701960784313725,#DFAB87,True,9.0,34.0
bareMinerals,COMPLEXION RESCUE™ Tinted Moisturizer with Hyaluronic Acid and Mineral SPF 30,Chestnut,09,0.625490196078431,#C5937A,True,9.0,36.0
bareMinerals,BAREPRO Longwear Powder Foundation ,Natural Light,09,0.8,#F6CCA2,True,9.0,17.0
PAT McGRATH LABS,Sublime Perfection Foundation,Light Medium,9,0.813725490196078,#F1C3AE,True,9.0,37.0
bareMinerals,BarePRO™ 24 hour Longwear Liquid Foundation with Mineral SPF 20 ,Light Natural,09,0.786274509803922,#EEC8A3,True,9.0,18.0
bareMinerals,Matte Loose Powder Mineral Foundation SPF 15 ,Light Beige,09,0.698039215686274,#D1A593,True,9.0,38.0
SEPHORA COLLECTION,Make No Mistake Foundation & Concealer Stick,Sandalwood,9,0.613725490196078,#C69073,True,9.0,39.0
Laura Mercier,Smooth Finish Foundation Powder,,9,0.643137254901961,#DB9D6D,True,9.0,40.0
Kosas,Tinted Face Oil Foundation,Tone,09,0.411764705882353,#855E4D,True,9.0,41.0
Armani Beauty,Neo Nude Foundation,,9,0.629411764705882,#D19B70,True,9.0,4.0
Armani Beauty,Power Fabric Longwear High Cover Foundation SPF 25,,9,0.580392156862745,#B98B6F,True,9.0,42.0
Charlotte Tilbury,Light Wonder Foundation,Dark,9,0.674509803921569,#D5A483,True,9.0,43.0
Lancôme,SKIN FEELS GOOD Skin Nourishing Foundation,,009N,0.86078431372549,#EDDCCA,True,9.0,44.0
bareMinerals,COMPLEXION RESCUE™ Hydrating Foundation Stick with Mineral SPF 25 ,Chestnut,09,0.541176470588235,#AD8667,True,9.0,45.0
Charlotte Tilbury,Magic Foundation,,9,0.672549019607843,#CCA28B,True,9.0,6.0
SEPHORA COLLECTION,Matte Perfection Tinted Moisturizer,Chiffon Sephora Quality Way-Nice Price,9,0.66078431372549,#D09B81,True,9.0,46.0
Armani Beauty,Luminous Silk Compact Powder Foundation,,9,0.607843137254902,#C38D73,True,9.0,61.0
KEVYN AUCOIN,Foundation Balm,Medium EF,09,0.658823529411765,#D2A37E,True,9.0,48.0
NUDESTIX,Nudies Tinted Blur Stick,Deep,9,0.523529411764706,#B26F59,True,9.0,49.0
Givenchy,Matissime Velvet Radiant Mattifying Fluid Foundation SPF 20,,N09,0.56078431372549,#D18A4D,True,9.0,8.0
SEPHORA COLLECTION,Clean Glowing Skin Foundation,,9,0.758823529411765,#E3B3A0,True,9.0,50.0
KEVYN AUCOIN,The Etherealist Foundation,Medium EF,09,0.658823529411765,#C79D89,True,9.0,52.0
surratt beauty,Surreal Skin Foundation Wand,Surreal Skin,9,0.511764705882353,#B17D54,True,9.0,53.0
bareMinerals,I AM AN ORIGINAL GET STARTED® KIT Original Loose Mineral Foundation Customizable Set,bareMinerals,09,0.698039215686274,#D1A593,True,9.0,54.0
KEVYN AUCOIN,Stripped Nude Skin Tint,ST,09,0.527450980392157,#B3755A,True,9.0,55.0
Armani Beauty,Maestro Fusion Makeup SPF 15 Liquid Foundation,,9,0.633333333333333,#D3A170,True,9.0,64.0
Makeup Revolution,Conceal & Define Full Coverage Foundation,,F9.2,0.5,#AE7651,True,9.2,1.0
Makeup Revolution,Conceal & Define Satte Matte Powder Foundation,,P9.5,0.774509803921569,#F2C599,True,9.5,11.0
bareMinerals,BAREPRO Performance Wear Powder Foundation,Flax,9.5,0.717647058823529,#D9AC95,True,9.5,14.0
Makeup Revolution,Conceal & Define Full Coverage Foundation,,F9.5,0.537254901960784,#C48B4E,True,9.5,1.0
bareMinerals,BAREPRO Performance Wear Liquid Foundation Broad Spectrum SPF 20,Flax,9.5,0.717647058823529,#D9AC95,True,9.5,16.0
bareMinerals,BAREPRO Longwear Powder Foundation ,Flax,9.5,0.758823529411765,#DEB8A5,True,9.5,17.0
bareMinerals,BarePRO™ 24 hour Longwear Liquid Foundation with Mineral SPF 20 ,Flax,9.5,0.792156862745098,#E4C2B0,True,9.5,18.0
Kosas,Tinted Face Oil Foundation,Tone,9.5,0.370588235294118,#8C4C31,True,9.5,41.0
TOM FORD,Traceless Soft Matte Foundation,Warm Almond,9.5,0.503921568627451,#B17750,True,9.5,3.0
TOM FORD,Traceless Foundation Stick,Warm Almond,9.5,0.494117647058824,#B16E4B,True,9.5,5.0
Charlotte Tilbury,Magic Foundation,,9.5,0.643137254901961,#C49B84,True,9.5,6.0
TOM FORD,Traceless Soft Matte Foundation,Cool Dusk,9.7,0.503921568627451,#AB7856,True,9.7,3.0
TOM FORD,Traceless Foundation Stick,Cool Dusk,9.7,0.352941176470588,#815633,True,9.7,5.0
Urban Decay Cosmetics,All Nighter Liquid Full Coverage Foundation,,9.75,0.503921568627451,#B27B4F,True,9.75,15.0
Benefit Cosmetics,Hello Happy Air Stick Foundation SPF 20,,Shade 10,0.470588235294118,#AC6C44,True,10.0,19.0
Benefit Cosmetics,Hello Happy Flawless Brightening Foundation SPF 15,Deep Warm,Shade 10,0.358823529411765,#914D26,True,10.0,20.0
Benefit Cosmetics,Hello Happy Velvet Powder Foundation,Deep Warm,Shade 10,0.419607843137255,#946542,True,10.0,21.0
It Cosmetics,Your Skin But Better Foundation + Skincare,Fair Warm,10,0.901960784313726,#FAE6D2,True,10.0,75.0
KVD Vegan Beauty,True Portrait Medium Coverage Shake Foundation,Light,010,0.735294117647059,#DFB398,True,10.0,57.0
NUDESTIX,Tinted Cover Foundation,Nude,10,0.33921568627451,#824E2B,True,10.0,22.0
Urban Decay Cosmetics,Hydromaniac Glowy Tinted Hydrator Foundation,,10,0.82156862745098,#ECCCB7,True,10.0,76.0
Catrice,True Skin Hydrating Foundation,Cool Cashmere,010,0.690196078431373,#DEA682,True,10.0,58.0
bareMinerals,Matte Foundation Broad Spectrum SPF 15,Medium,10,0.745098039215686,#E2AF9A,True,10.0,23.0
Makeup Revolution,Conceal & Define Satte Matte Powder Foundation,,P10,0.701960784313725,#E2B284,True,10.0,11.0
bareMinerals,ORIGINAL Foundation Broad Spectrum SPF 15,Medium,10,0.745098039215686,#E2AF9A,True,10.0,25.0
bareMinerals,BAREPRO Performance Wear Powder Foundation,Cool Beige,10,0.676470588235294,#D8A381,True,10.0,14.0
bareMinerals,Complexion Rescue Hydrating Foundation Stick Broad Spectrum SPF 25,Sienna,10,0.356862745098039,#844D32,True,10.0,26.0
Makeup Revolution,Conceal & Hydrate Foundation,,F10,0.680392156862745,#D8A883,True,10.0,27.0
Makeup Revolution,Conceal & Define Full Coverage Foundation,,F10,0.680392156862745,#E0AC7B,True,10.0,1.0
jane iredale,Beyond Matte Liquid Foundation,,M10,0.6,#D3925F,True,10.0,30.0
Clinique,Superbalanced Makeup,Alabaster,10,0.968627450980392,#F9F7F5,,10.0,
Clinique,Stay Matte Oil-Free Makeup,Alabaster,CN 10,0.813725490196078,#F1C9AE,,10.0,
Clinique,Beyond Perfecting Foundation + Concealer,Alabaster,CN 10,0.813725490196078,#F1C9AE,,10.0,
Juice Beauty,PHYTO-PIGMENTS Flawless Serum Foundation,Naked Beige,10,0.672549019607843,#D0A787,True,10.0,71.0
Urban Decay Cosmetics,All Nighter Liquid Full Coverage Foundation,,10.0,0.462745098039216,#A36849,True,10.0,15.0
bareMinerals,BAREPRO Performance Wear Liquid Foundation Broad Spectrum SPF 20,Cool Beige,10,0.676470588235294,#D8A381,True,10.0,16.0
Clinique,Even Better Glow Light Reflecting Makeup Broad Spectrum SPF 15,Alabaster,CN 10,0.67843137254902,#DBA67F,,10.0,
Ofra Cosmetics,Absolute Cover Foundation,,10,0.315686274509804,#614C40,True,10.0,13.0
florence by mills,Like a Light Skin Tint,,F010,0.827450980392157,#F8CBAE,True,10.0,77.0
bareMinerals,ORIGINAL Liquid Mineral Foundation Broad Spectrum SPF 20,Medium,10,0.772549019607843,#F3B997,True,10.0,32.0
LORAC,PRO Soft Focus Longwear Foundation,,10,0.623529411764706,#C99E75,True,10.0,33.0
ColourPop,Pretty Fresh Foundation,Fair,10N,0.886274509803922,#F0DFD4,True,10.0,65.0
ZOEVA,Authentik Skin Natural Luminous Foundation,Aglow,010N,0.903921568627451,#F3E6DA,True,10.0,78.0
Catrice,HD Liquid Coverage Foundation,Light Beige,010,0.872549019607843,#EDDFD0,True,10.0,59.0
Essence,Pretty Natural Hydrating Foundation,Cool Porcelain,10,0.680392156862745,#D5AB86,True,10.0,79.0
ILIA,Super Serum Skin Tint SPF 40 Foundation,Porto Ferro,10,0.782352941176471,#E3C2AC,True,10.0,34.0
bareMinerals,COMPLEXION RESCUE™ Tinted Moisturizer with Hyaluronic Acid and Mineral SPF 30,Sienna,10,0.519607843137255,#A47465,True,10.0,36.0
SEPHORA COLLECTION,10 Hour Wear Perfection Foundation,Light Ivory,10,0.684313725490196,#DCAA81,True,10.0,66.0
SEPHORA COLLECTION,Matte Perfection Powder Foundation,Fair Pink,10,0.731372549019608,#D5B0A0,True,10.0,60.0
bareMinerals,BAREPRO Longwear Powder Foundation ,Cool Beige,10,0.745098039215686,#E7B995,True,10.0,17.0
PAT McGRATH LABS,Sublime Perfection Foundation,Light Medium,10,0.811764705882353,#F0C9AE,True,10.0,37.0
bareMinerals,BarePRO™ 24 hour Longwear Liquid Foundation with Mineral SPF 20 ,Cool Beige,10,0.77843137254902,#E0C4AD,True,10.0,18.0
bareMinerals,Matte Loose Powder Mineral Foundation SPF 15 ,Medium,10,0.652941176470588,#D0A17D,True,10.0,38.0
Laura Mercier,Smooth Finish Foundation Powder,,10,0.629411764705882,#D99F68,True,10.0,40.0
Kosas,Tinted Face Oil Foundation,Tone,10,0.32156862745098,#6D4637,True,10.0,41.0
TOM FORD,Traceless Soft Matte Foundation,Chestnut,10.0,0.503921568627451,#A87959,True,10.0,3.0
Armani Beauty,Neo Nude Foundation,,10,0.545098039215686,#C8894E,True,10.0,4.0
Armani Beauty,Power Fabric Longwear High Cover Foundation SPF 25,,10,0.601960784313725,#C38B70,True,10.0,42.0
Charlotte Tilbury,Light Wonder Foundation,Dark,10,0.566666666666667,#B4856D,True,10.0,43.0
Natasha Denona,Transformatte Pore Vanishing Matte Foundation,,10R,0.913725490196078,#F9E6D9,True,10.0,67.0
Lancôme,SKIN FEELS GOOD Skin Nourishing Foundation,,010C,0.790196078431373,#E7BFAC,True,10.0,44.0
Dior,Diorskin Forever Undercover Foundation,Ivory,010,0.888235294117647,#FEDCC7,True,10.0,73.0
bareMinerals,COMPLEXION RESCUE™ Hydrating Foundation Stick with Mineral SPF 25 ,Sienna,10,0.429411764705882,#8D644E,True,10.0,45.0
Dior,Dreamskin Fresh & Perfect Cushion Broad Spectrum SPF 50,Ivory,010,0.774509803921569,#F3BA98,True,10.0,80.0
TOM FORD,Traceless Foundation Stick,Chestnut,10.0,0.519607843137255,#AC6C5D,True,10.0,5.0
Charlotte Tilbury,Magic Foundation,,10,0.547058823529412,#B17966,True,10.0,6.0
Dior,Diorskin Forever Perfect Matte Powder Foundation,Ivory,010,0.83921568627451,#F4C9B8,True,10.0,81.0
SEPHORA COLLECTION,Matte Perfection Tinted Moisturizer,Tulle Sephora Quality Way-Nice Price,10,0.63921568627451,#C69480,True,10.0,46.0
Bite Beauty,Changemaker Supercharged Micellar Foundation,,L10,0.82156862745098,#EEC8B5,True,10.0,82.0
Josie Maran,Vibrancy Argan Oil Foundation Fluid,Supernatural,RG10,0.805882352941176,#E4C4B7,True,10.0,74.0
Bobbi Brown,Skin Weightless Powder Foundation,Espresso,10,0.390196078431373,#835144,True,10.0,7.0
SEPHORA COLLECTION,Matte Perfection Full Coverage Foundation,Ivory,10,0.801960784313726,#EBC5AE,True,10.0,70.0
KEVYN AUCOIN,Foundation Balm,Medium EF,10,0.631372549019608,#CF9A73,True,10.0,48.0
NUDESTIX,Nudies Tinted Blur Stick,Deep,10,0.496078431372549,#9B6862,True,10.0,49.0
Givenchy,Matissime Velvet Radiant Mattifying Fluid Foundation SPF 20,,N10,0.445098039215686,#B26C31,True,10.0,8.0
KEVYN AUCOIN,The Etherealist Foundation,Medium EF,10,0.649019607843137,#C5A086,True,10.0,52.0
Dior,Dreamskin Fresh & Perfect Cushion Broad Spectrum SPF 50 Refill,Ivory,010,0.845098039215686,#FBD4B4,True,10.0,83.0
surratt beauty,Surreal Skin Foundation Wand,Surreal Skin,10,0.584313725490196,#C49066,True,10.0,53.0
Natasha Denona,Foundation X+,YFair,10,0.868627450980392,#EBDFD0,True,10.0,68.0
bareMinerals,I AM AN ORIGINAL GET STARTED® KIT Original Loose Mineral Foundation Customizable Set,bareMinerals,10,0.652941176470588,#D0A17D,True,10.0,54.0
KEVYN AUCOIN,Stripped Nude Skin Tint,ST,10,0.527450980392157,#B3755A,True,10.0,55.0
Natasha Denona,Face Glow Foundation,FN,10,0.788235294117647,#E7D4AB,True,10.0,84.0
SEPHORA COLLECTION,Best Skin Ever Liquid Foundation,N,10,0.764705882352941,#F2C594,True,10.0,69.0
Makeup Revolution,Conceal & Define Satte Matte Powder Foundation,,P10.2,0.833333333333333,#F6D2B3,True,10.2,11.0
Makeup Revolution,Conceal & Define Full Coverage Foundation,,F10.2,0.570588235294118,#BB8D68,True,10.2,1.0
It Cosmetics,Your Skin But Better Foundation + Skincare,Fair Neutral,10.5,0.809803921568627,#E8CCB5,True,10.5,75.0
bareMinerals,BAREPRO Performance Wear Powder Foundation,Linen,10.5,0.668627450980392,#D19F84,True,10.5,14.0
bareMinerals,Complexion Rescue Hydrating Foundation Stick Broad Spectrum SPF 25,Cinnamon,10.5,0.386274509803922,#86563F,True,10.5,26.0
Makeup Revolution,Conceal & Define Full Coverage Foundation,,F10.5,0.768627450980392,#F0C698,True,10.5,1.0
Makeup Revolution,Conceal & Glow Foundation,,F10.5,0.6,#D88B5A,True,10.5,28.0
bareMinerals,BAREPRO Performance Wear Liquid Foundation Broad Spectrum SPF 20,Linen,10.5,0.668627450980392,#D19F84,True,10.5,16.0
bareMinerals,COMPLEXION RESCUE™ Tinted Moisturizer with Hyaluronic Acid and Mineral SPF 30,Cinnamon,10.5,0.427450980392157,#8B624F,True,10.5,36.0
bareMinerals,BAREPRO Longwear Powder Foundation ,Linen,10.5,0.727450980392157,#D9B09A,True,10.5,17.0
bareMinerals,BarePRO™ 24 hour Longwear Liquid Foundation with Mineral SPF 20 ,Linen,10.5,0.735294117647059,#DBB29C,True,10.5,18.0
TOM FORD,Traceless Soft Matte Foundation,Mocha,10.5,0.531372549019608,#B0885F,True,10.5,3.0
bareMinerals,COMPLEXION RESCUE™ Hydrating Foundation Stick with Mineral SPF 25 ,Cinnamon,10.5,0.46078431372549,#9A6A51,True,10.5,45.0
TOM FORD,Traceless Foundation Stick,Mocha,10.5,0.482352941176471,#A47252,True,10.5,5.0
KEVYN AUCOIN,Foundation Balm,Medium EF,10.5,0.619607843137255,#CF9D6D,True,10.5,48.0
TOM FORD,Traceless Soft Matte Foundation,Amber,10.7,0.525490196078431,#AF835D,True,10.7,3.0
TOM FORD,Traceless Foundation Stick,Amber,10.7,0.474509803921569,#A26C50,True,10.7,5.0
Benefit Cosmetics,Hello Happy Air Stick Foundation SPF 20,,Shade 11,0.43921568627451,#9D6743,True,11.0,19.0
Benefit Cosmetics,Hello Happy Flawless Brightening Foundation SPF 15,Dark Neutral,Shade 11,0.3,#6E452B,True,11.0,20.0
Benefit Cosmetics,Hello Happy Velvet Powder Foundation,Dark Neutral,Shade 11,0.396078431372549,#926738,True,11.0,21.0
It Cosmetics,Your Skin But Better Foundation + Skincare,Fair Neutral,11,0.792156862745098,#ECC8A8,True,11.0,75.0
bareMinerals,Matte Foundation Broad Spectrum SPF 15,Soft Medium,11,0.690196078431373,#E1A77F,True,11.0,23.0
bareMinerals,ORIGINAL Foundation Broad Spectrum SPF 15,Soft Medium,11,0.690196078431373,#E1A77F,True,11.0,25.0
bareMinerals,BAREPRO Performance Wear Powder Foundation,Natural,11,0.711764705882353,#E7A984,True,11.0,14.0
Clinique,Beyond Perfecting Powder Foundation + Concealer,Honey,11,0.666666666666667,#DBA879,,11.0,
bareMinerals,Complexion Rescue Hydrating Foundation Stick Broad Spectrum SPF 25,Cedar,11,0.305882352941176,#71422B,True,11.0,26.0
jane iredale,Beyond Matte Liquid Foundation,,M11,0.594117647058824,#C98966,True,11.0,30.0
Juice Beauty,PHYTO-PIGMENTS Flawless Serum Foundation,Rosy Beige,11,0.796078431372549,#EAC6AC,True,11.0,71.0
Urban Decay Cosmetics,All Nighter Liquid Full Coverage Foundation,,11.0,0.417647058823529,#995B3C,True,11.0,15.0
bareMinerals,BAREPRO Performance Wear Liquid Foundation Broad Spectrum SPF 20,Natural,11,0.711764705882353,#E7A984,True,11.0,16.0
bareMinerals,ORIGINAL Liquid Mineral Foundation Broad Spectrum SPF 20,Soft Medium,11,0.8,#FCC89C,True,11.0,32.0
LORAC,PRO Soft Focus Longwear Foundation,,11,0.572549019607843,#C39061,True,11.0,33.0
ILIA,Super Serum Skin Tint SPF 40 Foundation,Matira,11,0.631372549019608,#CD9B75,True,11.0,34.0
bareMinerals,COMPLEXION RESCUE™ Tinted Moisturizer with Hyaluronic Acid and Mineral SPF 30,Cedar,11,0.464705882352941,#9C6351,True,11.0,36.0
bareMinerals,BAREPRO Longwear Powder Foundation ,Natural,11,0.768627450980392,#F4C594,True,11.0,17.0
PAT McGRATH LABS,Sublime Perfection Foundation,Light Medium,11,0.776470588235294,#ECBEA0,True,11.0,37.0
bareMinerals,BarePRO™ 24 hour Longwear Liquid Foundation with Mineral SPF 20 ,Natural,11,0.754901960784314,#E7C99A,True,11.0,18.0
bareMinerals,Matte Loose Powder Mineral Foundation SPF 15 ,Soft Medium,11,0.684313725490196,#CEA08F,True,11.0,38.0
Laura Mercier,Smooth Finish Foundation Powder,,11,0.62156862745098,#D49B69,True,11.0,40.0
TOM FORD,Traceless Soft Matte Foundation,Dusk,11.0,0.482352941176471,#A07356,True,11.0,3.0
Armani Beauty,Power Fabric Longwear High Cover Foundation SPF 25,,11,0.513725490196078,#B27754,True,11.0,42.0
bareMinerals,COMPLEXION RESCUE™ Hydrating Foundation Stick with Mineral SPF 25 ,Cedar,11,0.452941176470588,#8E6A59,True,11.0,45.0
TOM FORD,Traceless Foundation Stick,Dusk,11.0,0.466666666666667,#A76347,True,11.0,5.0
Charlotte Tilbury,Magic Foundation,,11,0.545098039215686,#B08066,True,11.0,6.0
SEPHORA COLLECTION,Matte Perfection Tinted Moisturizer,Khaki Sephora Quality Way-Nice Price,11,0.619607843137255,#C58E77,True,11.0,46.0
La Mer,The Luminous Lifting Cushion Foundation SPF 20 + Refill,Rosy Ivory,11,0.847058823529412,#F3CCBD,True,11.0,47.0
KEVYN AUCOIN,Foundation Balm,Medium EF,11,0.615686274509804,#C99471,True,11.0,48.0
SEPHORA COLLECTION,Clean Glowing Skin Foundation,,11,0.703921568627451,#DCAC8B,True,11.0,50.0
KEVYN AUCOIN,The Etherealist Foundation,Medium EF,11,0.625490196078431,#C1977E,True,11.0,52.0
surratt beauty,Surreal Skin Foundation Wand,Surreal Skin,11,0.509803921568627,#AE7E56,True,11.0,53.0
bareMinerals,I AM AN ORIGINAL GET STARTED® KIT Original Loose Mineral Foundation Customizable Set,bareMinerals,11,0.684313725490196,#CEA08F,True,11.0,54.0
Benefit Cosmetics,Mini Hello Happy Flawless Brightening Foundation SPF 15,,11,0.372549019607843,#8B5033,True,11.0,56.0
Benefit Cosmetics,Hello Happy Soft Blur Foundation,,Shade 11,0.609803921568628,#C9866E,,11.0,
Makeup Revolution,Conceal & Define Satte Matte Powder Foundation,,P11.2,0.784313725490196,#F3CA9D,True,11.2,11.0
Makeup Revolution,Conceal & Define Full Coverage Foundation,,F11.2,0.474509803921569,#AB7447,True,11.2,1.0
bareMinerals,Complexion Rescue Hydrating Foundation Stick Broad Spectrum SPF 25,Mahogany,11.5,0.307843137254902,#674036,True,11.5,26.0
bareMinerals,COMPLEXION RESCUE™ Tinted Moisturizer with Hyaluronic Acid and Mineral SPF 30,Mahogany,11.5,0.380392156862745,#74544E,True,11.5,36.0
SEPHORA COLLECTION,10 Hour Wear Perfection Foundation,Pink Ecru,11.5,0.786274509803922,#DBBFB6,True,11.5,66.0
TOM FORD,Traceless Soft Matte Foundation,Warm Nutmeg,11.5,0.449019607843137,#98694D,True,11.5,3.0
Armani Beauty,Neo Nude Foundation,,11.5,0.613725490196078,#CD976C,True,11.5,4.0
bareMinerals,COMPLEXION RESCUE™ Hydrating Foundation Stick with Mineral SPF 25 ,Mahogany,11.5,0.352941176470588,#764E3E,True,11.5,45.0
TOM FORD,Traceless Foundation Stick,Warm Nutmeg,11.5,0.409803921568627,#8F6142,True,11.5,5.0
Charlotte Tilbury,Magic Foundation,,11.5,0.474509803921569,#A16B51,True,11.5,6.0
SEPHORA COLLECTION,Best Skin Ever Liquid Foundation,P,11.5,0.792156862745098,#F2CDA2,True,11.5,69.0
TOM FORD,Traceless Soft Matte Foundation,Nutmeg,11.7,0.423529411764706,#8A664E,True,11.7,3.0
TOM FORD,Traceless Foundation Stick,Nutmeg,11.7,0.415686274509804,#855F4F,True,11.7,5.0
Armani Beauty,Power Fabric Longwear High Cover Foundation SPF 25,,11.75,0.533333333333333,#B2715E,True,11.75,42.0
Benefit Cosmetics,Hello Happy Air Stick Foundation SPF 20,,Shade 12,0.366666666666667,#835138,True,12.0,19.0
Benefit Cosmetics,Hello Happy Flawless Brightening Foundation SPF 15,Dark Warm,Shade 12,0.380392156862745,#83503F,True,12.0,20.0
Benefit Cosmetics,Hello Happy Velvet Powder Foundation,Dark Warm,Shade 12,0.36078431372549,#7F5739,True,12.0,21.0
It Cosmetics,Your Skin But Better Foundation + Skincare,Fair Warm,12,0.798039215686275,#F0CBA7,True,12.0,75.0
KVD Vegan Beauty,True Portrait Medium Coverage Shake Foundation,Light,012,0.692156862745098,#D6AE8B,True,12.0,57.0
bareMinerals,Matte Foundation Broad Spectrum SPF 15,Medium Beige,12,0.703921568627451,#E0AC87,True,12.0,23.0
bareMinerals,ORIGINAL Foundation Broad Spectrum SPF 15,Medium Beige,12,0.703921568627451,#E0AB87,True,12.0,25.0
Tarte,Travel Size Face Tape Foundation,Fair Neutral,12N,0.819607843137255,#EDCDB5,True,12.0,85.0
bareMinerals,BAREPRO Performance Wear Powder Foundation,Warm Natural,12,0.672549019607843,#DD9F7A,True,12.0,14.0
Makeup Revolution,Conceal & Define Full Coverage Foundation,,F12,0.666666666666667,#E2A672,True,12.0,1.0
jane iredale,Beyond Matte Liquid Foundation,,M12,0.543137254901961,#C8834D,True,12.0,30.0
Clinique,Beyond Perfecting Foundation + Concealer,Meringue,WN 12,0.725490196078431,#E5B88D,,12.0,
Juice Beauty,PHYTO-PIGMENTS Flawless Serum Foundation,Desert Beige,12,0.686274509803922,#D6A388,True,12.0,71.0
Urban Decay Cosmetics,All Nighter Liquid Full Coverage Foundation,,12.0,0.325490196078431,#754631,True,12.0,15.0
bareMinerals,BAREPRO Performance Wear Liquid Foundation Broad Spectrum SPF 20,Warm Natural,12,0.672549019607843,#DD9F7A,True,12.0,16.0
bareMinerals,ORIGINAL Liquid Mineral Foundation Broad Spectrum SPF 20,Medium Beige,12,0.7,#E4AD81,True,12.0,32.0
LORAC,PRO Soft Focus Longwear Foundation,,12,0.625490196078431,#C79D78,True,12.0,33.0
ILIA,Super Serum Skin Tint SPF 40 Foundation,Kokkini,12,0.629411764705882,#CB9876,True,12.0,34.0
SEPHORA COLLECTION,10 Hour Wear Perfection Foundation,Light Ecru,12,0.670588235294118,#D6AC80,True,12.0,66.0
SEPHORA COLLECTION,Matte Perfection Powder Foundation,Fair Warm,12,0.713725490196078,#CEB09E,True,12.0,60.0
bareMinerals,BAREPRO Longwear Powder Foundation ,Warm Natural,12,0.756862745098039,#F0C892,True,12.0,17.0
PAT McGRATH LABS,Sublime Perfection Foundation,Light Medium,12,0.758823529411765,#EEB395,True,12.0,37.0
bareMinerals,BarePRO™ 24 hour Longwear Liquid Foundation with Mineral SPF 20 ,Warm Natural,12,0.698039215686274,#DDAE87,True,12.0,18.0
bareMinerals,Matte Loose Powder Mineral Foundation SPF 15 ,Medium Beige,12,0.63921568627451,#CCA67A,True,12.0,38.0
SEPHORA COLLECTION,Make No Mistake Foundation & Concealer Stick,Chestnut,12,0.625490196078431,#CF9370,True,12.0,39.0
Laura Mercier,Smooth Finish Foundation Powder,,12,0.637254901960784,#D09C75,True,12.0,40.0
TOM FORD,Traceless Soft Matte Foundation,Macassar,12.0,0.413725490196078,#89624A,True,12.0,3.0
Armani Beauty,Power Fabric Longwear High Cover Foundation SPF 25,,12,0.501960784313725,#B07350,True,12.0,42.0
Lancôme,SKIN FEELS GOOD Skin Nourishing Foundation,,12W,0.56078431372549,#AF7D6F,True,12.0,44.0
Charlotte Tilbury,Magic Foundation,,12,0.523529411764706,#A57566,True,12.0,6.0
SEPHORA COLLECTION,Matte Perfection Tinted Moisturizer,Tweed Sephora Quality Way-Nice Price,12,0.552941176470588,#B48366,True,12.0,46.0
La Mer,The Luminous Lifting Cushion Foundation SPF 20 + Refill,Neutral Ivory,12,0.856862745098039,#F3D2C2,True,12.0,47.0
KEVYN AUCOIN,Foundation Balm,Deep EF,12,0.592156862745098,#C59469,True,12.0,48.0
Koh Gen Do,Aqua Foundation,,12,0.847058823529412,#EDCFC3,True,12.0,63.0
KEVYN AUCOIN,The Etherealist Foundation,Deep EF,12,0.615686274509804,#C19879,True,12.0,52.0
surratt beauty,Surreal Skin Foundation Wand,Surreal Skin,12,0.472549019607843,#A3704E,True,12.0,53.0
bareMinerals,I AM AN ORIGINAL GET STARTED® KIT Original Loose Mineral Foundation Customizable Set,bareMinerals,12,0.63921568627451,#CCA67A,True,12.0,54.0
Black Up,Full Coverage Cream Foundation,HC,12,0.450980392156863,#935F53,,12.0,
SEPHORA COLLECTION,Best Skin Ever Liquid Foundation,Y,12,0.754901960784314,#EDC894,True,12.0,69.0
Makeup Revolution,Conceal & Define Full Coverage Foundation,,F12.2,0.450980392156863,#A26B44,True,12.2,1.0
TOM FORD,Traceless Soft Matte Foundation,Walnut,12.5,0.388235294117647,#845A42,True,12.5,3.0
TOM FORD,Traceless Foundation Stick,Walnut,12.5,0.352941176470588,#705144,True,12.5,5.0
Makeup Revolution,Conceal & Define Full Coverage Foundation,,F12.7,0.425490196078431,#916548,True,12.7,1.0
bareMinerals,Matte Foundation Broad Spectrum SPF 15,Golden Beige,13,0.674509803921569,#E1A477,True,13.0,23.0
Makeup Revolution,Fast Base Stick Foundation,,F13,0.425490196078431,#A06839,True,13.0,24.0
bareMinerals,ORIGINAL Foundation Broad Spectrum SPF 15,Golden Beige,13,0.674509803921569,#E1A477,True,13.0,25.0
Tarte,Travel Size Babassu Foundcealer Skincare Foundation Broad Spectrum SPF 20,Fair Neutral,13N,0.801960784313726,#EBC8AE,True,13.0,86.0
bareMinerals,BAREPRO Performance Wear Powder Foundation,Golden Nude,13,0.709803921568627,#EBAB7F,True,13.0,14.0
Makeup Revolution,Conceal & Hydrate Foundation,,F13,0.4,#9A5B32,True,13.0,27.0
jane iredale,Beyond Matte Liquid Foundation,,M13,0.531372549019608,#BE7C51,True,13.0,30.0
bareMinerals,ORIGINAL Liquid Mineral Foundation Broad Spectrum SPF 20,Golden Beige,13,0.752941176470588,#F3C38D,True,13.0,32.0
LORAC,PRO Soft Focus Longwear Foundation,,13,0.617647058823529,#C89173,True,13.0,33.0
ILIA,Super Serum Skin Tint SPF 40 Foundation,Kamari,13,0.67843137254902,#DE9E7C,True,13.0,34.0
SEPHORA COLLECTION,10 Hour Wear Perfection Foundation,Pink Porcelaine,13,0.698039215686274,#D3AA91,True,13.0,66.0
bareMinerals,BAREPRO Longwear Powder Foundation ,Golden Nude,13,0.790196078431373,#F3CDA0,True,13.0,17.0
PAT McGRATH LABS,Sublime Perfection Foundation,Light Medium,13,0.796078431372549,#F2C5A4,True,13.0,37.0
bareMinerals,BarePRO™ 24 hour Longwear Liquid Foundation with Mineral SPF 20 ,Golden Nude,13,0.749019607843137,#E3C69B,True,13.0,18.0
bareMinerals,Matte Loose Powder Mineral Foundation SPF 15 ,Golden Beige,13,0.658823529411765,#CCA184,True,13.0,38.0
SEPHORA COLLECTION,Make No Mistake Foundation & Concealer Stick,Walnut,13,0.607843137254902,#CA846C,True,13.0,39.0
Laura Mercier,Smooth Finish Foundation Powder,,13,0.633333333333333,#C49A7F,True,13.0,40.0
TOM FORD,Traceless Soft Matte Foundation,Espresso,13.0,0.352941176470588,#75503F,True,13.0,3.0
Armani Beauty,Neo Nude Foundation,,13,0.5,#AD7452,True,13.0,4.0
Armani Beauty,Power Fabric Longwear High Cover Foundation SPF 25,,13,0.496078431372549,#A1755C,True,13.0,42.0
Lancôme,SKIN FEELS GOOD Skin Nourishing Foundation,,13C,0.46078431372549,#A36548,True,13.0,44.0
TOM FORD,Traceless Foundation Stick,Espresso,13.0,0.305882352941176,#5A4642,True,13.0,5.0
SEPHORA COLLECTION,Matte Perfection Tinted Moisturizer,Taffeta Sephora Quality Way-Nice Price,13,0.547058823529412,#B37864,True,13.0,46.0
La Mer,The Luminous Lifting Cushion Foundation SPF 20 + Refill,Warm Ivory,13,0.805882352941176,#E8CAB3,True,13.0,47.0
KEVYN AUCOIN,Foundation Balm,Deep EF,13,0.592156862745098,#C68F68,True,13.0,48.0
Koh Gen Do,Aqua Foundation,,13,0.801960784313726,#E3C6B6,True,13.0,63.0
SEPHORA COLLECTION,Clean Glowing Skin Foundation,,13,0.707843137254902,#DCA98D,True,13.0,50.0
KEVYN AUCOIN,The Etherealist Foundation,Deep EF,13,0.523529411764706,#AF815C,True,13.0,52.0
surratt beauty,Surreal Skin Foundation Wand,Surreal Skin,13,0.454901960784314,#A66942,True,13.0,53.0
bareMinerals,I AM AN ORIGINAL GET STARTED® KIT Original Loose Mineral Foundation Customizable Set,bareMinerals,13,0.658823529411765,#CCA184,True,13.0,54.0
SEPHORA COLLECTION,Best Skin Ever Liquid Foundation,P,13,0.715686274509804,#E3AF8A,True,13.0,69.0
Makeup Revolution,Conceal & Define Full Coverage Foundation,,F13.2,0.384313725490196,#815843,True,13.2,1.0
Makeup Revolution,Conceal & Define Full Coverage Foundation,,F13.5,0.474509803921569,#B7633B,True,13.5,1.0
Armani Beauty,Power Fabric Longwear High Cover Foundation SPF 25,,13.5,0.468627450980392,#9D5E52,True,13.5,42.0
Makeup Revolution,Conceal & Define Full Coverage Foundation,,F13.7,0.349019607843137,#705242,True,13.7,1.0
bareMinerals,Matte Foundation Broad Spectrum SPF 15,Golden Medium,14,0.694117647058824,#E9B179,True,14.0,23.0
bareMinerals,ORIGINAL Foundation Broad Spectrum SPF 15,Golden Medium,14,0.694117647058824,#E9B179,True,14.0,25.0
bareMinerals,BAREPRO Performance Wear Powder Foundation,Silk,14,0.713725490196078,#EFAA7D,True,14.0,14.0
Makeup Revolution,Conceal & Hydrate Foundation,,F14,0.384313725490196,#88533C,True,14.0,27.0
Makeup Revolution,Conceal & Define Full Coverage Foundation,,F14,0.488235294117647,#B86441,True,14.0,1.0
jane iredale,Beyond Matte Liquid Foundation,,M14,0.423529411764706,#995F3F,True,14.0,30.0
Juice Beauty,PHYTO-PIGMENTS Flawless Serum Foundation,Sand,14,0.776470588235294,#E8C1A4,True,14.0,71.0
bareMinerals,BAREPRO Performance Wear Liquid Foundation Broad Spectrum SPF 20,Silk,14,0.713725490196078,#EFAA7D,True,14.0,16.0
bareMinerals,ORIGINAL Liquid Mineral Foundation Broad Spectrum SPF 20,Golden Medium,14,0.709803921568627,#ECB87E,True,14.0,32.0
LORAC,PRO Soft Focus Longwear Foundation,,14,0.566666666666667,#C3995E,True,14.0,33.0
ILIA,Super Serum Skin Tint SPF 40 Foundation,Dominica,14,0.572549019607843,#C48160,True,14.0,34.0
SEPHORA COLLECTION,10 Hour Wear Perfection Foundation,Light Delicate Beige,14,0.709803921568627,#DDAF8D,True,14.0,66.0
SEPHORA COLLECTION,Matte Perfection Powder Foundation,Neutral Linen,14,0.733333333333333,#D6B4A0,True,14.0,60.0
bareMinerals,BAREPRO Longwear Powder Foundation ,Silk,14,0.725490196078431,#E3C08F,True,14.0,17.0
PAT McGRATH LABS,Sublime Perfection Foundation,Light Medium,14,0.696078431372549,#DDAE86,True,14.0,37.0
bareMinerals,BarePRO™ 24 hour Longwear Liquid Foundation with Mineral SPF 20 ,Silk,14,0.672549019607843,#D1AF86,True,14.0,18.0
bareMinerals,Matte Loose Powder Mineral Foundation SPF 15 ,Golden Medium,14,0.62156862745098,#CEA56F,True,14.0,38.0
SEPHORA COLLECTION,Make No Mistake Foundation & Concealer Stick,Teak,14,0.501960784313725,#AC6554,True,14.0,39.0
Laura Mercier,Smooth Finish Foundation Powder,,14,0.598039215686274,#D4915D,True,14.0,40.0
Dior,Diorskin Forever Undercover Foundation,Fair Almond,014,0.819607843137255,#EEC3B4,True,14.0,73.0
SEPHORA COLLECTION,Matte Perfection Tinted Moisturizer,Chenille Sephora Quality Way-Nice Price,14,0.533333333333333,#AB7165,True,14.0,46.0
KEVYN AUCOIN,Foundation Balm,Deep EF,14,0.52156862745098,#B78153,True,14.0,48.0
KEVYN AUCOIN,The Etherealist Foundation,Deep EF,14,0.47843137254902,#A07454,True,14.0,52.0
surratt beauty,Surreal Skin Foundation Wand,Surreal Skin,14,0.425490196078431,#A06039,True,14.0,53.0
bareMinerals,I AM AN ORIGINAL GET STARTED® KIT Original Loose Mineral Foundation Customizable Set,bareMinerals,14,0.62156862745098,#CEA56F,True,14.0,54.0
SEPHORA COLLECTION,Best Skin Ever Liquid Foundation,P,14,0.684313725490196,#DBA982,True,14.0,69.0
Makeup Revolution,Conceal & Glow Foundation,,F14.2,0.315686274509804,#894A18,True,14.2,28.0
Makeup Revolution,Conceal & Define Satte Matte Powder Foundation,,P14.5,0.670588235294118,#E4A272,True,14.5,11.0
Makeup Revolution,Conceal & Define Full Coverage Foundation,,F14.7,0.374509803921569,#81533E,True,14.7,1.0
KVD Vegan Beauty,True Portrait Medium Coverage Shake Foundation,Light,015,0.703921568627451,#E0B087,True,15.0,57.0
bareMinerals,Matte Foundation Broad Spectrum SPF 15,Neutral Medium,15,0.676470588235294,#E3A676,True,15.0,23.0
bareMinerals,ORIGINAL Foundation Broad Spectrum SPF 15,Neutral Medium,15,0.676470588235294,#E3A676,True,15.0,25.0
bareMinerals,BAREPRO Performance Wear Powder Foundation,Sandalwood,15,0.650980392156863,#DC9C70,True,15.0,14.0
Pacifica,Alight Clean Foundation,Warm Tan,15WT,0.572549019607843,#CF9355,False,15.0,29.0
jane iredale,Beyond Matte Liquid Foundation,,M15,0.423529411764706,#99543F,True,15.0,30.0
Juice Beauty,PHYTO-PIGMENTS Flawless Serum Foundation,Rosy Sand,15,0.596078431372549,#C78D69,True,15.0,71.0
bareMinerals,BAREPRO Performance Wear Liquid Foundation Broad Spectrum SPF 20,Sandalwood,15,0.650980392156863,#DC9C70,True,15.0,16.0
bareMinerals,ORIGINAL Liquid Mineral Foundation Broad Spectrum SPF 20,Neutral Medium,15,0.692156862745098,#E0AE81,True,15.0,32.0
LORAC,PRO Soft Focus Longwear Foundation,,15,0.552941176470588,#C48E56,True,15.0,33.0
ColourPop,Pretty Fresh Foundation,Fair,15W,0.815686274509804,#E7D0B9,True,15.0,65.0
ILIA,Super Serum Skin Tint SPF 40 Foundation,Porto Covo,15,0.468627450980392,#A66F49,True,15.0,34.0
SEPHORA COLLECTION,10 Hour Wear Perfection Foundation,Peach Cream,15,0.688235294117647,#CDA792,True,15.0,66.0
bareMinerals,BAREPRO Longwear Powder Foundation ,Sandalwood,15,0.713725490196078,#EFB87D,True,15.0,17.0
PAT McGRATH LABS,Sublime Perfection Foundation,Medium,15,0.631372549019608,#C9A079,True,15.0,37.0
bareMinerals,BarePRO™ 24 hour Longwear Liquid Foundation with Mineral SPF 20 ,Sandalwood,15,0.666666666666667,#D0A984,True,15.0,18.0
bareMinerals,Matte Loose Powder Mineral Foundation SPF 15 ,Neutral Medium,15,0.637254901960784,#CD9C78,True,15.0,38.0
SEPHORA COLLECTION,Make No Mistake Foundation & Concealer Stick,Mahogany,15,0.482352941176471,#9D6559,True,15.0,39.0
Laura Mercier,Smooth Finish Foundation Powder,,15,0.554901960784314,#C68355,True,15.0,40.0
SEPHORA COLLECTION,MicroSmooth Baked Powder Foundation,Nude Sephora Quality Way-Nice Price,15,0.737254901960784,#D9B69F,True,15.0,72.0
Armani Beauty,Power Fabric Longwear High Cover Foundation SPF 25,,15,0.384313725490196,#7E5046,True,15.0,42.0
Lancôme,SKIN FEELS GOOD Skin Nourishing Foundation,,015N,0.766666666666667,#E0C5A7,True,15.0,44.0
Dior,Diorskin Forever Undercover Foundation,Tender Beige,015,0.876470588235294,#FED9C1,True,15.0,73.0
SEPHORA COLLECTION,Matte Perfection Tinted Moisturizer,Suede Sephora Quality Way-Nice Price,15,0.472549019607843,#916860,True,15.0,46.0
Bite Beauty,Changemaker Supercharged Micellar Foundation,,L15,0.827450980392157,#F5C5B1,True,15.0,82.0
KEVYN AUCOIN,Foundation Balm,Deep EF,15,0.496078431372549,#A67757,True,15.0,48.0
SEPHORA COLLECTION,Clean Glowing Skin Foundation,,15,0.662745098039216,#D3A27F,True,15.0,50.0
KEVYN AUCOIN,The Etherealist Foundation,Deep EF,15,0.484313725490196,#9D725A,True,15.0,52.0
surratt beauty,Surreal Skin Foundation Wand,Surreal Skin,15,0.37843137254902,#885739,True,15.0,53.0
bareMinerals,I AM AN ORIGINAL GET STARTED® KIT Original Loose Mineral Foundation Customizable Set,bareMinerals,15,0.494117647058824,#A38059,True,15.0,54.0
bareMinerals,BAREPRO Performance Wear Powder Foundation,Butterscotch,15.5,0.67843137254902,#DFA97B,True,15.5,14.0
bareMinerals,BAREPRO Performance Wear Liquid Foundation Broad Spectrum SPF 20,Butterscotch,15.5,0.67843137254902,#DFA97B,True,15.5,16.0
SEPHORA COLLECTION,10 Hour Wear Perfection Foundation,Intense Porcelain,15.5,0.735294117647059,#D6B1A1,True,15.5,66.0
bareMinerals,BAREPRO Longwear Powder Foundation ,Butterscotch,15.5,0.731372549019608,#E4B691,True,15.5,17.0
bareMinerals,BarePRO™ 24 hour Longwear Liquid Foundation with Mineral SPF 20 ,Butterscotch,15.5,0.766666666666667,#E8C29F,True,15.5,18.0
SEPHORA COLLECTION,Best Skin Ever Liquid Foundation,N,15.5,0.715686274509804,#E1B38C,True,15.5,69.0
bareMinerals,Matte Foundation Broad Spectrum SPF 15,Golden Nude,16,0.705882352941177,#ECAD7C,True,16.0,23.0
bareMinerals,ORIGINAL Foundation Broad Spectrum SPF 15,Golden Nude,16,0.705882352941177,#ECAD7C,True,16.0,25.0
bareMinerals,BAREPRO Performance Wear Powder Foundation,Sandstone,16,0.67843137254902,#E4A176,True,16.0,14.0
Makeup Revolution,Conceal & Define Full Coverage Foundation,,F16,0.447058823529412,#AA533A,True,16.0,1.0
Pacifica,Alight Clean Foundation,Neutral Tan,16NT,0.535294117647059,#C98E48,False,16.0,29.0
jane iredale,Beyond Matte Liquid Foundation,,M16,0.411764705882353,#905742,True,16.0,30.0
Juice Beauty,PHYTO-PIGMENTS Flawless Serum Foundation,Natural Tan,16,0.641176470588235,#C9957E,True,16.0,71.0
bareMinerals,BAREPRO Performance Wear Liquid Foundation Broad Spectrum SPF 20,Sandstone,16,0.67843137254902,#E4A176,True,16.0,16.0
bareMinerals,ORIGINAL Liquid Mineral Foundation Broad Spectrum SPF 20,Golden Nude,16,0.664705882352941,#DBA678,True,16.0,32.0
LORAC,PRO Soft Focus Longwear Foundation,,16,0.572549019607843,#C38D61,True,16.0,33.0
ILIA,Super Serum Skin Tint SPF 40 Foundation,Pavones,16,0.480392156862745,#A16554,True,16.0,34.0
SEPHORA COLLECTION,10 Hour Wear Perfection Foundation,Light Linen,16,0.674509803921569,#D5A683,True,16.0,66.0
SEPHORA COLLECTION,Matte Perfection Powder Foundation,Cool Linen,16,0.725490196078431,#D3B09F,True,16.0,60.0
bareMinerals,BAREPRO Longwear Powder Foundation ,Sandstone,16,0.762745098039216,#F4C591,True,16.0,17.0
PAT McGRATH LABS,Sublime Perfection Foundation,Medium,16,0.649019607843137,#D3A878,True,16.0,37.0
bareMinerals,BarePRO™ 24 hour Longwear Liquid Foundation with Mineral SPF 20 ,Sandstone,16,0.649019607843137,#D1AE7A,True,16.0,18.0
bareMinerals,Matte Loose Powder Mineral Foundation SPF 15 ,Golden Nude,16,0.476470588235294,#A66D4D,True,16.0,38.0
SEPHORA COLLECTION,Make No Mistake Foundation & Concealer Stick,Ebony,16,0.494117647058824,#996B63,True,16.0,39.0
Laura Mercier,Smooth Finish Foundation Powder,,16,0.556862745098039,#C98153,True,16.0,40.0
Armani Beauty,Neo Nude Foundation,,16,0.341176470588235,#764E38,True,16.0,4.0
Lancôme,SKIN FEELS GOOD Skin Nourishing Foundation,,16C,0.441176470588235,#7E6963,True,16.0,44.0
SEPHORA COLLECTION,Matte Perfection Tinted Moisturizer,Velvet Sephora Quality Way-Nice Price,16,0.458823529411765,#886262,True,16.0,46.0
KEVYN AUCOIN,Foundation Balm,Deep EF,16,0.46078431372549,#967055,True,16.0,48.0
KEVYN AUCOIN,The Etherealist Foundation,Deep EF,16,0.445098039215686,#8F6454,True,16.0,52.0
bareMinerals,I AM AN ORIGINAL GET STARTED® KIT Original Loose Mineral Foundation Customizable Set,bareMinerals,16,0.476470588235294,#A66D4D,True,16.0,54.0
SEPHORA COLLECTION,Best Skin Ever Liquid Foundation,Y,16,0.723529411764706,#E7BD8A,True,16.0,69.0
Makeup Revolution,Conceal & Define Full Coverage Foundation,,F16.5,0.266666666666667,#683320,True,16.5,1.0
bareMinerals,Matte Foundation Broad Spectrum SPF 15,Tan Nude,17,0.613725490196078,#C98F70,True,17.0,23.0
bareMinerals,ORIGINAL Foundation Broad Spectrum SPF 15,Tan Nude,17,0.613725490196078,#C98F70,True,17.0,25.0
bareMinerals,BAREPRO Performance Wear Powder Foundation,Fawn,17,0.629411764705882,#C3957E,True,17.0,14.0
jane iredale,Beyond Matte Liquid Foundation,,M17,0.36078431372549,#794D3F,True,17.0,30.0
Juice Beauty,PHYTO-PIGMENTS Flawless Serum Foundation,Medium Tan,17,0.733333333333333,#E3B493,True,17.0,71.0
bareMinerals,BAREPRO Performance Wear Liquid Foundation Broad Spectrum SPF 20,Fawn,17,0.629411764705882,#C3957E,True,17.0,16.0
bareMinerals,ORIGINAL Liquid Mineral Foundation Broad Spectrum SPF 20,Tan Nude,17,0.694117647058824,#E9B179,True,17.0,32.0
LORAC,PRO Soft Focus Longwear Foundation,,17,0.517647058823529,#B68252,True,17.0,33.0
ILIA,Super Serum Skin Tint SPF 40 Foundation,Miho,17,0.386274509803922,#835142,True,17.0,34.0
bareMinerals,BAREPRO Longwear Powder Foundation ,Fawn,17,0.698039215686274,#CEA896,True,17.0,17.0
PAT McGRATH LABS,Sublime Perfection Foundation,Medium,17,0.590196078431373,#C79266,True,17.0,37.0
bareMinerals,BarePRO™ 24 hour Longwear Liquid Foundation with Mineral SPF 20 ,Fawn,17,0.713725490196078,#D2AD9A,True,17.0,18.0
bareMinerals,Matte Loose Powder Mineral Foundation SPF 15 ,Tan Nude,17,0.480392156862745,#A46E51,True,17.0,38.0
Laura Mercier,Smooth Finish Foundation Powder,,17,0.572549019607843,#C7895D,True,17.0,40.0
Armani Beauty,Neo Nude Foundation,,17,0.325490196078431,#744432,True,17.0,4.0
SEPHORA COLLECTION,Matte Perfection Full Coverage Foundation,Warm Natural,17,0.809803921568627,#F3C9AA,True,17.0,70.0
SEPHORA COLLECTION,Clean Glowing Skin Foundation,,17,0.645098039215686,#CFA07A,True,17.0,50.0
bareMinerals,I AM AN ORIGINAL GET STARTED® KIT Original Loose Mineral Foundation Customizable Set,bareMinerals,17,0.466666666666667,#9F794F,True,17.0,54.0
Makeup Revolution,Conceal & Define Full Coverage Foundation,,F17.5,0.241176470588235,#582E23,True,17.5,1.0
SEPHORA COLLECTION,10 Hour Wear Perfection Foundation,Oat,17.5,0.735294117647059,#D4B4A3,True,17.5,66.0
SEPHORA COLLECTION,Best Skin Ever Liquid Foundation,N,17.5,0.73921568627451,#E9BF90,True,17.5,69.0
Makeup Revolution,Conceal & Define Full Coverage Foundation,,F17.7,0.290196078431373,#58403C,True,17.7,1.0
KVD Vegan Beauty,True Portrait Medium Coverage Shake Foundation,Light,018,0.674509803921569,#D3AB85,True,18.0,57.0
bareMinerals,Matte Foundation Broad Spectrum SPF 15,Medium Tan,18,0.52156862745098,#B17559,True,18.0,23.0
Makeup Revolution,Fast Base Stick Foundation,,F18,0.217647058823529,#4C2E23,True,18.0,24.0
bareMinerals,ORIGINAL Foundation Broad Spectrum SPF 15,Medium Tan,18,0.52156862745098,#B17559,True,18.0,25.0
bareMinerals,BAREPRO Performance Wear Powder Foundation,Pecan,18,0.641176470588235,#DB986C,True,18.0,14.0
Clinique,Beyond Perfecting Powder Foundation + Concealer,Sand,18,0.613725490196078,#C89B71,,18.0,
Makeup Revolution,Conceal & Define Full Coverage Foundation,,F18,0.394117647058824,#914338,True,18.0,1.0
Makeup Revolution,Conceal & Glow Foundation,,F18,0.256862745098039,#533730,True,18.0,28.0
Pacifica,Alight Clean Foundation,Warm Tan,18WT,0.566666666666667,#D28F4F,False,18.0,29.0
jane iredale,Beyond Matte Liquid Foundation,,M18,0.33921568627451,#73453A,True,18.0,30.0
Clinique,Stay Matte Oil-Free Makeup,Cream Whip,CN 18,0.754901960784314,#E8BD99,,18.0,
Clinique,Beyond Perfecting Foundation + Concealer,Cream Whip,CN 18,0.754901960784314,#E8BD99,,18.0,
bareMinerals,BAREPRO Performance Wear Liquid Foundation Broad Spectrum SPF 20,Pecan,18,0.641176470588235,#DB986C,True,18.0,16.0
bareMinerals,ORIGINAL Liquid Mineral Foundation Broad Spectrum SPF 20,Medium Tan,18,0.684313725490196,#E0AE7D,True,18.0,32.0
LORAC,PRO Soft Focus Longwear Foundation,,18,0.566666666666667,#C5895C,True,18.0,33.0
ILIA,Super Serum Skin Tint SPF 40 Foundation,Roque,18,0.349019607843137,#6E5044,True,18.0,34.0
SEPHORA COLLECTION,10 Hour Wear Perfection Foundation,Light Cream,18,0.670588235294118,#CBA88B,True,18.0,66.0
SEPHORA COLLECTION,Matte Perfection Powder Foundation,Golden Linen,18,0.731372549019608,#D3B4A2,True,18.0,60.0
bareMinerals,BAREPRO Longwear Powder Foundation ,Pecan,18,0.625490196078431,#DCA363,True,18.0,17.0
PAT McGRATH LABS,Sublime Perfection Foundation,Medium,18,0.566666666666667,#B78D6A,True,18.0,37.0
bareMinerals,BarePRO™ 24 hour Longwear Liquid Foundation with Mineral SPF 20 ,Pecan,18,0.650980392156863,#D9A873,True,18.0,18.0
bareMinerals,Matte Loose Powder Mineral Foundation SPF 15 ,Medium Tan,18,0.613725490196078,#CEA56B,True,18.0,38.0
Laura Mercier,Smooth Finish Foundation Powder,,18,0.474509803921569,#A96F49,True,18.0,40.0
bareMinerals,I AM AN ORIGINAL GET STARTED® KIT Original Loose Mineral Foundation Customizable Set,bareMinerals,18,0.613725490196078,#CEA56B,True,18.0,54.0
SEPHORA COLLECTION,10 Hour Wear Perfection Foundation,Dune,18.5,0.715686274509804,#D8B495,True,18.5,66.0
SEPHORA COLLECTION,Best Skin Ever Liquid Foundation,Y,18.5,0.686274509803922,#E1B37D,True,18.5,69.0
bareMinerals,Matte Foundation Broad Spectrum SPF 15,Tan,19,0.52156862745098,#B0765A,True,19.0,23.0
bareMinerals,ORIGINAL Foundation Broad Spectrum SPF 15,Tan,19,0.52156862745098,#B0765A,True,19.0,25.0
bareMinerals,BAREPRO Performance Wear Powder Foundation,Toffee,19,0.613725490196078,#D79562,True,19.0,14.0
bareMinerals,ORIGINAL Liquid Mineral Foundation Broad Spectrum SPF 20,Tan,19,0.633333333333333,#D6986D,True,19.0,32.0
LORAC,PRO Soft Focus Longwear Foundation,,19,0.523529411764706,#C88343,True,19.0,33.0
bareMinerals,BAREPRO Longwear Powder Foundation ,Toffee,19,0.596078431372549,#D29F5E,True,19.0,17.0
PAT McGRATH LABS,Sublime Perfection Foundation,Medium,19,0.56078431372549,#C68658,True,19.0,37.0
bareMinerals,BarePRO™ 24 hour Longwear Liquid Foundation with Mineral SPF 20 ,Toffee,19,0.645098039215686,#D2A877,True,19.0,18.0
bareMinerals,Matte Loose Powder Mineral Foundation SPF 15 ,Tan,19,0.609803921568628,#CD956A,True,19.0,38.0
Laura Mercier,Smooth Finish Foundation Powder,,19,0.447058823529412,#A06A44,True,19.0,40.0
SEPHORA COLLECTION,Matte Perfection Full Coverage Foundation,Warm Linen,19,0.803921568627451,#EFC6AB,True,19.0,70.0
SEPHORA COLLECTION,Clean Glowing Skin Foundation,,19,0.641176470588235,#CA9B7D,True,19.0,50.0
bareMinerals,I AM AN ORIGINAL GET STARTED® KIT Original Loose Mineral Foundation Customizable Set,bareMinerals,19,0.609803921568628,#CD956A,True,19.0,54.0
SEPHORA COLLECTION,10 Hour Wear Perfection Foundation,Pink Cream,19.5,0.731372549019608,#D3AEA2,True,19.5,66.0
SEPHORA COLLECTION,Best Skin Ever Liquid Foundation,P,19.5,0.725490196078431,#D7B69B,True,19.5,69.0
It Cosmetics,Your Skin But Better Foundation + Skincare,Light Cool,20,0.807843137254902,#F4CBA8,True,20.0,75.0
Urban Decay Cosmetics,Hydromaniac Glowy Tinted Hydrator Foundation,,20,0.723529411764706,#DDB894,True,20.0,76.0
Catrice,True Skin Hydrating Foundation,Warm Beige,020,0.598039215686274,#C88D69,True,20.0,58.0
bareMinerals,Matte Foundation Broad Spectrum SPF 15,Golden Tan,20,0.537254901960784,#BA8058,True,20.0,23.0
bareMinerals,ORIGINAL Foundation Broad Spectrum SPF 15,Golden Tan,20,0.537254901960784,#BA8058,True,20.0,25.0
bareMinerals,BAREPRO Performance Wear Powder Foundation,Oak,20,0.609803921568628,#C88E6F,True,20.0,14.0
Pacifica,Alight Clean Foundation,Cool Medium,20CM,0.633333333333333,#D4A26F,False,20.0,29.0
Clinique,Superbalanced Makeup,Fair,20,0.968627450980392,#F9F7F5,,20.0,
Clinique,Stay Matte Oil-Free Makeup,Fair,CN 20,0.782352941176471,#F1BF9E,,20.0,
Clinique,Beyond Perfecting Foundation + Concealer,Fair,CN 20,0.782352941176471,#F1BF9E,,20.0,
Juice Beauty,PHYTO-PIGMENTS Flawless Serum Foundation,Golden Tan,20,0.707843137254902,#E1AC88,True,20.0,71.0
bareMinerals,BAREPRO Performance Wear Liquid Foundation Broad Spectrum SPF 20,Oak,20,0.609803921568628,#C88E6F,True,20.0,16.0
Clinique,Even Better Glow Light Reflecting Makeup Broad Spectrum SPF 15,Fair,CN 20,0.703921568627451,#E5AE82,,20.0,
florence by mills,Like a Light Skin Tint,,F020,0.749019607843137,#F4B68A,True,20.0,77.0
bareMinerals,ORIGINAL Liquid Mineral Foundation Broad Spectrum SPF 20,Golden Tan,20,0.674509803921569,#DEA97A,True,20.0,32.0
LORAC,PRO Soft Focus Longwear Foundation,,20,0.452941176470588,#AD723A,True,20.0,33.0
ColourPop,Pretty Fresh Foundation,Fair,20N,0.87843137254902,#F0DCD0,True,20.0,65.0
ZOEVA,Authentik Skin Natural Luminous Foundation,Amazing,020C,0.82156862745098,#EACFB9,True,20.0,78.0
Catrice,HD Liquid Coverage Foundation,Rose Beige,020,0.807843137254902,#EACCB2,True,20.0,59.0
SEPHORA COLLECTION,10 Hour Wear Perfection Foundation,Light Cream,20,0.611764705882353,#CA9D6E,True,20.0,66.0
SEPHORA COLLECTION,Matte Perfection Powder Foundation,Neutral Beige,20,0.690196078431373,#CCA794,True,20.0,60.0
bareMinerals,BAREPRO Longwear Powder Foundation ,Oak,20,0.67843137254902,#D2A288,True,20.0,17.0
PAT McGRATH LABS,Sublime Perfection Foundation,Medium,20,0.556862745098039,#C2835A,True,20.0,37.0
bareMinerals,BarePRO™ 24 hour Longwear Liquid Foundation with Mineral SPF 20 ,Oak,20,0.694117647058824,#D5A78D,True,20.0,18.0
bareMinerals,Matte Loose Powder Mineral Foundation SPF 15 ,Golden Tan,20,0.664705882352941,#D1A082,True,20.0,38.0
Laura Mercier,Smooth Finish Foundation Powder,,20,0.43921568627451,#9B6345,True,20.0,40.0
Natasha Denona,Transformatte Pore Vanishing Matte Foundation,,20Y,0.888235294117647,#F9E6CC,True,20.0,67.0
Dior,Diorskin Forever Undercover Foundation,Light Beige,020,0.841176470588235,#FDCEB0,True,20.0,73.0
Dior,Dreamskin Fresh & Perfect Cushion Broad Spectrum SPF 50,Light Beige,020,0.725490196078431,#EFAF83,True,20.0,80.0
Dior,Diorskin Forever Perfect Matte Powder Foundation,Light Beige,020,0.833333333333333,#F6C9B3,True,20.0,81.0
Bite Beauty,Changemaker Supercharged Micellar Foundation,,L20,0.792156862745098,#EBC3A9,True,20.0,82.0
Erborian,BB Cream Tinted Moisturizer Broad Spectrum SPF20,Erborian BB Cream Tinted Moisturizer Broad Spectrum,SPF20,0.970588235294118,#F9F7F6,,20.0,
SEPHORA COLLECTION,Matte Perfection Full Coverage Foundation,Cream,20,0.794117647058823,#EBC6AA,True,20.0,70.0
Dior,Dreamskin Fresh & Perfect Cushion Broad Spectrum SPF 50 Refill,Light Beige,020,0.807843137254902,#F8C5A4,True,20.0,83.0
Natasha Denona,Foundation X+,YLight,20,0.9,#FFE1CC,True,20.0,68.0
bareMinerals,I AM AN ORIGINAL GET STARTED® KIT Original Loose Mineral Foundation Customizable Set,bareMinerals,20,0.664705882352941,#D1A082,True,20.0,54.0
Natasha Denona,Face Glow Foundation,LY,20,0.788235294117647,#E7D4AB,True,20.0,84.0
SEPHORA COLLECTION,Best Skin Ever Liquid Foundation,N,20,0.703921568627451,#E3B384,True,20.0,69.0
bareMinerals,bareSkin® Pure Brightening Serum Foundation Broad Spectrum SPF 20,Bare Mocha,20,0.513725490196078,#AF7357,,20.0,
It Cosmetics,Your Skin But Better Foundation + Skincare,Light Neutral,20.5,0.790196078431373,#EAC1A9,True,20.5,75.0
It Cosmetics,Your Skin But Better Foundation + Skincare,Light Warm,21,0.780392156862745,#EDC6A1,True,21.0,75.0
KVD Vegan Beauty,True Portrait Medium Coverage Shake Foundation,Light,021,0.668627450980392,#D8A87D,True,21.0,57.0
bareMinerals,Matte Foundation Broad Spectrum SPF 15,Neutral Tan,21,0.572549019607843,#C5895F,True,21.0,23.0
bareMinerals,ORIGINAL Foundation Broad Spectrum SPF 15,Neutral Tan,21,0.572549019607843,#C5895F,True,21.0,25.0
bareMinerals,BAREPRO Performance Wear Powder Foundation,Sable,21,0.564705882352941,#C4885C,True,21.0,14.0
bareMinerals,BAREPRO Performance Wear Liquid Foundation Broad Spectrum SPF 20,Sable,21,0.564705882352941,#C4885C,True,21.0,16.0
bareMinerals,ORIGINAL Liquid Mineral Foundation Broad Spectrum SPF 20,Neutral Tan,21,0.656862745098039,#DCA773,True,21.0,32.0
LORAC,PRO Soft Focus Longwear Foundation,,21,0.443137254901961,#976D4B,True,21.0,33.0
SEPHORA COLLECTION,10 Hour Wear Perfection Foundation,Petal,21,0.711764705882353,#D2AC99,True,21.0,66.0
bareMinerals,BAREPRO Longwear Powder Foundation ,Sable,21,0.570588235294118,#CF9454,True,21.0,17.0
PAT McGRATH LABS,Sublime Perfection Foundation,Medium,21,0.47843137254902,#A7764D,True,21.0,37.0
bareMinerals,BarePRO™ 24 hour Longwear Liquid Foundation with Mineral SPF 20 ,Sable,21,0.62156862745098,#CDA070,True,21.0,18.0
bareMinerals,Matte Loose Powder Mineral Foundation SPF 15 ,Neutral Tan,21,0.441176470588235,#A3623E,True,21.0,38.0
Dior,Diorskin Forever Undercover Foundation,Linen,021,0.82156862745098,#FECCA5,True,21.0,73.0
La Mer,The Luminous Lifting Cushion Foundation SPF 20 + Refill,Petal,21,0.729411764705882,#DEB196,True,21.0,47.0
SEPHORA COLLECTION,Clean Glowing Skin Foundation,,21,0.627450980392157,#C79E79,True,21.0,50.0
bareMinerals,I AM AN ORIGINAL GET STARTED® KIT Original Loose Mineral Foundation Customizable Set,bareMinerals,21,0.441176470588235,#A3623E,True,21.0,54.0
SEPHORA COLLECTION,Best Skin Ever Liquid Foundation,P,21,0.690196078431373,#E0A780,True,21.0,69.0
It Cosmetics,Your Skin But Better Foundation + Skincare,Light Neutral,21.5,0.719607843137255,#E0B78F,True,21.5,75.0
SEPHORA COLLECTION,10 Hour Wear Perfection Foundation,Vanilla,21.5,0.709803921568627,#D5B095,True,21.5,66.0
SEPHORA COLLECTION,Best Skin Ever Liquid Foundation,Y,21.5,0.688235294117647,#DDB382,True,21.5,69.0
It Cosmetics,Your Skin But Better Foundation + Skincare,Light Neutral,22,0.719607843137255,#DEB391,True,22.0,75.0
bareMinerals,Matte Foundation Broad Spectrum SPF 15,Warm Tan,22,0.549019607843137,#C17F57,True,22.0,23.0
bareMinerals,ORIGINAL Foundation Broad Spectrum SPF 15,Warm Tan,22,0.549019607843137,#C17F57,True,22.0,25.0
Tarte,Travel Size Babassu Foundcealer Skincare Foundation Broad Spectrum SPF 20,Light Neutral,22N,0.798039215686275,#EBC8AC,True,22.0,86.0
Tarte,Travel Size Face Tape Foundation,Light Neutral,22N,0.776470588235294,#EABFA2,True,22.0,85.0
bareMinerals,BAREPRO Performance Wear Powder Foundation,Almond,22,0.590196078431373,#BE8A6F,True,22.0,14.0
Clinique,Beyond Perfecting Foundation + Concealer,Ecru,WN 22,0.698039215686274,#E6AD7E,,22.0,
bareMinerals,BAREPRO Performance Wear Liquid Foundation Broad Spectrum SPF 20,Almond,22,0.590196078431373,#BE8A6F,True,22.0,16.0
Clinique,Even Better Glow Light Reflecting Makeup Broad Spectrum SPF 15,Ecru,WN 22,0.696078431372549,#EDAB76,,22.0,
bareMinerals,ORIGINAL Liquid Mineral Foundation Broad Spectrum SPF 20,Warm Tan,22,0.564705882352941,#C4875C,True,22.0,32.0
LORAC,PRO Soft Focus Longwear Foundation,,22,0.452941176470588,#AD643A,True,22.0,33.0
SEPHORA COLLECTION,10 Hour Wear Perfection Foundation,Light Natural,22,0.664705882352941,#D2A681,True,22.0,66.0
SEPHORA COLLECTION,Matte Perfection Powder Foundation,Cool Beige,22,0.723529411764706,#D5AE9C,True,22.0,60.0
bareMinerals,BAREPRO Longwear Powder Foundation ,Almond,22,0.656862745098039,#C89D87,True,22.0,17.0
PAT McGRATH LABS,Sublime Perfection Foundation,Medium Deep,22,0.474509803921569,#A66C4C,True,22.0,37.0
bareMinerals,BarePRO™ 24 hour Longwear Liquid Foundation with Mineral SPF 20 ,Almond,22,0.67843137254902,#CDA48D,True,22.0,18.0
bareMinerals,Matte Loose Powder Mineral Foundation SPF 15 ,Warm Tan,22,0.619607843137255,#D69266,True,22.0,38.0
Natasha Denona,Transformatte Pore Vanishing Matte Foundation,,22W,0.892156862745098,#F8E3CF,True,22.0,67.0
Dior,Diorskin Forever Undercover Foundation,Cameo,022,0.827450980392157,#FDC1A9,True,22.0,73.0
Dior,Diorskin Forever Perfect Matte Powder Foundation,Cameo,022,0.82156862745098,#F1C1B2,True,22.0,81.0
SEPHORA COLLECTION,Matte Perfection Full Coverage Foundation,Natural,22,0.809803921568627,#ECC4B1,True,22.0,70.0
Natasha Denona,Foundation X+,RLight,22,0.87843137254902,#F6D8CA,True,22.0,68.0
bareMinerals,I AM AN ORIGINAL GET STARTED® KIT Original Loose Mineral Foundation Customizable Set,bareMinerals,22,0.619607843137255,#D69266,True,22.0,54.0
SEPHORA COLLECTION,Best Skin Ever Liquid Foundation,P,22,0.690196078431373,#E0B080,True,22.0,69.0
It Cosmetics,Your Skin But Better Foundation + Skincare,Light Warm,22.5,0.811764705882353,#F3CFAB,True,22.5,75.0
SEPHORA COLLECTION,10 Hour Wear Perfection Foundation,Pink Natural,22.5,0.715686274509804,#D8AF95,True,22.5,66.0
SEPHORA COLLECTION,Best Skin Ever Liquid Foundation,N,22.5,0.701960784313725,#E1B085,True,22.5,69.0
It Cosmetics,Your Skin But Better Foundation + Skincare,Light Warm,23,0.758823529411765,#ECC097,True,23.0,75.0
bareMinerals,Matte Foundation Broad Spectrum SPF 15,Medium Dark,23,0.382352941176471,#9B5628,True,23.0,23.0
bareMinerals,ORIGINAL Foundation Broad Spectrum SPF 15,Medium Dark,23,0.382352941176471,#9B5628,True,23.0,25.0
bareMinerals,BAREPRO Performance Wear Powder Foundation,Walnut,23,0.449019607843137,#AA673B,True,23.0,14.0
Pacifica,Alight Clean Foundation,Neutral Medium,23NM,0.645098039215686,#DFA46A,False,23.0,29.0
Juice Beauty,PHYTO-PIGMENTS Flawless Serum Foundation,Medium Tawny,23,0.523529411764706,#AA7B61,True,23.0,71.0
bareMinerals,BAREPRO Performance Wear Liquid Foundation Broad Spectrum SPF 20,Walnut,23,0.449019607843137,#AA673B,True,23.0,16.0
bareMinerals,ORIGINAL Liquid Mineral Foundation Broad Spectrum SPF 20,Medium Dark,23,0.513725490196078,#B67A50,True,23.0,32.0
LORAC,PRO Soft Focus Longwear Foundation,,23,0.388235294117647,#825E44,True,23.0,33.0
SEPHORA COLLECTION,10 Hour Wear Perfection Foundation,Light Natural Beige,23,0.66078431372549,#D9A778,True,23.0,66.0
bareMinerals,BAREPRO Longwear Powder Foundation ,Walnut,23,0.533333333333333,#B78059,True,23.0,17.0
PAT McGRATH LABS,Sublime Perfection Foundation,Medium Deep,23,0.498039215686275,#AF7A4F,True,23.0,37.0
bareMinerals,BarePRO™ 24 hour Longwear Liquid Foundation with Mineral SPF 20 ,Walnut,23,0.598039215686274,#C2916F,True,23.0,18.0
bareMinerals,Matte Loose Powder Mineral Foundation SPF 15 ,Medium Dark,23,0.482352941176471,#A76D4F,True,23.0,38.0
Natasha Denona,Transformatte Pore Vanishing Matte Foundation,Natasha Denona Transformatte Pore Vanishing Matte Foundation,23R,0.911764705882353,#F7E6DA,True,23.0,67.0
Dior,Diorskin Forever Undercover Foundation,Peach,023,0.811764705882353,#FEC6A0,True,23.0,73.0
La Mer,The Luminous Lifting Cushion Foundation SPF 20 + Refill,Warm Vanilla,23,0.772549019607843,#DFC0AB,True,23.0,47.0
SEPHORA COLLECTION,Clean Glowing Skin Foundation,,23,0.629411764705882,#C99978,True,23.0,50.0
Natasha Denona,Foundation X+,,23R,0.796078431372549,#E3C5B3,True,23.0,68.0
bareMinerals,I AM AN ORIGINAL GET STARTED® KIT Original Loose Mineral Foundation Customizable Set,bareMinerals,23,0.482352941176471,#A76D4F,True,23.0,54.0
SEPHORA COLLECTION,Best Skin Ever Liquid Foundation,Y,23,0.707843137254902,#E9B280,True,23.0,69.0
SEPHORA COLLECTION,10 Hour Wear Perfection Foundation,Intense Petal,23.5,0.705882352941177,#D4A494,True,23.5,66.0
SEPHORA COLLECTION,Best Skin Ever Liquid Foundation,P,23.5,0.686274509803922,#DEA380,True,23.5,69.0
KVD Vegan Beauty,True Portrait Medium Coverage Shake Foundation,Light,024,0.698039215686274,#DEB186,True,24.0,57.0
bareMinerals,Matte Foundation Broad Spectrum SPF 15,Neutral Dark,24,0.388235294117647,#9C5E2A,True,24.0,23.0
bareMinerals,ORIGINAL Foundation Broad Spectrum SPF 15,Neutral Dark,24,0.388235294117647,#9C5E2A,True,24.0,25.0
bareMinerals,BAREPRO Performance Wear Powder Foundation,Latte,24,0.447058823529412,#B26C32,True,24.0,14.0
Clinique,Beyond Perfecting Powder Foundation + Concealer,Golden,24,0.472549019607843,#B3743E,,24.0,
Clinique,Beyond Perfecting Foundation + Concealer,Cork,WN 24,0.682352941176471,#DBAC81,,24.0,
bareMinerals,BAREPRO Performance Wear Liquid Foundation Broad Spectrum SPF 20,Latte,24,0.447058823529412,#B26C32,True,24.0,16.0
bareMinerals,ORIGINAL Liquid Mineral Foundation Broad Spectrum SPF 20,Neutral Dark,24,0.513725490196078,#B77B4F,True,24.0,32.0
LORAC,PRO Soft Focus Longwear Foundation,,24,0.313725490196078,#7A4526,True,24.0,33.0
SEPHORA COLLECTION,10 Hour Wear Perfection Foundation,Medium Honey,24,0.62156862745098,#C69F77,True,24.0,66.0
SEPHORA COLLECTION,Matte Perfection Powder Foundation,Warm Beige,24,0.717647058823529,#D3B29B,True,24.0,60.0
bareMinerals,BAREPRO Longwear Powder Foundation ,Latte,24,0.558823529411765,#C28A5B,True,24.0,17.0
PAT McGRATH LABS,Sublime Perfection Foundation,Medium Deep,24,0.466666666666667,#AD6941,True,24.0,37.0
bareMinerals,BarePRO™ 24 hour Longwear Liquid Foundation with Mineral SPF 20 ,Latte,24,0.586274509803922,#C79064,True,24.0,18.0
bareMinerals,Matte Loose Powder Mineral Foundation SPF 15 ,Neutral Dark,24,0.43921568627451,#986448,True,24.0,38.0
Natasha Denona,Transformatte Pore Vanishing Matte Foundation,,24W,0.888235294117647,#FAE2CB,True,24.0,67.0
SEPHORA COLLECTION,Matte Perfection Full Coverage Foundation,Honey,24,0.790196078431373,#E9C1AA,True,24.0,70.0
Natasha Denona,Foundation X+,,24W,0.864705882352941,#F6D9C3,True,24.0,68.0
bareMinerals,I AM AN ORIGINAL GET STARTED® KIT Original Loose Mineral Foundation Customizable Set,bareMinerals,24,0.43921568627451,#986448,True,24.0,54.0
SEPHORA COLLECTION,Best Skin Ever Liquid Foundation,N,24,0.713725490196078,#E8B184,True,24.0,69.0
bareMinerals,BAREPRO Performance Wear Powder Foundation,Maple,24.5,0.443137254901961,#AA6638,True,24.5,14.0
bareMinerals,BAREPRO Performance Wear Liquid Foundation Broad Spectrum SPF 20,Maple,24.5,0.443137254901961,#AA6638,True,24.5,16.0
bareMinerals,BAREPRO Longwear Powder Foundation ,Maple,24.5,0.527450980392157,#B77F56,True,24.5,17.0
bareMinerals,BarePRO™ 24 hour Longwear Liquid Foundation with Mineral SPF 20 ,Maple,24.5,0.592156862745098,#C2906C,True,24.5,18.0
bareMinerals,Matte Foundation Broad Spectrum SPF 15,Golden Dark,25,0.452941176470588,#A36744,True,25.0,23.0
bareMinerals,ORIGINAL Foundation Broad Spectrum SPF 15,Golden Dark,25,0.452941176470588,#A36744,True,25.0,25.0
bareMinerals,BAREPRO Performance Wear Powder Foundation,Cinnamon,25,0.435294117647059,#B56729,True,25.0,14.0
Pacifica,Alight Clean Foundation,Warm Medium,25WM,0.682352941176471,#E6AF76,False,25.0,29.0
bareMinerals,BAREPRO Performance Wear Liquid Foundation Broad Spectrum SPF 20,Cinnamon,25,0.435294117647059,#B56729,True,25.0,16.0
bareMinerals,ORIGINAL Liquid Mineral Foundation Broad Spectrum SPF 20,Golden Dark,25,0.42156862745098,#9A613D,True,25.0,32.0
LORAC,PRO Soft Focus Longwear Foundation,,25,0.298039215686275,#704D28,True,25.0,33.0
ColourPop,Pretty Fresh Foundation,Fair,25W,0.815686274509804,#E6CFBA,True,25.0,65.0
Catrice,HD Liquid Coverage Foundation,Warm Oat,025,0.713725490196078,#DAB692,True,25.0,59.0
SEPHORA COLLECTION,10 Hour Wear Perfection Foundation,Medium Beige,25,0.607843137254902,#C79C6F,True,25.0,66.0
bareMinerals,BAREPRO Longwear Powder Foundation ,Cinnamon,25,0.547058823529412,#C38654,True,25.0,17.0
PAT McGRATH LABS,Sublime Perfection Foundation,Medium Deep,25,0.433333333333333,#A56038,True,25.0,37.0
bareMinerals,BarePRO™ 24 hour Longwear Liquid Foundation with Mineral SPF 20 ,Cinnamon,25,0.574509803921569,#C88D5D,True,25.0,18.0
bareMinerals,Matte Loose Powder Mineral Foundation SPF 15 ,Golden Dark,25,0.445098039215686,#9F5F44,True,25.0,38.0
SEPHORA COLLECTION,MicroSmooth Baked Powder Foundation,Beige Sephora Quality Way-Nice Price,25,0.684313725490196,#D9AC84,True,25.0,72.0
Natasha Denona,Transformatte Pore Vanishing Matte Foundation,,25NY,0.874509803921569,#F8DFC6,True,25.0,67.0
Lancôme,SKIN FEELS GOOD Skin Nourishing Foundation,,025W,0.696078431372549,#D4A58F,True,25.0,44.0
Dior,Diorskin Forever Undercover Foundation,Soft Beige,025,0.815686274509804,#FEC6A2,True,25.0,73.0
Dior,Dreamskin Fresh & Perfect Cushion Broad Spectrum SPF 50,Apricot Beige,025,0.676470588235294,#E49E75,True,25.0,80.0
Dior,Diorskin Forever Perfect Matte Powder Foundation,Soft Beige,025,0.77843137254902,#E6B7A7,True,25.0,81.0
Bite Beauty,Changemaker Supercharged Micellar Foundation,,L25,0.77843137254902,#E3C1AA,True,25.0,82.0
SEPHORA COLLECTION,Matte Perfection Full Coverage Foundation,Beige,25,0.792156862745098,#E5C3AF,True,25.0,70.0
SEPHORA COLLECTION,Clean Glowing Skin Foundation,,25,0.617647058823529,#C29179,True,25.0,50.0
Dior,Dreamskin Fresh & Perfect Cushion Broad Spectrum SPF 50 Refill,Apricot Beige,025,0.735294117647059,#EAB38D,True,25.0,83.0
Natasha Denona,Foundation X+,WLight,25,0.805882352941176,#E9C8B2,True,25.0,68.0
bareMinerals,I AM AN ORIGINAL GET STARTED® KIT Original Loose Mineral Foundation Customizable Set,bareMinerals,25,0.445098039215686,#9F5F44,True,25.0,54.0
SEPHORA COLLECTION,Best Skin Ever Liquid Foundation,N,25,0.688235294117647,#DFAB80,True,25.0,69.0
SEPHORA COLLECTION,10 Hour Wear Perfection Foundation,Warm Beige,25.5,0.67843137254902,#CFA88B,True,25.5,66.0
SEPHORA COLLECTION,Best Skin Ever Liquid Foundation,Y,25.5,0.647058823529412,#DA9E70,True,25.5,69.0
bareMinerals,Matte Foundation Broad Spectrum SPF 15,Warm Dark,26,0.466666666666667,#A86D46,True,26.0,23.0
bareMinerals,ORIGINAL Foundation Broad Spectrum SPF 15,Warm Dark,26,0.466666666666667,#A86D46,True,26.0,25.0
bareMinerals,BAREPRO Performance Wear Powder Foundation,Chai,26,0.425490196078431,#9E613B,True,26.0,14.0
Clinique,Beyond Perfecting Powder Foundation + Concealer,Amber,26,0.382352941176471,#995D2A,,26.0,
Pacifica,Alight Clean Foundation,Neutral Medium,26NM,0.658823529411765,#E0AE70,False,26.0,29.0
Juice Beauty,PHYTO-PIGMENTS Flawless Serum Foundation,Tawny,26,0.474509803921569,#9D6E55,True,26.0,71.0
bareMinerals,BAREPRO Performance Wear Liquid Foundation Broad Spectrum SPF 20,Chai,26,0.425490196078431,#9E613B,True,26.0,16.0
bareMinerals,ORIGINAL Liquid Mineral Foundation Broad Spectrum SPF 20,Warm Dark,26,0.445098039215686,#A36A40,True,26.0,32.0
SEPHORA COLLECTION,10 Hour Wear Perfection Foundation,Medium Peach,26,0.63921568627451,#D4A172,True,26.0,66.0
SEPHORA COLLECTION,Matte Perfection Powder Foundation,Neutral Sand,26,0.684313725490196,#CEA98F,True,26.0,60.0
bareMinerals,BAREPRO Longwear Powder Foundation ,Chai,26,0.452941176470588,#A77040,True,26.0,17.0
PAT McGRATH LABS,Sublime Perfection Foundation,Medium Deep,26,0.435294117647059,#A66438,True,26.0,37.0
bareMinerals,BarePRO™ 24 hour Longwear Liquid Foundation with Mineral SPF 20 ,Chai,26,0.431372549019608,#B1712B,True,26.0,18.0
bareMinerals,Matte Loose Powder Mineral Foundation SPF 15 ,Warm Dark,26,0.509803921568627,#A57C5F,True,26.0,38.0
Natasha Denona,Transformatte Pore Vanishing Matte Foundation,,26Y,0.876470588235294,#F7E4C8,True,26.0,67.0
SEPHORA COLLECTION,Matte Perfection Full Coverage Foundation,Peach,26,0.735294117647059,#E1AF96,True,26.0,70.0
Natasha Denona,Foundation X+,,26Y,0.807843137254902,#EAD1B2,True,26.0,68.0
bareMinerals,I AM AN ORIGINAL GET STARTED® KIT Original Loose Mineral Foundation Customizable Set,bareMinerals,26,0.509803921568627,#A57C5F,True,26.0,54.0
SEPHORA COLLECTION,Best Skin Ever Liquid Foundation,N,26,0.686274509803922,#D9AC85,True,26.0,69.0
SEPHORA COLLECTION,10 Hour Wear Perfection Foundation,Intense Peach,26.5,0.694117647058824,#D8A68A,True,26.5,66.0
SEPHORA COLLECTION,Best Skin Ever Liquid Foundation,Y,26.5,0.670588235294118,#DEA678,True,26.5,69.0
KVD Vegan Beauty,True Portrait Medium Coverage Shake Foundation,Medium,027,0.666666666666667,#D6AE7E,True,27.0,57.0
bareMinerals,Matte Foundation Broad Spectrum SPF 15,Warm Deep,27,0.374509803921569,#8E5431,True,27.0,23.0
bareMinerals,ORIGINAL Foundation Broad Spectrum SPF 15,Warm Deep,27,0.374509803921569,#8E5431,True,27.0,25.0
Tarte,Travel Size Babassu Foundcealer Skincare Foundation Broad Spectrum SPF 20,Light-Medium Neutral,27N,0.707843137254902,#D8B091,True,27.0,86.0
bareMinerals,BAREPRO Performance Wear Powder Foundation,Espresso,27,0.374509803921569,#8C5833,True,27.0,14.0
Pacifica,Alight Clean Foundation,Warm Medium,27WM,0.731372549019608,#EDB688,False,27.0,29.0
bareMinerals,BAREPRO Performance Wear Liquid Foundation Broad Spectrum SPF 20,Espresso,27,0.374509803921569,#8C5833,True,27.0,16.0
bareMinerals,ORIGINAL Liquid Mineral Foundation Broad Spectrum SPF 20,Warm Deep,27,0.466666666666667,#AD6D41,True,27.0,32.0
SEPHORA COLLECTION,10 Hour Wear Perfection Foundation,Medium Peach Beige,27,0.619607843137255,#C69576,True,27.0,66.0
bareMinerals,BAREPRO Longwear Powder Foundation ,Espresso,27,0.482352941176471,#A17555,True,27.0,17.0
PAT McGRATH LABS,Sublime Perfection Foundation,Medium Deep,27,0.411764705882353,#94623E,True,27.0,37.0
bareMinerals,BarePRO™ 24 hour Longwear Liquid Foundation with Mineral SPF 20 ,Espresso,27,0.503921568627451,#A57B5C,True,27.0,18.0
bareMinerals,Matte Loose Powder Mineral Foundation SPF 15 ,Warm Deep,27,0.443137254901961,#98644A,True,27.0,38.0
Natasha Denona,Transformatte Pore Vanishing Matte Foundation,,27WY,0.886274509803922,#FDDFC7,True,27.0,67.0
SEPHORA COLLECTION,Clean Glowing Skin Foundation,,27,0.549019607843137,#B48464,True,27.0,50.0
Natasha Denona,Foundation X+,,27Wy,0.801960784313726,#EFCEAA,True,27.0,68.0
bareMinerals,I AM AN ORIGINAL GET STARTED® KIT Original Loose Mineral Foundation Customizable Set,bareMinerals,27,0.443137254901961,#98644A,True,27.0,54.0
SEPHORA COLLECTION,Best Skin Ever Liquid Foundation,P,27,0.668627450980392,#D7A77E,True,27.0,69.0
bareMinerals,Matte Foundation Broad Spectrum SPF 15,Golden Deep,28,0.409803921568627,#975E3A,True,28.0,23.0
bareMinerals,ORIGINAL Foundation Broad Spectrum SPF 15,Golden Deep,28,0.409803921568627,#975E3A,True,28.0,25.0
Clinique,Superbalanced Makeup,Ivory,28,0.976470588235294,#F9F9F9,,28.0,
Clinique,Stay Matte Oil-Free Makeup,Ivory,CN 28,0.76078431372549,#E5BD9F,,28.0,
Clinique,Beyond Perfecting Foundation + Concealer,Ivory,CN 28,0.76078431372549,#E5BD9F,,28.0,
Clinique,Even Better Glow Light Reflecting Makeup Broad Spectrum SPF 15,Ivory,CN 28,0.774509803921569,#EEC09D,,28.0,
bareMinerals,ORIGINAL Liquid Mineral Foundation Broad Spectrum SPF 20,Golden Deep,28,0.46078431372549,#A96D42,True,28.0,32.0
SEPHORA COLLECTION,Matte Perfection Powder Foundation,Cool Sand,28,0.682352941176471,#CCA690,True,28.0,60.0
PAT McGRATH LABS,Sublime Perfection Foundation,Medium Deep,28,0.423529411764706,#9A5F3E,True,28.0,37.0
bareMinerals,Matte Loose Powder Mineral Foundation SPF 15 ,Golden Deep,28,0.482352941176471,#A57F51,True,28.0,38.0
bareMinerals,I AM AN ORIGINAL GET STARTED® KIT Original Loose Mineral Foundation Customizable Set,bareMinerals,28,0.482352941176471,#A57F51,True,28.0,54.0
SEPHORA COLLECTION,10 Hour Wear Perfection Foundation,Natural Camel,28.5,0.692156862745098,#D4A98D,True,28.5,66.0
SEPHORA COLLECTION,Best Skin Ever Liquid Foundation,N,28.5,0.684313725490196,#DAAC83,True,28.5,69.0
bareMinerals,Matte Foundation Broad Spectrum SPF 15,Neutral Deep,29,0.366666666666667,#835638,True,29.0,23.0
bareMinerals,ORIGINAL Foundation Broad Spectrum SPF 15,Neutral Deep,29,0.366666666666667,#835638,True,29.0,25.0
Tarte,Travel Size Face Tape Foundation,Light Medium Neutral,29N,0.703921568627451,#DEA889,True,29.0,85.0
bareMinerals,BAREPRO Performance Wear Powder Foundation,Truffle,29,0.368627450980392,#855637,True,29.0,14.0
Pacifica,Alight Clean Foundation,Cool Medium,29CM,0.749019607843137,#EDB491,False,29.0,29.0
Juice Beauty,PHYTO-PIGMENTS Flawless Serum Foundation,Deep,29,0.396078431372549,#90563A,True,29.0,71.0
bareMinerals,BAREPRO Performance Wear Liquid Foundation Broad Spectrum SPF 20,Truffle,29,0.368627450980392,#855637,True,29.0,16.0
bareMinerals,ORIGINAL Liquid Mineral Foundation Broad Spectrum SPF 20,Neutral Deep,29,0.452941176470588,#A96A3E,True,29.0,32.0
SEPHORA COLLECTION,10 Hour Wear Perfection Foundation,Medium Camel Intense,29,0.586274509803922,#C29369,True,29.0,66.0
bareMinerals,BAREPRO Longwear Powder Foundation ,Truffle,29,0.417647058823529,#96613F,True,29.0,17.0
PAT McGRATH LABS,Sublime Perfection Foundation,Deep,29,0.468627450980392,#A06E4F,True,29.0,37.0
bareMinerals,BarePRO™ 24 hour Longwear Liquid Foundation with Mineral SPF 20 ,Truffle,29,0.445098039215686,#AB6C38,True,29.0,18.0
bareMinerals,Matte Loose Powder Mineral Foundation SPF 15 ,Neutral Deep,29,0.427450980392157,#905D4A,True,29.0,38.0
SEPHORA COLLECTION,Matte Perfection Full Coverage Foundation,Golden Honey,29,0.67843137254902,#D4AA86,True,29.0,70.0
SEPHORA COLLECTION,Clean Glowing Skin Foundation,,29,0.527450980392157,#A87C65,True,29.0,50.0
bareMinerals,I AM AN ORIGINAL GET STARTED® KIT Original Loose Mineral Foundation Customizable Set,bareMinerals,29,0.427450980392157,#905D4A,True,29.0,54.0
SEPHORA COLLECTION,Best Skin Ever Liquid Foundation,Y,29,0.647058823529412,#D7A873,True,29.0,69.0
It Cosmetics,Your Skin But Better Foundation + Skincare,Medium Cool,30,0.715686274509804,#DDB290,True,30.0,75.0
KVD Vegan Beauty,True Portrait Medium Coverage Shake Foundation,Medium,030,0.682352941176471,#DAB182,True,30.0,57.0
Urban Decay Cosmetics,Hydromaniac Glowy Tinted Hydrator Foundation,,30,0.705882352941177,#DBAE8D,True,30.0,76.0
Catrice,True Skin Hydrating Foundation,Neutral Sand,030,0.647058823529412,#D59975,True,30.0,58.0
bareMinerals,Matte Foundation Broad Spectrum SPF 15,Deepest Deep,30,0.337254901960784,#774D35,True,30.0,23.0
bareMinerals,ORIGINAL Foundation Broad Spectrum SPF 15,Deepest Deep,30,0.337254901960784,#774D35,True,30.0,25.0
bareMinerals,BAREPRO Performance Wear Powder Foundation,Cocoa,30,0.327450980392157,#764D31,True,30.0,14.0
Clinique,Beyond Perfecting Foundation + Concealer,Biscuit,WN 30,0.705882352941177,#E1AB87,,30.0,
bareMinerals,BAREPRO Performance Wear Liquid Foundation Broad Spectrum SPF 20,Cocoa,30,0.327450980392157,#764D31,True,30.0,16.0
Clinique,Even Better Glow Light Reflecting Makeup Broad Spectrum SPF 15,Biscuit,WN 30,0.617647058823529,#D29569,,30.0,
florence by mills,Like a Light Skin Tint,,L030,0.668627450980392,#D3A282,True,30.0,77.0
bareMinerals,ORIGINAL Liquid Mineral Foundation Broad Spectrum SPF 20,Deepest Deep,30,0.356862745098039,#804F36,True,30.0,32.0
ColourPop,Pretty Fresh Foundation,Fair,30N,0.8,#E1C7B7,True,30.0,65.0
Catrice,HD Liquid Coverage Foundation,Sand Beige,030,0.796078431372549,#EACBAC,True,30.0,59.0
Essence,Pretty Natural Hydrating Foundation,Neutral Ivory,30,0.66078431372549,#D5A77C,True,30.0,79.0
SEPHORA COLLECTION,10 Hour Wear Perfection Foundation,Medium Sand,30,0.625490196078431,#C69879,True,30.0,66.0
SEPHORA COLLECTION,Matte Perfection Powder Foundation,Warm Sand,30,0.672549019607843,#CAA78D,True,30.0,60.0
bareMinerals,BAREPRO Longwear Powder Foundation ,Cocoa,30,0.368627450980392,#7A5542,True,30.0,17.0
PAT McGRATH LABS,Sublime Perfection Foundation,Deep,30,0.441176470588235,#9E6243,True,30.0,37.0
bareMinerals,BarePRO™ 24 hour Longwear Liquid Foundation with Mineral SPF 20 ,Cocoa,30,0.415686274509804,#9C6638,True,30.0,18.0
bareMinerals,Matte Loose Powder Mineral Foundation SPF 15 ,Deepest Deep,30,0.425490196078431,#916048,True,30.0,38.0
SEPHORA COLLECTION,MicroSmooth Baked Powder Foundation,Sand Sephora Quality Way-Nice Price,30,0.682352941176471,#D5AA87,True,30.0,72.0
Natasha Denona,Transformatte Pore Vanishing Matte Foundation,,30W,0.811764705882353,#F2CFAC,True,30.0,67.0
Dior,Diorskin Forever Undercover Foundation,Medium Beige,030,0.754901960784314,#F4B28D,True,30.0,73.0
Dior,Dreamskin Fresh & Perfect Cushion Broad Spectrum SPF 50,Medium Beige,030,0.676470588235294,#DC9E7D,True,30.0,80.0
Dior,Diorskin Forever Perfect Matte Powder Foundation,Medium Beige,030,0.76078431372549,#E4B7A0,True,30.0,81.0
Bite Beauty,Changemaker Supercharged Micellar Foundation,,L30,0.801960784313726,#EDC2AC,True,30.0,82.0
Josie Maran,Vibrancy Argan Oil Foundation Fluid,Mystical,RG30,0.729411764705882,#D5B19F,True,30.0,74.0
SEPHORA COLLECTION,Matte Perfection Full Coverage Foundation,Sand,30,0.676470588235294,#D1A288,True,30.0,70.0
Dior,Dreamskin Fresh & Perfect Cushion Broad Spectrum SPF 50 Refill,Medium Beige,030,0.698039215686274,#E2A482,True,30.0,83.0
Natasha Denona,Foundation X+,WLight Medium,30,0.786274509803922,#E4CBAD,True,30.0,68.0
bareMinerals,I AM AN ORIGINAL GET STARTED® KIT Original Loose Mineral Foundation Customizable Set,bareMinerals,30,0.425490196078431,#916048,True,30.0,54.0
Natasha Denona,Face Glow Foundation,LMW,30,0.684313725490196,#D3B28A,True,30.0,84.0
SEPHORA COLLECTION,Best Skin Ever Liquid Foundation,P,30,0.688235294117647,#E5A77A,True,30.0,69.0
It Cosmetics,Your Skin But Better Foundation + Skincare,Medium Neutral,31,0.674509803921569,#D6A982,True,31.0,75.0
bareMinerals,BAREPRO Performance Wear Powder Foundation,Mocha,31,0.337254901960784,#8E441E,True,31.0,14.0
Pacifica,Alight Clean Foundation,Cool Light,31CL,0.776470588235294,#F1C09B,False,31.0,29.0
bareMinerals,BAREPRO Performance Wear Liquid Foundation Broad Spectrum SPF 20,Mocha,31,0.337254901960784,#8E441E,True,31.0,16.0
SEPHORA COLLECTION,10 Hour Wear Perfection Foundation,Medium Almond,31,0.554901960784314,#BF8B5C,True,31.0,66.0
bareMinerals,BAREPRO Longwear Powder Foundation ,Mocha,31,0.445098039215686,#A16442,True,31.0,17.0
PAT McGRATH LABS,Sublime Perfection Foundation,Deep,31,0.407843137254902,#9B5A35,True,31.0,37.0
bareMinerals,BarePRO™ 24 hour Longwear Liquid Foundation with Mineral SPF 20 ,Mocha,31,0.468627450980392,#A66A49,True,31.0,18.0
Natasha Denona,Transformatte Pore Vanishing Matte Foundation,,31W,0.813725490196078,#F3CDAC,True,31.0,67.0
Dior,Diorskin Forever Undercover Foundation,Sand,031,0.794117647058823,#FCC699,True,31.0,73.0
La Mer,The Luminous Lifting Cushion Foundation SPF 20 + Refill,Pink Bisque,31,0.647058823529412,#BF9C8B,True,31.0,47.0
SEPHORA COLLECTION,Matte Perfection Full Coverage Foundation,Warm Sand,31,0.690196078431373,#DBA685,True,31.0,70.0
SEPHORA COLLECTION,Clean Glowing Skin Foundation,,31,0.535294117647059,#AB7A66,True,31.0,50.0
Natasha Denona,Foundation X+,,31W,0.784313725490196,#E3C8AD,True,31.0,68.0
SEPHORA COLLECTION,Best Skin Ever Liquid Foundation,Y,31,0.627450980392157,#D3A06D,True,31.0,69.0
It Cosmetics,Your Skin But Better Foundation + Skincare,Medium Neutral,31.5,0.641176470588235,#CCA17B,True,31.5,75.0
It Cosmetics,Your Skin But Better Foundation + Skincare,Medium Warm,32,0.63921568627451,#D7A06F,True,32.0,75.0
Pacifica,Alight Clean Foundation,Warm Light,32WL,0.731372549019608,#E5BA90,False,32.0,29.0
Clinique,Beyond Perfecting Foundation + Concealer,Buttermilk,CN 32,0.805882352941176,#F2C9A9,,32.0,
Catrice,HD Liquid Coverage Foundation,Nude Beige,032,0.611764705882353,#C19E77,True,32.0,59.0
SEPHORA COLLECTION,Matte Perfection Powder Foundation,Neutral Fawn,32,0.662745098039216,#C9A389,True,32.0,60.0
PAT McGRATH LABS,Sublime Perfection Foundation,Deep,32,0.423529411764706,#976041,True,32.0,37.0
Dior,Diorskin Forever Perfect Matte Powder Foundation,Rosy Beige,032,0.758823529411765,#E1B2A2,True,32.0,81.0
It Cosmetics,Your Skin But Better Foundation + Skincare,Medium Neutral,33,0.67843137254902,#D9A681,True,33.0,75.0
KVD Vegan Beauty,True Portrait Medium Coverage Shake Foundation,Medium,033,0.63921568627451,#D3A073,True,33.0,57.0
Pacifica,Alight Clean Foundation,Neutral Light,33NL,0.756862745098039,#EBC097,False,33.0,29.0
ColourPop,Pretty Fresh Foundation,Light,33C,0.880392156862745,#F1DBD0,True,33.0,65.0
SEPHORA COLLECTION,10 Hour Wear Perfection Foundation,Medium Walnut,33,0.584313725490196,#C19769,True,33.0,66.0
PAT McGRATH LABS,Sublime Perfection Foundation,Deep,33,0.337254901960784,#81492B,True,33.0,37.0
Dior,Diorskin Forever Undercover Foundation,Beige Apricot,033,0.747058823529412,#F6B287,True,33.0,73.0
La Mer,The Luminous Lifting Cushion Foundation SPF 20 + Refill,Warm Bisque,33,0.682352941176471,#C9A493,True,33.0,47.0
SEPHORA COLLECTION,Matte Perfection Full Coverage Foundation,Walnut,33,0.674509803921569,#D1A687,True,33.0,70.0
SEPHORA COLLECTION,Clean Glowing Skin Foundation,,33,0.513725490196078,#A67460,True,33.0,50.0
SEPHORA COLLECTION,Best Skin Ever Liquid Foundation,N,33,0.666666666666667,#DBA979,True,33.0,69.0
SEPHORA COLLECTION,10 Hour Wear Perfection Foundation,Golden Walnut,33.5,0.633333333333333,#CBA178,True,33.5,66.0
SEPHORA COLLECTION,Best Skin Ever Liquid Foundation,Y,33.5,0.605882352941176,#CF9C66,True,33.5,69.0
It Cosmetics,Your Skin But Better Foundation + Skincare,Medium Cool,34,0.66078431372549,#D79F7A,True,34.0,75.0
Tarte,Travel Size Babassu Foundcealer Skincare Foundation Broad Spectrum SPF 20,Medium Neutral,34N,0.717647058823529,#DFB18F,True,34.0,86.0
Pacifica,Alight Clean Foundation,Neutral Light,34NL,0.801960784313726,#F2CCA7,False,34.0,29.0
Clinique,Superbalanced Makeup,Light,34,0.976470588235294,#F9F9F9,,34.0,
Catrice,HD Liquid Coverage Foundation,Medium Beige,034,0.550980392156863,#B78D62,True,34.0,59.0
SEPHORA COLLECTION,10 Hour Wear Perfection Foundation,Soft Tan,34,0.625490196078431,#C1987E,True,34.0,66.0
SEPHORA COLLECTION,Matte Perfection Powder Foundation,Peach Fawn,34,0.692156862745098,#CFA792,True,34.0,60.0
PAT McGRATH LABS,Sublime Perfection Foundation,Deep,34,0.245098039215686,#5D3420,True,34.0,37.0
SEPHORA COLLECTION,Matte Perfection Full Coverage Foundation,Maple,34,0.680392156862745,#DBA280,True,34.0,70.0
SEPHORA COLLECTION,10 Hour Wear Perfection Foundation,Nutmeg,34.5,0.633333333333333,#C29F81,True,34.5,66.0
SEPHORA COLLECTION,Best Skin Ever Liquid Foundation,N,34.5,0.649019607843137,#D9A372,True,34.5,69.0
It Cosmetics,Your Skin But Better Foundation + Skincare,Medium Warm,35,0.596078431372549,#C99567,True,35.0,75.0
Tarte,Travel Size Face Tape Foundation,Medium Neutral,35N,0.66078431372549,#D79F7A,True,35.0,85.0
Catrice,HD Liquid Coverage Foundation,Natural Beige,035,0.550980392156863,#B88F61,True,35.0,59.0
SEPHORA COLLECTION,10 Hour Wear Perfection Foundation,Tan Bronze,35,0.454901960784314,#A07548,True,35.0,66.0
PAT McGRATH LABS,Sublime Perfection Foundation,Deep,35,0.225490196078431,#512F22,True,35.0,37.0
SEPHORA COLLECTION,MicroSmooth Baked Powder Foundation,Bronze Sephora Quality Way-Nice Price,35,0.637254901960784,#CFA076,True,35.0,72.0
Natasha Denona,Transformatte Pore Vanishing Matte Foundation,,35R,0.86078431372549,#F1D3C6,True,35.0,67.0
Lancôme,SKIN FEELS GOOD Skin Nourishing Foundation,,035W,0.662745098039216,#D29F80,True,35.0,44.0
Dior,Diorskin Forever Perfect Matte Powder Foundation,Desert Beige,035,0.72156862745098,#D9AE97,True,35.0,81.0
Bite Beauty,Changemaker Supercharged Micellar Foundation,,L35,0.8,#F3C1A5,True,35.0,82.0
SEPHORA COLLECTION,Matte Perfection Full Coverage Foundation,Bronze,35,0.670588235294118,#D29E84,True,35.0,70.0
SEPHORA COLLECTION,Clean Glowing Skin Foundation,,35,0.482352941176471,#9B705B,True,35.0,50.0
Natasha Denona,Foundation X+,,35R,0.77843137254902,#DDC2B0,True,35.0,68.0
SEPHORA COLLECTION,Best Skin Ever Liquid Foundation,N,35,0.609803921568628,#D09667,True,35.0,69.0
It Cosmetics,Your Skin But Better Foundation + Skincare,Medium Cool,36,0.67843137254902,#D3A187,True,36.0,75.0
KVD Vegan Beauty,True Portrait Medium Coverage Shake Foundation,Medium,036,0.641176470588235,#D2A275,True,36.0,57.0
Pacifica,Alight Clean Foundation,Cool Light,36CL,0.817647058823529,#F5C9AC,False,36.0,29.0
Catrice,HD Liquid Coverage Foundation,Hazelnut Beige,036,0.629411764705882,#C9A478,True,36.0,59.0
SEPHORA COLLECTION,10 Hour Wear Perfection Foundation,Ambre,36,0.549019607843137,#B38665,True,36.0,66.0
SEPHORA COLLECTION,Matte Perfection Powder Foundation,Golden Fawn,36,0.66078431372549,#C7A38A,True,36.0,60.0
PAT McGRATH LABS,Sublime Perfection Foundation,Deep,36,0.229411764705882,#513624,True,36.0,37.0
Pacifica,Alight Clean Foundation,Warm Light,37WL,0.784313725490196,#ECC8A4,False,37.0,29.0
Catrice,HD Liquid Coverage Foundation,Golden Beige,037,0.609803921568628,#CB9D6C,True,37.0,59.0
SEPHORA COLLECTION,Clean Glowing Skin Foundation,,37,0.480392156862745,#956F60,True,37.0,50.0
Pacifica,Alight Clean Foundation,Neutral Fair,38NF,0.790196078431373,#ECCAA7,False,38.0,29.0
Clinique,Beyond Perfecting Foundation + Concealer,Sesame,WN 38,0.723529411764706,#E3B28E,,38.0,
Clinique,Even Better Glow Light Reflecting Makeup Broad Spectrum SPF 15,Stone,WN 38,0.7,#E2B183,,38.0,
Catrice,HD Liquid Coverage Foundation,Honey Beige,038,0.603921568627451,#C7986D,True,38.0,59.0
SEPHORA COLLECTION,10 Hour Wear Perfection Foundation,chai,38,0.550980392156863,#B37A66,True,38.0,66.0
SEPHORA COLLECTION,Matte Perfection Powder Foundation,Neutral Tan,38,0.596078431372549,#B48F7C,True,38.0,60.0
SEPHORA COLLECTION,Best Skin Ever Liquid Foundation,P,38,0.572549019607843,#C48B60,True,38.0,69.0
It Cosmetics,Your Skin But Better Foundation + Skincare,Tan Neutral,39,0.596078431372549,#C1936F,True,39.0,75.0
KVD Vegan Beauty,True Portrait Medium Coverage Shake Foundation,Medium,039,0.623529411764706,#D1966D,True,39.0,57.0
Pacifica,Alight Clean Foundation,Cool Fair,39CF,0.845098039215686,#F9D8B6,False,39.0,29.0
Catrice,HD Liquid Coverage Foundation,Warm Driftwood,039,0.668627450980392,#D7A67E,True,39.0,59.0
SEPHORA COLLECTION,Clean Glowing Skin Foundation,,39,0.382352941176471,#76564D,True,39.0,50.0
It Cosmetics,Your Skin But Better Foundation + Skincare,Tan Cool,40,0.613725490196078,#CD996C,True,40.0,75.0
Urban Decay Cosmetics,Hydromaniac Glowy Tinted Hydrator Foundation,,40,0.670588235294118,#DCA27A,True,40.0,76.0
Pacifica,Alight Clean Foundation,Neutral Fair,40NF,0.911764705882353,#FDE9D4,False,40.0,29.0
Clinique,Superbalanced Makeup,Cream Chamois,40,0.972549019607843,#F9F8F7,,40.0,
Clinique,Stay Matte Oil-Free Makeup,Cream Chamois,CN 40,0.72156862745098,#DEB192,,40.0,
Clinique,Beyond Perfecting Foundation + Concealer,Cream Chamois,CN 40,0.72156862745098,#DEB192,,40.0,
Clinique,Even Better Glow Light Reflecting Makeup Broad Spectrum SPF 15,Cream Chamois,CN 40,0.672549019607843,#D7A580,,40.0,
florence by mills,Like a Light Skin Tint,,L040,0.676470588235294,#DAA47F,True,40.0,77.0
ColourPop,Pretty Fresh Foundation,Light,40N,0.792156862745098,#E4C3B0,True,40.0,65.0
ZOEVA,Authentik Skin Natural Luminous Foundation,Artist,040W,0.782352941176471,#EAC8A5,True,40.0,78.0
Catrice,HD Liquid Coverage Foundation,Warm Beige,040,0.774509803921569,#E0C0AB,True,40.0,59.0
Essence,Pretty Natural Hydrating Foundation,Neutral Vanilla,40,0.643137254901961,#D3A275,True,40.0,79.0
SEPHORA COLLECTION,10 Hour Wear Perfection Foundation,Honey Bronze,40,0.533333333333333,#AE8162,True,40.0,66.0
SEPHORA COLLECTION,Matte Perfection Powder Foundation,Peach Tan,40,0.631372549019608,#C3977F,True,40.0,60.0
SEPHORA COLLECTION,MicroSmooth Baked Powder Foundation,Tan Sephora Quality Way-Nice Price,40,0.590196078431373,#C38F6A,True,40.0,72.0
Natasha Denona,Transformatte Pore Vanishing Matte Foundation,,40N,0.807843137254902,#EAC7B2,True,40.0,67.0
Dior,Diorskin Forever Undercover Foundation,Honey Beige,040,0.733333333333333,#F1AB85,True,40.0,73.0
Dior,Diorskin Forever Perfect Matte Powder Foundation,Honey Beige,040,0.711764705882353,#D7A894,True,40.0,81.0
Bite Beauty,Changemaker Supercharged Micellar Foundation,,L40,0.711764705882353,#DCA98F,True,40.0,82.0
Natasha Denona,Foundation X+,NLight Medium,40,0.798039215686275,#E8CAAF,True,40.0,68.0
Natasha Denona,Face Glow Foundation,LMN,40,0.666666666666667,#C8A58C,True,40.0,84.0
It Cosmetics,Your Skin But Better Foundation + Skincare,Tan Warm,41,0.611764705882353,#D09868,True,41.0,75.0
Urban Decay Cosmetics,Hydromaniac Glowy Tinted Hydrator Foundation,,41,0.598039215686274,#C5936C,True,41.0,76.0
Natasha Denona,Transformatte Pore Vanishing Matte Foundation,,41WY,0.825490196078431,#F0D1B5,True,41.0,67.0
Dior,Diorskin Forever Undercover Foundation,Ochre,041,0.701960784313725,#EEA878,True,41.0,73.0
La Mer,The Luminous Lifting Cushion Foundation SPF 20 + Refill,Soft Cameo,41,0.609803921568628,#BF9878,True,41.0,47.0
Natasha Denona,Foundation X+,YLight Medium,41,0.77843137254902,#E4C7A9,True,41.0,68.0
It Cosmetics,Your Skin But Better Foundation + Skincare,Tan Neutral,42,0.596078431372549,#D3965D,True,42.0,75.0
KVD Vegan Beauty,True Portrait Medium Coverage Shake Foundation,Medium,042,0.615686274509804,#CF986B,True,42.0,57.0
Clinique,Superbalanced Makeup,Neutral,42,0.76078431372549,#EFAD95,,42.0,
SEPHORA COLLECTION,Matte Perfection Powder Foundation,Warm Tan,42,0.582352941176471,#B48C75,True,42.0,60.0
Natasha Denona,Transformatte Pore Vanishing Matte Foundation,,42NY,0.794117647058823,#EACAAB,True,42.0,67.0
Natasha Denona,Foundation X+,WYMedium,42,0.788235294117647,#E3C9AF,True,42.0,68.0
Natasha Denona,Face Glow Foundation,MY,42,0.670588235294118,#CFAE87,True,42.0,84.0
It Cosmetics,Your Skin But Better Foundation + Skincare,Tan Warm,42.5,0.533333333333333,#B6855A,True,42.5,75.0
It Cosmetics,Your Skin But Better Foundation + Skincare,Tan Warm,43,0.509803921568627,#B47E50,True,43.0,75.0
Clinique,Superbalanced Makeup,Nude Beige,43,0.976470588235294,#F9F9F9,,43.0,
La Mer,The Luminous Lifting Cushion Foundation SPF 20 + Refill,Beige Nude,43,0.676470588235294,#D0A589,True,43.0,47.0
It Cosmetics,Your Skin But Better Foundation + Skincare,Tan Warm,44,0.488235294117647,#B87241,True,44.0,75.0
Tarte,Travel Size Babassu Foundcealer Skincare Foundation Broad Spectrum SPF 20,Tan Sand,44S,0.603921568627451,#D49860,True,44.0,86.0
SEPHORA COLLECTION,10 Hour Wear Perfection Foundation,Praline,44,0.525490196078431,#A97E63,True,44.0,66.0
SEPHORA COLLECTION,Matte Perfection Powder Foundation,Neutral Almond,44,0.643137254901961,#C59D83,True,44.0,60.0
SEPHORA COLLECTION,Best Skin Ever Liquid Foundation,Y,44,0.576470588235294,#C88E5E,True,44.0,69.0
KVD Vegan Beauty,True Portrait Medium Coverage Shake Foundation,Medium,045,0.633333333333333,#CF9B74,True,45.0,57.0
ColourPop,Pretty Fresh Foundation,Light,45W,0.788235294117647,#E0C9B2,True,45.0,65.0
SEPHORA COLLECTION,10 Hour Wear Perfection Foundation,Tan Café Latte,45,0.476470588235294,#A56E4E,True,45.0,66.0
Natasha Denona,Transformatte Pore Vanishing Matte Foundation,,45N,0.77843137254902,#E8CAA5,True,45.0,67.0
Lancôme,SKIN FEELS GOOD Skin Nourishing Foundation,,045W,0.680392156862745,#DCA77F,True,45.0,44.0
Dior,Diorskin Forever Undercover Foundation,Hazel Beige,045,0.662745098039216,#E29870,True,45.0,73.0
Bite Beauty,Changemaker Supercharged Micellar Foundation,,L45,0.76078431372549,#E9B29B,True,45.0,82.0
Natasha Denona,Foundation X+,NMedium,45,0.782352941176471,#DCC1B3,True,45.0,68.0
Natasha Denona,Face Glow Foundation,MN,45,0.682352941176471,#CBA991,True,45.0,84.0
SEPHORA COLLECTION,Best Skin Ever Liquid Foundation,P,45,0.564705882352941,#C5885B,True,45.0,69.0
Catrice,True Skin Hydrating Foundation,Neutral Toffee,046,0.541176470588235,#C07A54,True,46.0,58.0
Clinique,Stay Matte Oil-Free Makeup,Golden Neutral,WN 46,0.703921568627451,#E2B185,,46.0,
Clinique,Beyond Perfecting Foundation + Concealer,Golden Neutral,WN 46,0.703921568627451,#E2B185,,46.0,
Catrice,HD Liquid Coverage Foundation,Caramel Beige,046,0.547058823529412,#B68B61,True,46.0,59.0
SEPHORA COLLECTION,10 Hour Wear Perfection Foundation,Pecan,46,0.517647058823529,#A57E63,True,46.0,66.0
SEPHORA COLLECTION,Matte Perfection Powder Foundation,Almond Peach,46,0.637254901960784,#C6987F,True,46.0,60.0
Tarte,Travel Size Face Tape Foundation,Tan Deep Sand,47S,0.582352941176471,#C48A65,True,47.0,85.0
SEPHORA COLLECTION,Matte Perfection Full Coverage Foundation,Cappuccino,47,0.584313725490196,#BB826F,True,47.0,70.0
KVD Vegan Beauty,True Portrait Medium Coverage Shake Foundation,Medium,048,0.637254901960784,#CA9C7B,True,48.0,57.0
Clinique,Beyond Perfecting Foundation + Concealer,Oat,WN 48,0.674509803921569,#DCA27C,,48.0,
Catrice,HD Liquid Coverage Foundation,Desert Beige,048,0.519607843137255,#B18258,True,48.0,59.0
SEPHORA COLLECTION,Matte Perfection Powder Foundation,Golden Almond,48,0.572549019607843,#B48770,True,48.0,60.0
SEPHORA COLLECTION,Matte Perfection Full Coverage Foundation,Mocha,48,0.52156862745098,#AA7460,True,48.0,70.0
Natasha Denona,Foundation X+,WMedium,48,0.713725490196078,#D0B09C,True,48.0,68.0
It Cosmetics,Your Skin But Better Foundation + Skincare,Rich Cool,50,0.492156862745098,#AA7451,True,50.0,75.0
Urban Decay Cosmetics,Hydromaniac Glowy Tinted Hydrator Foundation,,50,0.6,#CC9B66,True,50.0,76.0
florence by mills,Like a Light Skin Tint,,LM050,0.656862745098039,#D2A07D,True,50.0,77.0
ColourPop,Pretty Fresh Foundation,Light,50W,0.784313725490196,#E6C7AA,True,50.0,65.0
ZOEVA,Authentik Skin Natural Luminous Foundation,Beautiful,050N,0.750980392156863,#E1BE9E,True,50.0,78.0
Essence,Pretty Natural Hydrating Foundation,Neutral Champagne,50,0.627450980392157,#CD9B73,True,50.0,79.0
SEPHORA COLLECTION,10 Hour Wear Perfection Foundation,Deep Mocha,50,0.472549019607843,#A6744B,True,50.0,66.0
SEPHORA COLLECTION,Matte Perfection Powder Foundation,Neutral Amber,50,0.576470588235294,#B58771,True,50.0,60.0
Natasha Denona,Transformatte Pore Vanishing Matte Foundation,,50WN,0.664705882352941,#DBA778,True,50.0,67.0
Dior,Diorskin Forever Undercover Foundation,Dark Beige,050,0.609803921568628,#D78660,True,50.0,73.0
Josie Maran,Vibrancy Argan Oil Foundation Fluid,Juicy,RG50,0.709803921568627,#CBAE9F,True,50.0,74.0
Natasha Denona,Foundation X+,WNWarm,50,0.784313725490196,#E4C2AC,True,50.0,68.0
Shiseido,Sports BB SPF 50+,Shiseido Sports BB SPF,50,0.792156862745098,#F4C9A0,,50.0,
Natasha Denona,Face Glow Foundation,MW,50,0.643137254901961,#C5A683,True,50.0,84.0
SEPHORA COLLECTION,Best Skin Ever Liquid Foundation,N,50,0.6,#CA9368,True,50.0,69.0
It Cosmetics,Your Skin But Better Foundation + Skincare,Rich Warm,51,0.419607843137255,#9E6338,True,51.0,75.0
KVD Vegan Beauty,True Portrait Medium Coverage Shake Foundation,Medium,051,0.627450980392157,#D19D6F,True,51.0,57.0
Urban Decay Cosmetics,Hydromaniac Glowy Tinted Hydrator Foundation,,51,0.590196078431373,#CB9262,True,51.0,76.0
Dior,Diorskin Forever Undercover Foundation,Praline,051,0.594117647058824,#D18C5E,True,51.0,73.0
It Cosmetics,Your Skin But Better Foundation + Skincare,Rich Neutral,51.25,0.46078431372549,#9E6E4D,True,51.25,75.0
It Cosmetics,Your Skin But Better Foundation + Skincare,Rich Warm,51.5,0.411764705882353,#996239,True,51.5,75.0
It Cosmetics,Your Skin But Better Foundation + Skincare,Rich Cool,51.75,0.431372549019608,#9A6542,True,51.75,75.0
It Cosmetics,Your Skin But Better Foundation + Skincare,Rich Warm,52,0.362745098039216,#8E512B,True,52.0,75.0
Tarte,Travel Size Babassu Foundcealer Skincare Foundation Broad Spectrum SPF 20,Deep Neutral,52N,0.372549019607843,#8B5333,True,52.0,86.0
Clinique,Stay Matte Oil-Free Makeup,Neutral,CN 52,0.696078431372549,#DDAB86,,52.0,
Clinique,Beyond Perfecting Foundation + Concealer,Neutral,CN 52,0.696078431372549,#DDAB86,,52.0,
Clinique,Even Better Glow Light Reflecting Makeup Broad Spectrum SPF 15,Neutral,CN 52,0.719607843137255,#E6AE89,,52.0,
SEPHORA COLLECTION,Matte Perfection Powder Foundation,Cool Amber,52,0.554901960784314,#B1826A,True,52.0,60.0
La Mer,The Luminous Lifting Cushion Foundation SPF 20 + Refill,Warm Honey,52,0.549019607843137,#AA816E,True,52.0,47.0
It Cosmetics,Your Skin But Better Foundation + Skincare,Rich Neutral,53,0.415686274509804,#945E40,True,53.0,75.0
Tarte,Travel Size Face Tape Foundation,Deep Golden,53G,0.47843137254902,#AF7245,True,53.0,85.0
SEPHORA COLLECTION,Matte Perfection Full Coverage Foundation,Dark Caramel,53,0.511764705882353,#A96A5C,True,53.0,70.0
SEPHORA COLLECTION,10 Hour Wear Perfection Foundation,Macchiato,53.5,0.53921568627451,#AB7D68,True,53.5,66.0
SEPHORA COLLECTION,Best Skin Ever Liquid Foundation,N,53.5,0.566666666666667,#C08D61,True,53.5,69.0
KVD Vegan Beauty,True Portrait Medium Coverage Shake Foundation,Medium,054,0.6,#C8996A,True,54.0,57.0
Clinique,Beyond Perfecting Foundation + Concealer,Honey Wheat,WN 54,0.652941176470588,#D9A374,,54.0,
Clinique,Even Better Glow Light Reflecting Makeup Broad Spectrum SPF 15,Honey Wheat,WN 54,0.617647058823529,#D59566,,54.0,
SEPHORA COLLECTION,Matte Perfection Powder Foundation,Warm Amber,54,0.572549019607843,#B48770,True,54.0,60.0
SEPHORA COLLECTION,Matte Perfection Full Coverage Foundation,Truffle,54,0.515686274509804,#A36E64,True,54.0,70.0
ColourPop,Pretty Fresh Foundation,Light,55N,0.782352941176471,#E2C2AD,True,55.0,65.0
Catrice,HD Liquid Coverage Foundation,Warm Bamboo,055,0.588235294117647,#C1956B,True,55.0,59.0
SEPHORA COLLECTION,10 Hour Wear Perfection Foundation,Deep Cocoa,55,0.396078431372549,#896041,True,55.0,66.0
Natasha Denona,Transformatte Pore Vanishing Matte Foundation,,55WR,0.801960784313726,#F6C6A3,True,55.0,67.0
Bite Beauty,Changemaker Supercharged Micellar Foundation,,M55,0.747058823529412,#E4B399,True,55.0,82.0
Natasha Denona,Foundation X+,,55Wr,0.723529411764706,#E1B390,True,55.0,68.0
SEPHORA COLLECTION,Best Skin Ever Liquid Foundation,N,55,0.590196078431373,#C99064,True,55.0,69.0
SEPHORA COLLECTION,10 Hour Wear Perfection Foundation,Milk Chocolate,56,0.472549019607843,#9A7057,True,56.0,66.0
SEPHORA COLLECTION,Matte Perfection Powder Foundation,Neutral Toffee,56,0.564705882352941,#B3836D,True,56.0,60.0
SEPHORA COLLECTION,MicroSmooth Baked Powder Foundation,Mahogany Sephora Quality Way-Nice Price,56,0.631372549019608,#CB9977,True,56.0,72.0
SEPHORA COLLECTION,10 Hour Wear Perfection Foundation,Tea,56.5,0.535294117647059,#AA7767,True,56.5,66.0
SEPHORA COLLECTION,Best Skin Ever Liquid Foundation,P,56.5,0.396078431372549,#8A6140,True,56.5,69.0
KVD Vegan Beauty,True Portrait Medium Coverage Shake Foundation,Tan,057,0.566666666666667,#C18F60,True,57.0,57.0
SEPHORA COLLECTION,10 Hour Wear Perfection Foundation,Deep Chocolate,57,0.431372549019608,#92694A,True,57.0,66.0
SEPHORA COLLECTION,Best Skin Ever Liquid Foundation,Y,57,0.47843137254902,#B07344,True,57.0,69.0
It Cosmetics,Your Skin But Better Foundation + Skincare,Deep Neutral,58,0.356862745098039,#7C4E3A,True,58.0,75.0
Clinique,Stay Matte Oil-Free Makeup,Honey,CN 58,0.666666666666667,#DBA879,,58.0,
Clinique,Beyond Perfecting Foundation + Concealer,Honey,CN 58,0.666666666666667,#DBA879,,58.0,
Clinique,Even Better Glow Light Reflecting Makeup Broad Spectrum SPF 15,Honey,CN 58,0.643137254901961,#D99F6F,,58.0,
SEPHORA COLLECTION,10 Hour Wear Perfection Foundation,Dark Chocolate,58,0.46078431372549,#906D5B,True,58.0,66.0
SEPHORA COLLECTION,Matte Perfection Powder Foundation,Toffee Peach,58,0.558823529411765,#B58168,True,58.0,60.0
Natasha Denona,Transformatte Pore Vanishing Matte Foundation,,58Y,0.686274509803922,#DCAC82,True,58.0,67.0
Natasha Denona,Foundation X+,,58Y,0.690196078431373,#E6B47A,True,58.0,68.0
It Cosmetics,Your Skin But Better Foundation + Skincare,Deep Cool,59,0.376470588235294,#895337,True,59.0,75.0
SEPHORA COLLECTION,10 Hour Wear Perfection Foundation,Mahogany,59,0.503921568627451,#A26F5F,True,59.0,66.0
SEPHORA COLLECTION,Matte Perfection Full Coverage Foundation,Ebony,59,0.507843137254902,#99736A,True,59.0,70.0
SEPHORA COLLECTION,Best Skin Ever Liquid Foundation,N,59,0.427450980392157,#966844,True,59.0,69.0
It Cosmetics,Your Skin But Better Foundation + Skincare,Deep Warm,60,0.307843137254902,#73492A,True,60.0,75.0
KVD Vegan Beauty,True Portrait Medium Coverage Shake Foundation,Tan,060,0.533333333333333,#B88558,True,60.0,57.0
Urban Decay Cosmetics,Hydromaniac Glowy Tinted Hydrator Foundation,,60,0.529411764705882,#BF814F,True,60.0,76.0
florence by mills,Like a Light Skin Tint,,LM060,0.668627450980392,#D6A17F,True,60.0,77.0
ColourPop,Pretty Fresh Foundation,Light,60N,0.747058823529412,#D7B9A6,True,60.0,65.0
ZOEVA,Authentik Skin Natural Luminous Foundation,Brave,060N,0.754901960784314,#E7BD9A,True,60.0,78.0
Catrice,HD Liquid Coverage Foundation,Latte Macchiato Beige,060,0.482352941176471,#A67950,True,60.0,59.0
SEPHORA COLLECTION,Matte Perfection Powder Foundation,Warm Toffee,60,0.552941176470588,#AF846B,True,60.0,60.0
SEPHORA COLLECTION,MicroSmooth Baked Powder Foundation,Deep Ebony Sephora Quality Way-Nice Price,60,0.466666666666667,#9E6D50,True,60.0,72.0
Natasha Denona,Transformatte Pore Vanishing Matte Foundation,,60WY,0.801960784313726,#ECCCAD,True,60.0,67.0
Dior,Diorskin Forever Undercover Foundation,Light Mocha,060,0.456862745098039,#AD603C,True,60.0,73.0
Bite Beauty,Changemaker Supercharged Micellar Foundation,,M60,0.762745098039216,#EBB29A,True,60.0,82.0
Natasha Denona,Foundation X+,WYMedium,60,0.733333333333333,#E0B196,True,60.0,68.0
It Cosmetics,Your Skin But Better Foundation + Skincare,Deep Neutral,61,0.274509803921569,#6A3C22,True,61.0,75.0
SEPHORA COLLECTION,10 Hour Wear Perfection Foundation,Dark Chocolate,61,0.494117647058824,#9B6B61,True,61.0,66.0
SEPHORA COLLECTION,Best Skin Ever Liquid Foundation,P,61,0.454901960784314,#9F6C49,True,61.0,69.0
It Cosmetics,Your Skin But Better Foundation + Skincare,Deep Cool,62,0.26078431372549,#603725,True,62.0,75.0
Clinique,Superbalanced Makeup,Porcelain Beige,62,0.97843137254902,#FAFAF9,,62.0,
SEPHORA COLLECTION,Matte Perfection Powder Foundation,Toffee Spice,62,0.53921568627451,#AD7D66,True,62.0,60.0
It Cosmetics,Your Skin But Better Foundation + Skincare,Deep Cool,63,0.313725490196078,#673F39,True,63.0,75.0
KVD Vegan Beauty,True Portrait Medium Coverage Shake Foundation,Tan,063,0.517647058823529,#B27E56,True,63.0,57.0
SEPHORA COLLECTION,10 Hour Wear Perfection Foundation,Sienna,63,0.476470588235294,#926761,True,63.0,66.0
SEPHORA COLLECTION,Best Skin Ever Liquid Foundation,P,63,0.409803921568627,#896448,True,63.0,69.0
It Cosmetics,Your Skin But Better Foundation + Skincare,Deep Cool,64,0.333333333333333,#644846,True,64.0,75.0
SEPHORA COLLECTION,Matte Perfection Powder Foundation,Neutral Mocha,64,0.5,#9E7461,True,64.0,60.0
SEPHORA COLLECTION,Matte Perfection Full Coverage Foundation,Coffee,64,0.509803921568627,#98736C,True,64.0,70.0
Catrice,HD Liquid Coverage Foundation,Bronze Beige,065,0.464705882352941,#A47349,True,65.0,59.0
SEPHORA COLLECTION,10 Hour Wear Perfection Foundation,Deep Dark Ebony,65,0.307843137254902,#6A4733,True,65.0,66.0
Bite Beauty,Changemaker Supercharged Micellar Foundation,,M65,0.752941176470588,#E8B298,True,65.0,82.0
Natasha Denona,Face Glow Foundation,MD,65,0.358823529411765,#7D543A,True,65.0,84.0
SEPHORA COLLECTION,Best Skin Ever Liquid Foundation,N,65,0.364705882352941,#805C3A,True,65.0,69.0
SEPHORA COLLECTION,10 Hour Wear Perfection Foundation,Chestnut,65.5,0.450980392156863,#87625F,True,65.5,66.0
SEPHORA COLLECTION,Best Skin Ever Liquid Foundation,P,65.5,0.325490196078431,#715035,True,65.5,69.0
KVD Vegan Beauty,True Portrait Medium Coverage Shake Foundation,Tan,066,0.492156862745098,#AD7A4E,True,66.0,57.0
SEPHORA COLLECTION,10 Hour Wear Perfection Foundation,Sandalwood,66,0.366666666666667,#745947,True,66.0,66.0
SEPHORA COLLECTION,Matte Perfection Powder Foundation,Mocha Spice,66,0.47843137254902,#96705E,True,66.0,60.0
SEPHORA COLLECTION,10 Hour Wear Perfection Foundation,Light Espresso,66.5,0.456862745098039,#8D665C,True,66.5,66.0
SEPHORA COLLECTION,Best Skin Ever Liquid Foundation,N,66.5,0.398039215686274,#866645,True,66.5,69.0
SEPHORA COLLECTION,10 Hour Wear Perfection Foundation,Expresso,67,0.362745098039216,#725647,True,67.0,66.0
SEPHORA COLLECTION,Best Skin Ever Liquid Foundation,P,67,0.352941176470588,#7B5739,True,67.0,69.0
KVD Vegan Beauty,True Portrait Medium Coverage Shake Foundation,Tan,068,0.476470588235294,#A8714B,True,68.0,57.0
Clinique,Even Better Glow Light Reflecting Makeup Broad Spectrum SPF 15,Brulee,WN 68,0.572549019607843,#CB8F59,,68.0,
SEPHORA COLLECTION,10 Hour Wear Perfection Foundation,Brownie,68,0.419607843137255,#7B5E5B,True,68.0,66.0
SEPHORA COLLECTION,Matte Perfection Powder Foundation,Deep Mocha,68,0.486274509803922,#967262,True,68.0,60.0
SEPHORA COLLECTION,Best Skin Ever Liquid Foundation,N,68,0.356862745098039,#7A5A3C,True,68.0,69.0
KVD Vegan Beauty,True Portrait Medium Coverage Shake Foundation,Tan,070,0.462745098039216,#A46748,True,70.0,57.0
Urban Decay Cosmetics,Hydromaniac Glowy Tinted Hydrator Foundation,,70,0.435294117647059,#A4643A,True,70.0,76.0
Clinique,Superbalanced Makeup,Vanilla,70,0.976470588235294,#F9F9F9,,70.0,
Clinique,Stay Matte Oil-Free Makeup,Vanilla,CN 70,0.674509803921569,#D6A682,,70.0,
Clinique,Beyond Perfecting Foundation + Concealer,Vanilla,CN 70,0.674509803921569,#D6A682,,70.0,
Clinique,Even Better Glow Light Reflecting Makeup Broad Spectrum SPF 15,Vanilla,CN 70,0.684313725490196,#D9A784,,70.0,
florence by mills,Like a Light Skin Tint,,LM070,0.647058823529412,#D19A79,True,70.0,77.0
ColourPop,Pretty Fresh Foundation,Light,70W,0.731372549019608,#D8B99D,True,70.0,65.0
ZOEVA,Authentik Skin Natural Luminous Foundation,Bright,070N,0.73921568627451,#E8BA91,True,70.0,78.0
Catrice,HD Liquid Coverage Foundation,Toffee Beige,070,0.445098039215686,#A36D40,True,70.0,59.0
Essence,Pretty Natural Hydrating Foundation,Warm Cashew,70,0.605882352941176,#CA986B,True,70.0,79.0
SEPHORA COLLECTION,Matte Perfection Powder Foundation,Mocha Java,70,0.470588235294118,#8E6F62,True,70.0,60.0
Natasha Denona,Transformatte Pore Vanishing Matte Foundation,,70WN,0.652941176470588,#C89F85,True,70.0,67.0
Dior,Diorskin Forever Undercover Foundation,Dark Brown,070,0.413725490196078,#98583B,True,70.0,73.0
Bite Beauty,Changemaker Supercharged Micellar Foundation,,M70,0.735294117647059,#E3B094,True,70.0,82.0
Natasha Denona,Foundation X+,WNMedium,70,0.692156862745098,#DEAB83,True,70.0,68.0
KVD Vegan Beauty,True Portrait Medium Coverage Shake Foundation,Tan,072,0.42156862745098,#946243,True,72.0,57.0
Clinique,Superbalanced Makeup,Sunny,72,0.976470588235294,#F9F9F9,,72.0,
KVD Vegan Beauty,True Portrait Medium Coverage Shake Foundation,Tan,074,0.390196078431373,#8A603D,True,74.0,57.0
Clinique,Stay Matte Oil-Free Makeup,Beige,CN 74,0.633333333333333,#D09B73,,74.0,
Clinique,Beyond Perfecting Foundation + Concealer,Beige,CN 74,0.633333333333333,#D09B73,,74.0,
Clinique,Even Better Glow Light Reflecting Makeup Broad Spectrum SPF 15,Beige,CN 74,0.57843137254902,#C48A63,,74.0,
Natasha Denona,Transformatte Pore Vanishing Matte Foundation,,75Y,0.656862745098039,#E3A66C,True,75.0,67.0
Bite Beauty,Changemaker Supercharged Micellar Foundation,,M75,0.743137254901961,#E8B193,True,75.0,82.0
Josie Maran,Vibrancy Argan Oil Foundation Fluid,Reverent,RG75,0.541176470588235,#A97F6B,True,75.0,74.0
Natasha Denona,Foundation X+,Y Dark,75,0.676470588235294,#DAA67F,True,75.0,68.0
Natasha Denona,Face Glow Foundation,MDY,75,0.488235294117647,#A07E59,True,75.0,84.0
KVD Vegan Beauty,True Portrait Medium Coverage Shake Foundation,Tan,076,0.364705882352941,#7F573B,True,76.0,57.0
Clinique,Beyond Perfecting Foundation + Concealer,Toasted Wheat,WN 76,0.568627450980392,#C38B5F,,76.0,
Clinique,Even Better Glow Light Reflecting Makeup Broad Spectrum SPF 15,Toasted Wheat,WN 76,0.629411764705882,#D39D6E,,76.0,
KVD Vegan Beauty,True Portrait Medium Coverage Shake Foundation,Tan,078,0.349019607843137,#77533B,True,78.0,57.0
Clinique,Beyond Perfecting Foundation + Concealer,Nutty,CN 78,0.605882352941176,#CE9467,,78.0,
KVD Vegan Beauty,True Portrait Medium Coverage Shake Foundation,Deep,080,0.329411764705882,#734B35,True,80.0,57.0
Urban Decay Cosmetics,Hydromaniac Glowy Tinted Hydrator Foundation,,80,0.329411764705882,#804D28,True,80.0,76.0
Catrice,True Skin Hydrating Foundation,Neutral Pecan,080,0.386274509803922,#935332,True,80.0,58.0
florence by mills,Like a Light Skin Tint,,M080,0.645098039215686,#CA9B7F,True,80.0,77.0
ColourPop,Pretty Fresh Foundation,Medium,80W,0.703921568627451,#D7B490,True,80.0,65.0
ZOEVA,Authentik Skin Natural Luminous Foundation,Brilliant,080W,0.749019607843137,#E7BA97,True,80.0,78.0
Catrice,HD Liquid Coverage Foundation,Caramel Beige,080,0.437254901960784,#996846,True,80.0,59.0
Essence,Pretty Natural Hydrating Foundation,Cool Chai,80,0.6,#C8956A,True,80.0,79.0
Dior,Diorskin Forever Undercover Foundation,Ebony,080,0.36078431372549,#814D37,True,80.0,73.0
Bite Beauty,Changemaker Supercharged Micellar Foundation,,M80,0.709803921568627,#DCA88E,True,80.0,82.0
Josie Maran,Vibrancy Argan Oil Foundation Fluid,Magical,RG80,0.496078431372549,#9E715F,True,80.0,74.0
Natasha Denona,Face Glow Foundation,DR,80,0.545098039215686,#9F8977,True,80.0,84.0
Urban Decay Cosmetics,Hydromaniac Glowy Tinted Hydrator Foundation,,81,0.305882352941176,#6C4530,True,81.0,76.0
KVD Vegan Beauty,True Portrait Medium Coverage Shake Foundation,Deep,082,0.325490196078431,#6D4A39,True,82.0,57.0
Natasha Denona,Transformatte Pore Vanishing Matte Foundation,,82W,0.670588235294118,#CDAB89,True,82.0,67.0
Natasha Denona,Foundation X+,,82W,0.658823529411765,#D0A580,True,82.0,68.0
ColourPop,Pretty Fresh Foundation,Medium,83C,0.745098039215686,#D9B6A3,True,83.0,65.0
KVD Vegan Beauty,True Portrait Medium Coverage Shake Foundation,Deep,084,0.298039215686275,#644634,True,84.0,57.0
Marc Jacobs Beauty,Re(marc)able Full Cover Foundation Concentrate,Cocoa Medium,84,0.37843137254902,#95532C,True,84.0,87.0
Lancôme,Teint Idole Ultra Wear 24H Long Wear Foundation,Ivoire N,085,0.937254901960784,#F6EFE8,True,85.0,88.0
ColourPop,Pretty Fresh Foundation,Medium,85N,0.717647058823529,#D4AF9A,True,85.0,65.0
Catrice,HD Liquid Coverage Foundation,Chestnut Beige,085,0.331372549019608,#784B31,True,85.0,59.0
Natasha Denona,Transformatte Pore Vanishing Matte Foundation,,85WN,0.637254901960784,#D2A173,True,85.0,67.0
Bite Beauty,Changemaker Supercharged Micellar Foundation,,M85,0.711764705882353,#D9A692,True,85.0,82.0
Josie Maran,Vibrancy Argan Oil Foundation Fluid,Unstoppable,RG85,0.454901960784314,#8F6459,True,85.0,74.0
Natasha Denona,Foundation X+,Wdark,85,0.631372549019608,#CA9B78,True,85.0,68.0
KVD Vegan Beauty,True Portrait Medium Coverage Shake Foundation,Deep,086,0.32156862745098,#6E4A36,True,86.0,57.0
Natasha Denona,Transformatte Pore Vanishing Matte Foundation,,86Y,0.598039215686274,#CE9663,True,86.0,67.0
Marc Jacobs Beauty,Re(marc)able Full Cover Foundation Concentrate,Cocoa Deep,86,0.345098039215686,#7E4832,True,86.0,87.0
Natasha Denona,Foundation X+,,86Y,0.490196078431373,#B37947,True,86.0,68.0
Natasha Denona,Transformatte Pore Vanishing Matte Foundation,,87W,0.613725490196078,#C99B70,True,87.0,67.0
Natasha Denona,Foundation X+,,87W,0.550980392156863,#B38866,True,87.0,68.0
KVD Vegan Beauty,True Portrait Medium Coverage Shake Foundation,Deep,088,0.290196078431373,#624432,True,88.0,57.0
Natasha Denona,Foundation X+,YDark,88,0.670588235294118,#D0A786,True,88.0,68.0
Natasha Denona,Transformatte Pore Vanishing Matte Foundation,,89WY,0.627450980392157,#D19C6F,True,89.0,67.0
KVD Vegan Beauty,True Portrait Medium Coverage Shake Foundation,Deep,090,0.270588235294118,#5E3C2C,True,90.0,57.0
Urban Decay Cosmetics,Hydromaniac Glowy Tinted Hydrator Foundation,,90,0.258823529411765,#5C3628,True,90.0,76.0
Clinique,Superbalanced Makeup,Sand,90,0.976470588235294,#F9F9F9,,90.0,
Clinique,Stay Matte Oil-Free Makeup,Sand,CN 90,0.613725490196078,#C89B71,,90.0,
Clinique,Beyond Perfecting Foundation + Concealer,Sand,CN 90,0.613725490196078,#C89B71,,90.0,
Clinique,Even Better Glow Light Reflecting Makeup Broad Spectrum SPF 15,Sand,CN 90,0.617647058823529,#CC996F,,90.0,
Lancôme,Teint Idole Ultra Wear 24H Long Wear Foundation,Ivoire N,090,0.962745098039216,#FEF3ED,True,90.0,88.0
Lancôme,Rénergie Lift Makeup Lightweight Liquid Foundation SPF 27,Ivoire N,090,0.898039215686275,#F1E6D9,True,90.0,89.0
ZOEVA,Authentik Skin Natural Luminous Foundation,Charismatic,090C,0.766666666666667,#E5BEA2,True,90.0,78.0
Catrice,HD Liquid Coverage Foundation,Espresso Beige,090,0.317647058823529,#73492F,True,90.0,59.0
Essence,Pretty Natural Hydrating Foundation,Neutral Suede,90,0.590196078431373,#C89565,True,90.0,79.0
Natasha Denona,Transformatte Pore Vanishing Matte Foundation,,90N,0.63921568627451,#CCA07A,True,90.0,67.0
Bite Beauty,Changemaker Supercharged Micellar Foundation,,M90,0.645098039215686,#CC9D7D,True,90.0,82.0
Natasha Denona,Foundation X+,N Dark,90,0.652941176470588,#CCA681,True,90.0,68.0
Natasha Denona,Face Glow Foundation,DW,90,0.382352941176471,#916532,True,90.0,84.0
Natasha Denona,Transformatte Pore Vanishing Matte Foundation,,91NY,0.643137254901961,#D1A177,True,91.0,67.0
Natasha Denona,Foundation X+,,91Ny,0.517647058823529,#9D826B,True,91.0,68.0
KVD Vegan Beauty,True Portrait Medium Coverage Shake Foundation,Deep,092,0.290196078431373,#624432,True,92.0,57.0
Catrice,True Skin Hydrating Foundation,Warm Spices,092,0.343137254901961,#864929,True,92.0,58.0
Clinique,Even Better Glow Light Reflecting Makeup Broad Spectrum SPF 15,Toasted Almond,WN 92,0.576470588235294,#CA8B5C,,92.0,
Natasha Denona,Transformatte Pore Vanishing Matte Foundation,,92W,0.462745098039216,#A86F44,True,92.0,67.0
Natasha Denona,Foundation X+,WNDeep,92,0.641176470588235,#C69981,True,92.0,68.0
Clinique,Even Better Refresh™ Hydrating and Repairing Foundation,CLINIQUE Even Better Refresh™ Hydrating and Repairing Foundation,WN 92,0.613725490196078,#D78F62,,92.0,
Natasha Denona,Transformatte Pore Vanishing Matte Foundation,,93R,0.476470588235294,#A27251,True,93.0,67.0
Natasha Denona,Foundation X+,,93R,0.549019607843137,#A97F6F,True,93.0,68.0
KVD Vegan Beauty,True Portrait Medium Coverage Shake Foundation,Deep,094,0.268627450980392,#5D392C,True,94.0,57.0
Clinique,Stay Matte Oil-Free Makeup,Deep Neutral,WN 94,0.584313725490196,#D38F57,,94.0,
Clinique,Even Better Glow Light Reflecting Makeup Broad Spectrum SPF 15,Deep Neutral,WN 94,0.527450980392157,#BF7A4E,,94.0,
Natasha Denona,Transformatte Pore Vanishing Matte Foundation,,94N,0.464705882352941,#A76846,True,94.0,67.0
Natasha Denona,Foundation X+,NDeep,94,0.550980392156863,#AD836C,True,94.0,68.0
Lancôme,Teint Idole Ultra Wear 24H Long Wear Foundation,Ivoire,095,0.67843137254902,#C6B194,True,95.0,88.0
Lancôme,Rénergie Lift Makeup Lightweight Liquid Foundation SPF 27,Ivoire W,095,0.774509803921569,#DDC7AE,True,95.0,89.0
ColourPop,Pretty Fresh Foundation,Medium,95N,0.686274509803922,#CDA791,True,95.0,65.0
Catrice,HD Liquid Coverage Foundation,Deep Mahogany,095,0.984313725490196,#FBFBFB,True,95.0,59.0
Natasha Denona,Face Glow Foundation,DY,95,0.311764705882353,#614B3E,True,95.0,84.0
KVD Vegan Beauty,True Portrait Medium Coverage Shake Foundation,Deep,096,0.23921568627451,#4F352B,True,96.0,57.0
Clinique,Beyond Perfecting Foundation + Concealer,Chai,WN 96,0.6,#D7955B,,96.0,
Natasha Denona,Transformatte Pore Vanishing Matte Foundation,,96NR,0.464705882352941,#996354,True,96.0,67.0
Natasha Denona,Foundation X+,,96Nr,0.43921568627451,#82665E,True,96.0,68.0
KVD Vegan Beauty,True Portrait Medium Coverage Shake Foundation,Deep,098,0.22156862745098,#483329,True,98.0,57.0
Clinique,Stay Matte Oil-Free Makeup,Cream Caramel,WN 98,0.552941176470588,#C88852,,98.0,
Clinique,Beyond Perfecting Foundation + Concealer,Cream Caramel,WN 98,0.552941176470588,#C88852,,98.0,
Clinique,Even Better Glow Light Reflecting Makeup Broad Spectrum SPF 15,Cream Caramel,WN 98,0.545098039215686,#C78A4F,,98.0,
Catrice,HD Liquid Coverage Foundation,Deep Mocha,098,0.223529411764706,#493329,True,98.0,59.0
L'Oréal,Infallible Pro-Matte Liquid Longwear Foundation,True Porcelain,099,0.907843137254902,#FBE3D4,True,99.0,90.0
Anastasia Beverly Hills,Luminous Foundation,,100N,0.901960784313726,#F1E7DB,True,100.0,91.0
Almay,Clear Complexion Make Myself Clear Makeup,Ivory,100,0.772549019607843,#EAC0A0,True,100.0,92.0
L'Oréal,Infallible Pro-Matte Liquid Longwear Foundation,True Alabaster,100,0.909803921568627,#FCDFD4,True,100.0,90.0
Lancôme,Teint Idole Ultra Wear 24H Long Wear Foundation,Ivoire N,100,0.745098039215686,#E3B999,True,100.0,88.0
Juvia's Place,I Am Magic Foundation,Sudan,100,0.182352941176471,#382725,False,100.0,93.0
ColourPop,Pretty Fresh Foundation,Medium,100W,0.672549019607843,#D0AC87,True,100.0,65.0
Almay,Skin Perfecting Healthy Biome Makeup,Fair,100,0.72156862745098,#DFB691,True,100.0,94.0
ZOEVA,Authentik Skin Natural Luminous Foundation,CNFT,100W,0.786274509803922,#EDC9A4,True,100.0,78.0
SMITH & CULT,Veiled Threat Weightless Micro-Blurring Foundation,Neutral,100,0.905882352941176,#F4E2DA,True,100.0,95.0
FENTY BEAUTY by Rihanna,Pro Filt'r Soft Matte Powder Foundation,,100,0.925490196078431,#F9E6DF,True,100.0,96.0
FENTY BEAUTY by Rihanna,Pro Filt'r Soft Matte Longwear Foundation,,100,0.882352941176471,#FFDEC3,True,100.0,97.0
Rare Beauty by Selena Gomez,Liquid Touch Weightless Foundation,,100W,0.862745098039216,#F4DEC4,True,100.0,98.0
FENTY BEAUTY by Rihanna,Pro Filt'r Hydrating Longwear Foundation,,100,0.876470588235294,#FDDDC2,True,100.0,99.0
HUDA BEAUTY,#FauxFilter Skin Finish Buildable Coverage Foundation Stick,,100B,0.907843137254902,#FFE3D0,True,100.0,100.0
HUDA BEAUTY,#FauxFilter Full Coverage Matte Foundation,Milkshake,100B,0.825490196078431,#E8CEBD,True,100.0,101.0
Bite Beauty,Changemaker Supercharged Micellar Foundation,,T100,0.63921568627451,#CA977C,True,100.0,82.0
Origins,Pretty in Bloom™ SPF 20 Flower-Infused Long-Wear Foundation,,100,0.770588235294118,#E3C3A6,True,100.0,102.0
L'Oréal,Infallible Pro-Matte Liquid Longwear Foundation,Classic Ivory,101,0.803921568627451,#F7C2A3,True,101.0,90.0
Dose Of Colors,Meet Your Hue Foundation,Fair,101,0.93921568627451,#FCECE3,True,101.0,103.0
L'Oréal,Infallible Pro-Matte Liquid Longwear Foundation,Ivory Buff,101.5,0.809803921568627,#F4C9A9,True,101.5,90.0
Maybelline,Fit Me Matte + Poreless Liquid Foundation,Fair Porcelain,102,0.956862745098039,#FEF3EA,True,102.0,104.0
L'Oréal,Infallible Pro-Matte Liquid Longwear Foundation,Shell Beige,102,0.727450980392157,#E8A58B,True,102.0,90.0
Maybelline,Super Stay Full Coverage Foundation,Fair Porcelain,102,0.880392156862745,#EFE1D2,True,102.0,105.0
Dose Of Colors,Meet Your Hue Foundation,Fair,102,0.931372549019608,#FEEADD,True,102.0,103.0
AMOREPACIFIC,Color Control Cushion Compact Broad Spectrum SPF 50+,Light Pink,102,0.782352941176471,#E3BEAC,True,102.0,106.0
L'Oréal,Infallible Pro-Matte Liquid Longwear Foundation,Natural Buff,103,0.705882352941177,#EBA67D,True,103.0,90.0
Dose Of Colors,Meet Your Hue Foundation,Fair,103,0.913725490196078,#FCE7D6,True,103.0,103.0
L'Oréal,Infallible Pro-Matte Liquid Longwear Foundation,Golden Beige,104,0.698039215686274,#F2B072,True,104.0,90.0
Dose Of Colors,Meet Your Hue Foundation,Fair,104,0.858823529411765,#FCD9BA,True,104.0,103.0
AMOREPACIFIC,Color Control Cushion Compact Broad Spectrum SPF 50+,Light/Medium Pink,104,0.731372549019608,#DDB498,True,104.0,106.0
Givenchy,Teint Couture City Balm Radiant Perfecting Skin Tint SPF 25,,N104,0.782352941176471,#E0C5AF,True,104.0,107.0
L'Oréal,Infallible Pro-Matte Liquid Longwear Foundation,Nude Buff,104.5,0.715686274509804,#D8B195,True,104.5,90.0
KVD Vegan Beauty,Lock-It Powder Foundation,Fair,105,0.803921568627451,#DAC8C0,True,105.0,108.0
KVD Vegan Beauty,Lock-It Powder Foundation Refills,Fair,105,0.813725490196078,#EDC7B2,True,105.0,109.0
Maybelline,Fit Me Matte + Poreless Liquid Foundation,Fair Ivory,105,0.941176470588235,#FEEDE2,True,105.0,104.0
L'Oréal,Infallible Pro-Matte Liquid Longwear Foundation,Natural Beige,105,0.694117647058824,#EBAF77,True,105.0,90.0
Maybelline,Super Stay Full Coverage Foundation,Fairy Ivory,105,0.776470588235294,#E1C3AB,True,105.0,105.0
ColourPop,Pretty Fresh Foundation,Medium,105N,0.686274509803922,#CCA792,True,105.0,65.0
Dose Of Colors,Meet Your Hue Foundation,Fair,105,0.901960784313726,#FAE2D2,True,105.0,103.0
FENTY BEAUTY by Rihanna,Pro Filt'r Soft Matte Powder Foundation,,105,0.850980392156863,#F2DCC0,True,105.0,96.0
FENTY BEAUTY by Rihanna,Pro Filt'r Soft Matte Longwear Foundation,,105,0.854901960784314,#FFE3B5,True,105.0,97.0
FENTY BEAUTY by Rihanna,Pro Filt'r Hydrating Longwear Foundation,,105,0.856862745098039,#FFE3B6,True,105.0,99.0
Bite Beauty,Changemaker Supercharged Micellar Foundation,,T105,0.643137254901961,#CD997B,True,105.0,82.0
L'Oréal,Infallible Pro-Matte Liquid Longwear Foundation,Sun Beige,106,0.62156862745098,#DA9C63,True,106.0,90.0
Dose Of Colors,Meet Your Hue Foundation,Fair,106,0.837254901960784,#F5D1B6,True,106.0,103.0
AMOREPACIFIC,Color Control Cushion Compact Broad Spectrum SPF 50+,Medium Pink,106,0.701960784313725,#D8AA8E,True,106.0,106.0
L'Oréal,Infallible Pro-Matte Liquid Longwear Foundation,Shell,106.5,0.992156862745098,#FEFDFC,True,106.5,90.0
L'Oréal,Infallible Pro-Matte Liquid Longwear Foundation,Fresh Beige,107,0.601960784313725,#D5995E,True,107.0,90.0
Dose Of Colors,Meet Your Hue Foundation,Fair,107,0.831372549019608,#F5D0B3,True,107.0,103.0
L'Oréal,Infallible Pro-Matte Liquid Longwear Foundation,Ivory Beige,107.5,0.63921568627451,#CAA17C,True,107.5,90.0
L'Oréal,Infallible Pro-Matte Liquid Longwear Foundation,Carmel Beige,108,0.46078431372549,#BA7731,True,108.0,90.0
Dose Of Colors,Meet Your Hue Foundation,Light,108,0.813725490196078,#F2CDAD,True,108.0,103.0
L'Oréal,Infallible Pro-Matte Liquid Longwear Foundation,Honey Bisque,108.5,0.613725490196078,#D3A166,True,108.5,90.0
L'Oréal,Infallible Pro-Matte Liquid Longwear Foundation,Classic Tan,109,0.498039215686275,#C2743C,True,109.0,90.0
Dose Of Colors,Meet Your Hue Foundation,Light,109,0.803921568627451,#F0D0AA,True,109.0,103.0
Anastasia Beverly Hills,Luminous Foundation,,110C,0.9,#F0E7DB,True,110.0,91.0
KVD Vegan Beauty,Lock-It Powder Foundation,Fair,110,0.792156862745098,#D9C2BB,True,110.0,108.0
KVD Vegan Beauty,Lock-It Powder Foundation Refills,Fair,110,0.801960784313726,#DAC5BF,True,110.0,109.0
Lancôme,Teint Idole Ultra Longwear Foundation Stick SPF 21,Ivoire C,110,0.72156862745098,#E0B390,True,110.0,110.0
Revlon,ColorStay Makeup For Combo/Oily Skin,Ivory,110,0.825490196078431,#F9CAAC,True,110.0,111.0
Maybelline,Fit Me Matte + Poreless Liquid Foundation,Porcelain,110,0.927450980392157,#FEEDDB,True,110.0,104.0
L'Oréal,Infallible Pro-Matte Liquid Longwear Foundation,Creme Cafe,110,0.609803921568628,#DB965C,True,110.0,90.0
Revlon,ColorStay Makeup For Normal/Dry Skin,Ivory,110,0.825490196078431,#F9CAAC,True,110.0,112.0
Revlon,ColorStay Full Cover Foundation,Ivory,110,0.909803921568627,#FEE3D2,True,110.0,113.0
Maybelline,Super Stay Full Coverage Foundation,Porcelain,110,0.805882352941176,#E8CEB3,True,110.0,105.0
Lancôme,Teint Idole Ultra Wear 24H Long Wear Foundation,Ivoire C,110,0.717647058823529,#DEB390,True,110.0,88.0
Juvia's Place,I Am Magic Foundation,Senegal,110,0.249019607843137,#54332B,False,110.0,93.0
florence by mills,Like a Light Skin Tint,,MT110,0.57843137254902,#C18766,True,110.0,77.0
Lancôme,Rénergie Lift Makeup Lightweight Liquid Foundation SPF 27,Ivoire C,110,0.676470588235294,#D3AD86,True,110.0,89.0
ColourPop,Pretty Fresh Foundation,Medium,110W,0.680392156862745,#D4AE87,True,110.0,65.0
Revlon,ColorStay Light Cover Liquid Foundation,Ivory,110,0.743137254901961,#E7B094,True,110.0,114.0
Almay,Skin Perfecting Healthy Biome Makeup,Light,110,0.666666666666667,#D8B07C,True,110.0,94.0
ZOEVA,Authentik Skin Natural Luminous Foundation,Creative,110N,0.725490196078431,#E2B590,True,110.0,78.0
Essence,Pretty Natural Hydrating Foundation,Cool Beige,110,0.449019607843137,#A86E3D,True,110.0,79.0
Exa,High Fidelity Foundation,Fazon,110,0.272549019607843,#5B3930,False,110.0,115.0
SMITH & CULT,Veiled Threat Weightless Micro-Blurring Foundation,Neutral,110,0.805882352941176,#EBC8B0,True,110.0,95.0
Dose Of Colors,Meet Your Hue Foundation,Light,110,0.796078431372549,#F0CCA6,True,110.0,103.0
FENTY BEAUTY by Rihanna,Pro Filt'r Soft Matte Powder Foundation,,110,0.905882352941176,#F6DED8,True,110.0,96.0
FENTY BEAUTY by Rihanna,Pro Filt'r Soft Matte Longwear Foundation,,110,0.92156862745098,#FEDBD8,True,110.0,97.0
Rare Beauty by Selena Gomez,Liquid Touch Weightless Foundation,,110N,0.858823529411765,#F4D6C2,True,110.0,98.0
FENTY BEAUTY by Rihanna,Pro Filt'r Hydrating Longwear Foundation,,110,0.917647058823529,#FCDAD8,True,110.0,99.0
HUDA BEAUTY,#FauxFilter Skin Finish Buildable Coverage Foundation Stick,,110N,0.927450980392157,#FCEFDD,True,110.0,100.0
Gucci,Fluide De Beauté Fini Naturel - Natural Finish Fluid Foundation,,110C,0.831372549019608,#F4CDB4,True,110.0,116.0
HUDA BEAUTY,#FauxFilter Full Coverage Matte Foundation,Angel Food,110N,0.798039215686275,#EACAAD,True,110.0,101.0
Shiseido,Synchro Skin Self-Refreshing Foundation SPF 30,,110,0.888235294117647,#F9E7CC,True,110.0,117.0
La Mer,The Soft Fluid Long Wear Foundation SPF 20,Shell,110,0.864705882352941,#FCD3BD,True,110.0,118.0
Bite Beauty,Changemaker Supercharged Micellar Foundation,,T110,0.637254901960784,#CA947B,True,110.0,82.0
Shiseido,Synchro Skin Self-Refreshing Custom Finish Powder Foundation,Alabaster,110,0.811764705882353,#F0C8AE,True,110.0,119.0
Givenchy,Teint Couture City Balm Radiant Perfecting Skin Tint SPF 25,,C110,0.701960784313725,#CEAF98,True,110.0,107.0
Origins,Pretty in Bloom™ SPF 20 Flower-Infused Long-Wear Foundation,,110,0.805882352941176,#EBCEB0,True,110.0,102.0
L'Oréal,Infallible Pro-Matte Liquid Longwear Foundation,Soft Sable,111,0.403921568627451,#B0651E,True,111.0,90.0
Dose Of Colors,Meet Your Hue Foundation,Light,111,0.764705882352941,#EAC59C,True,111.0,103.0
Clinique,Stay Matte Oil-Free Makeup,Ginger,WN 112,0.505882352941176,#BF7B43,,112.0,
Clinique,Beyond Perfecting Foundation + Concealer,Ginger,WN 112,0.505882352941176,#BF7B43,,112.0,
Maybelline,Fit Me Matte + Poreless Liquid Foundation,Natural Ivory,112,0.9,#F6E2D5,True,112.0,104.0
L'Oréal,Infallible Pro-Matte Liquid Longwear Foundation,Cocoa,112,0.307843137254902,#884115,True,112.0,90.0
Clinique,Even Better Glow Light Reflecting Makeup Broad Spectrum SPF 15,Ginger,WN 112,0.468627450980392,#C1772E,,112.0,
Maybelline,Super Stay Full Coverage Foundation,Natural Ivory,112,0.774509803921569,#DEC6AD,True,112.0,105.0
Dose Of Colors,Meet Your Hue Foundation,Light,112,0.782352941176471,#F2C99D,True,112.0,103.0
L'Oréal,Infallible Pro-Matte Liquid Longwear Foundation,Brown Suede,113,0.42156862745098,#8E6149,True,113.0,90.0
Dose Of Colors,Meet Your Hue Foundation,Light,113,0.764705882352941,#F0C596,True,113.0,103.0
Koh Gen Do,Aqua Foundation,,113,0.813725490196078,#E6CFB9,True,113.0,63.0
Clinique,Even Better Refresh™ Hydrating and Repairing Foundation,Sepia,CN 113,0.547058823529412,#C57E52,,113.0,
Clinique,Stay Matte Oil-Free Makeup,Golden,WN 114,0.472549019607843,#B3743E,,114.0,
Clinique,Beyond Perfecting Foundation + Concealer,Golden,WN 114,0.472549019607843,#B3743E,,114.0,
L'Oréal,Infallible Pro-Matte Liquid Longwear Foundation,Rich Chocolate,114,0.313725490196078,#6F4A31,True,114.0,90.0
Clinique,Even Better Glow Light Reflecting Makeup Broad Spectrum SPF 15,Golden,WN 114,0.472549019607843,#AF7342,,114.0,
Dose Of Colors,Meet Your Hue Foundation,Light,114,0.76078431372549,#F0BE94,True,114.0,103.0
Clinique,Even Better Refresh™ Hydrating and Repairing Foundation,Golden,WN 114,0.458823529411765,#AE703C,,114.0,
KVD Vegan Beauty,Lock-It Powder Foundation,Fair,115,0.792156862745098,#DAC5BA,True,115.0,108.0
KVD Vegan Beauty,Lock-It Powder Foundation Refills,Fair,115,0.790196078431373,#DAC4B9,True,115.0,109.0
Maybelline,Fit Me Matte + Poreless Liquid Foundation,Ivory,115,0.847058823529412,#F8D3B8,True,115.0,104.0
L'Oréal,Infallible Pro-Matte Liquid Longwear Foundation,Rich Ebony,115,0.233333333333333,#552F22,True,115.0,90.0
Maybelline,Super Stay Full Coverage Foundation,Ivory,115,0.780392156862745,#E5C3A9,True,115.0,105.0
Dose Of Colors,Meet Your Hue Foundation,Light Medium,115,0.729411764705882,#E8BE8C,True,115.0,103.0
Bite Beauty,Changemaker Supercharged Micellar Foundation,,T115,0.611764705882353,#C9896F,True,115.0,82.0
Clinique,Even Better Refresh™ Hydrating and Repairing Foundation,Mocha,WN 115.5,0.494117647058824,#AE794E,,115.5,
Clinique,Stay Matte Oil-Free Makeup,Spice,CN 116,0.470588235294118,#AC7044,,116.0,
Dose Of Colors,Meet Your Hue Foundation,Light Medium,116,0.686274509803922,#E4B07A,True,116.0,103.0
Clinique,Beyond Perfecting Foundation + Concealer,Carob,CN 117,0.468627450980392,#9A6D55,,117.0,
Dose Of Colors,Meet Your Hue Foundation,Light Medium,117,0.666666666666667,#DFA575,True,117.0,103.0
Clinique,Stay Matte Oil-Free Makeup,Amber,WN 118,0.382352941176471,#995D2A,,118.0,
Clinique,Beyond Perfecting Foundation + Concealer,Amber,WN 118,0.382352941176471,#995D2A,,118.0,
Maybelline,Fit Me Matte + Poreless Liquid Foundation,Light Beige,118,0.811764705882353,#EFCEAF,True,118.0,104.0
Clinique,Even Better Glow Light Reflecting Makeup Broad Spectrum SPF 15,Amber,WN 118,0.450980392156863,#B16A35,,118.0,
Maybelline,Super Stay Full Coverage Foundation,Light Beige,118,0.747058823529412,#DEC19F,True,118.0,105.0
Dose Of Colors,Meet Your Hue Foundation,Light Medium,118,0.682352941176471,#E1AF7B,True,118.0,103.0
Dose Of Colors,Meet Your Hue Foundation,Light Medium,119,0.645098039215686,#DCA96D,True,119.0,103.0
Anastasia Beverly Hills,Luminous Foundation,,120W,0.809803921568627,#EFD0AE,True,120.0,91.0
KVD Vegan Beauty,Lock-It Powder Foundation,Fair,120,0.727450980392157,#DEAE95,True,120.0,108.0
KVD Vegan Beauty,Lock-It Powder Foundation Refills,Fair,120,0.735294117647059,#E0AF97,True,120.0,109.0
Lancôme,Dual Finish Multi-Tasking Lightweight Pressed Powder Foundation,Ivoire,120,0.835294117647059,#F1D1B9,True,120.0,120.0
Maybelline,Fit Me Matte + Poreless Liquid Foundation,Classic Ivory,120,0.817647058823529,#EDCAB4,True,120.0,104.0
Maybelline,Super Stay Full Coverage Foundation,Classic Ivory,120,0.743137254901961,#E0BD9B,True,120.0,105.0
Juvia's Place,I Am Magic Foundation,Chad,120,0.223529411764706,#4C2C26,False,120.0,93.0
florence by mills,Like a Light Skin Tint,,MT120,0.562745098039216,#C2865D,True,120.0,77.0
ColourPop,Pretty Fresh Foundation,Medium Dark,120W,0.631372549019608,#C7A07B,True,120.0,65.0
Almay,Skin Perfecting Healthy Biome Makeup,Beige,120,0.67843137254902,#D9A881,True,120.0,94.0
ZOEVA,Authentik Skin Natural Luminous Foundation,Daring,120N,0.752941176470588,#E9BE97,True,120.0,78.0
Exa,High Fidelity Foundation,Xia,120,0.329411764705882,#684A40,False,120.0,115.0
SMITH & CULT,Veiled Threat Weightless Micro-Blurring Foundation,Cool,120,0.896078431372549,#F2E2D7,True,120.0,95.0
Dose Of Colors,Meet Your Hue Foundation,Light Medium,120,0.670588235294118,#E6A870,True,120.0,103.0
FENTY BEAUTY by Rihanna,Pro Filt'r Soft Matte Powder Foundation,,120,0.856862745098039,#F2D5C3,True,120.0,96.0
FENTY BEAUTY by Rihanna,Pro Filt'r Soft Matte Longwear Foundation,,120,0.819607843137255,#FFC8A3,True,120.0,97.0
Rare Beauty by Selena Gomez,Liquid Touch Weightless Foundation,,120C,0.858823529411765,#F4D6C2,True,120.0,98.0
FENTY BEAUTY by Rihanna,Pro Filt'r Hydrating Longwear Foundation,,120,0.8,#F3C7A5,True,120.0,99.0
HUDA BEAUTY,#FauxFilter Skin Finish Buildable Coverage Foundation Stick,,120B,0.917647058823529,#FCE7D8,True,120.0,100.0
Gucci,Fluide De Beauté Fini Naturel - Natural Finish Fluid Foundation,,120N,0.798039215686275,#EDC8AA,True,120.0,116.0
HUDA BEAUTY,#FauxFilter Full Coverage Matte Foundation,Vanilla,120B,0.819607843137255,#F0CEB2,True,120.0,101.0
Shiseido,Synchro Skin Self-Refreshing Foundation SPF 30,,120,0.872549019607843,#FAE3C3,True,120.0,117.0
La Mer,The Soft Fluid Long Wear Foundation SPF 20,Ivory,120,0.917647058823529,#FDE6D7,True,120.0,118.0
Bite Beauty,Changemaker Supercharged Micellar Foundation,,T120,0.62156862745098,#C79376,True,120.0,82.0
Origins,Pretty in Bloom™ SPF 20 Flower-Infused Long-Wear Foundation,,120,0.754901960784314,#E3C59E,True,120.0,102.0
Dose Of Colors,Meet Your Hue Foundation,Light Medium,121,0.645098039215686,#DC956D,True,121.0,103.0
Clinique,Stay Matte Oil-Free Makeup,Clove,WN 122,0.384313725490196,#8F5435,,122.0,
Clinique,Beyond Perfecting Foundation + Concealer,Clove,WN 122,0.384313725490196,#8F5435,,122.0,
Maybelline,Fit Me Matte + Poreless Liquid Foundation,Creamy Beige,122,0.819607843137255,#F2C8B0,True,122.0,104.0
Clinique,Even Better Glow Light Reflecting Makeup Broad Spectrum SPF 15,Clove,WN 122,0.396078431372549,#945936,,122.0,
Dose Of Colors,Meet Your Hue Foundation,Medium Tan,122,0.588235294117647,#CD905F,True,122.0,103.0
Clinique,Even Better Refresh™ Hydrating and Repairing Foundation,Clove,WN 122,0.405882352941176,#975B38,,122.0,
Dose Of Colors,Meet Your Hue Foundation,Medium Tan,123,0.566666666666667,#CB8D56,True,123.0,103.0
Koh Gen Do,Aqua Foundation,,123,0.794117647058823,#E3C9B2,True,123.0,63.0
Clinique,Stay Matte Oil-Free Makeup,Sienna,WN 124,0.36078431372549,#845134,,124.0,
Maybelline,Fit Me Matte + Poreless Liquid Foundation,Soft Sand,124,0.813725490196078,#FACCA5,True,124.0,104.0
Clinique,Even Better Glow Light Reflecting Makeup Broad Spectrum SPF 15,Sienna,WN 124,0.376470588235294,#975929,,124.0,
Dose Of Colors,Meet Your Hue Foundation,Medium Tan,124,0.562745098039216,#CA8855,True,124.0,103.0
KVD Vegan Beauty,Lock-It Powder Foundation,Light,125,0.703921568627451,#D6A891,True,125.0,108.0
KVD Vegan Beauty,Lock-It Powder Foundation Refills,Light,125,0.709803921568627,#D7A793,True,125.0,109.0
Clinique,Beyond Perfecting Foundation + Concealer,Mahogany,WN 125,0.380392156862745,#815641,,125.0,
Maybelline,Fit Me Matte + Poreless Liquid Foundation,Nude Beige,125,0.786274509803922,#F7C49A,True,125.0,104.0
Maybelline,Super Stay Full Coverage Foundation,Nude Beige,125,0.729411764705882,#E3B791,True,125.0,105.0
ColourPop,Pretty Fresh Foundation,Med Dark,125N,0.656862745098039,#CDA082,True,125.0,65.0
Dose Of Colors,Meet Your Hue Foundation,Medium Tan,125,0.515686274509804,#BA7B4D,True,125.0,103.0
Bite Beauty,Changemaker Supercharged Micellar Foundation,,T125,0.572549019607843,#B8876C,True,125.0,82.0
Clinique,Even Better Refresh™ Hydrating and Repairing Foundation,Mahogany,WN 125,0.403921568627451,#90573E,,125.0,
Clinique,Even Better Glow Light Reflecting Makeup Broad Spectrum SPF 15,Espresso,CN 126,0.319607843137255,#7E4725,,126.0,
Dose Of Colors,Meet Your Hue Foundation,Medium Tan,126,0.480392156862745,#B6733F,True,126.0,103.0
Clinique,Even Better Refresh™ Hydrating and Repairing Foundation,Espresso,CN 126,0.313725490196078,#674839,,126.0,
Clinique,Beyond Perfecting Foundation + Concealer,Truffle,CN 127,0.333333333333333,#6F4A3B,,127.0,
Maybelline,Super Stay Full Coverage Foundation,Sand Beige,127,0.735294117647059,#ECBE8B,True,127.0,105.0
Dose Of Colors,Meet Your Hue Foundation,Medium Tan,127,0.443137254901961,#AE6C34,True,127.0,103.0
Maybelline,Fit Me Matte + Poreless Liquid Foundation,Warm Nude,128,0.76078431372549,#EBC099,True,128.0,104.0
Maybelline,Super Stay Full Coverage Foundation,Warm Nude,128,0.707843137254902,#D6B793,True,128.0,105.0
Dose Of Colors,Meet Your Hue Foundation,Medium Tan,128,0.423529411764706,#A26136,True,128.0,103.0
Dose Of Colors,Meet Your Hue Foundation,Dark,129,0.388235294117647,#935933,True,129.0,103.0
Anastasia Beverly Hills,Luminous Foundation,,130N,0.750980392156863,#D5C1AA,True,130.0,91.0
KVD Vegan Beauty,Lock-It Powder Foundation,Light,130,0.705882352941177,#DFAC89,True,130.0,108.0
KVD Vegan Beauty,Lock-It Powder Foundation Refills,Light,130,0.711764705882353,#E1AC8A,True,130.0,109.0
Lancôme,Dual Finish Multi-Tasking Lightweight Pressed Powder Foundation,Versatile Porcelaine Divoire I,130,0.9,#F8E3D3,True,130.0,120.0
Maybelline,Fit Me Matte + Poreless Liquid Foundation,Buff Beige,130,0.745098039215686,#EAB392,True,130.0,104.0
Revlon,ColorStay Makeup For Normal/Dry Skin,Porcelain,130,0.852941176470588,#FCDCB7,True,130.0,112.0
Maybelline,Super Stay Full Coverage Foundation,Buff Beige,130,0.652941176470588,#CAA183,True,130.0,105.0
Lancôme,Teint Idole Ultra Wear 24H Long Wear Foundation,Ivoire,130,0.729411764705882,#CFBFA5,True,130.0,88.0
Juvia's Place,I Am Magic Foundation,Mali,130,0.266666666666667,#613327,False,130.0,93.0
ColourPop,Pretty Fresh Foundation,Medium Dark,130N,0.631372549019608,#C5987D,True,130.0,65.0
Almay,Skin Perfecting Healthy Biome Makeup,Medium,130,0.645098039215686,#C79F82,True,130.0,94.0
ZOEVA,Authentik Skin Natural Luminous Foundation,Determined,130C,0.743137254901961,#E7B894,True,130.0,78.0
Essence,Pretty Natural Hydrating Foundation,Cool Ochre,130,0.464705882352941,#AC6F41,True,130.0,79.0
Exa,High Fidelity Foundation,Julie,130,0.337254901960784,#6A4F42,False,130.0,115.0
SMITH & CULT,Veiled Threat Weightless Micro-Blurring Foundation,Neutral,130,0.823529411764706,#F3C7B1,True,130.0,95.0
Dose Of Colors,Meet Your Hue Foundation,Dark,130,0.362745098039216,#8B512E,True,130.0,103.0
FENTY BEAUTY by Rihanna,Pro Filt'r Soft Matte Powder Foundation,,130,0.815686274509804,#EDCFB3,True,130.0,96.0
FENTY BEAUTY by Rihanna,Pro Filt'r Soft Matte Longwear Foundation,,130,0.805882352941176,#FDCF9E,True,130.0,97.0
Rare Beauty by Selena Gomez,Liquid Touch Weightless Foundation,,130N,0.782352941176471,#EAC2A5,True,130.0,98.0
FENTY BEAUTY by Rihanna,Pro Filt'r Hydrating Longwear Foundation,,130,0.784313725490196,#F1CE9F,True,130.0,99.0
HUDA BEAUTY,#FauxFilter Skin Finish Buildable Coverage Foundation Stick,,130G,0.896078431372549,#FCE7CD,True,130.0,100.0
Gucci,Fluide De Beauté Fini Naturel - Natural Finish Fluid Foundation,,130W,0.790196078431373,#EEC4A5,True,130.0,116.0
HUDA BEAUTY,#FauxFilter Full Coverage Matte Foundation,Panna Cotta,130G,0.815686274509804,#EDD1B3,True,130.0,101.0
Shiseido,Synchro Skin Self-Refreshing Foundation SPF 30,,130,0.868627450980392,#F7DFC4,True,130.0,117.0
La Mer,The Soft Fluid Long Wear Foundation SPF 20,Warm Ivory,130,0.917647058823529,#FDE7D7,True,130.0,118.0
Bite Beauty,Changemaker Supercharged Micellar Foundation,,T130,0.629411764705882,#C6927B,True,130.0,82.0
Shiseido,Synchro Skin Self-Refreshing Custom Finish Powder Foundation,Opal,130,0.805882352941176,#EFC9AC,True,130.0,119.0
Dose Of Colors,Meet Your Hue Foundation,Dark,131,0.345098039215686,#7E4A32,True,131.0,103.0
Dose Of Colors,Meet Your Hue Foundation,Dark,132,0.313725490196078,#794427,True,132.0,103.0
Dose Of Colors,Meet Your Hue Foundation,Dark,133,0.296078431372549,#714226,True,133.0,103.0
Dose Of Colors,Meet Your Hue Foundation,Dark,134,0.292156862745098,#6B3F2A,True,134.0,103.0
KVD Vegan Beauty,Lock-It Powder Foundation,Light,135,0.682352941176471,#D8A584,True,135.0,108.0
KVD Vegan Beauty,Lock-It Powder Foundation Refills,Light,135,0.686274509803922,#DAA484,True,135.0,109.0
ColourPop,Pretty Fresh Foundation,Medium Dark,135W,0.645098039215686,#CBA57E,True,135.0,65.0
Dose Of Colors,Meet Your Hue Foundation,Dark,135,0.270588235294118,#603D2A,True,135.0,103.0
Bite Beauty,Changemaker Supercharged Micellar Foundation,,T135,0.611764705882353,#C48C74,True,135.0,82.0
Dose Of Colors,Meet Your Hue Foundation,Deep,136,0.26078431372549,#5F3926,True,136.0,103.0
Dose Of Colors,Meet Your Hue Foundation,Deep,137,0.258823529411765,#5D3927,True,137.0,103.0
Dose Of Colors,Meet Your Hue Foundation,Deep,138,0.235294117647059,#503628,True,138.0,103.0
Dose Of Colors,Meet Your Hue Foundation,Deep,139,0.231372549019608,#4D3329,True,139.0,103.0
Anastasia Beverly Hills,Luminous Foundation,,140N,0.76078431372549,#DBC2A9,True,140.0,91.0
KVD Vegan Beauty,Lock-It Powder Foundation,Medium,140,0.674509803921569,#D9A57F,True,140.0,108.0
KVD Vegan Beauty,Lock-It Powder Foundation Refills,Medium,140,0.670588235294118,#DAA47C,True,140.0,109.0
Lancôme,Teint Idole Ultra Longwear Foundation Stick SPF 21,Ivoire N,140,0.707843137254902,#DFB58A,True,140.0,110.0
Lancôme,Dual Finish Multi-Tasking Lightweight Pressed Powder Foundation,Ivoire,140,0.898039215686275,#F6E3D4,True,140.0,120.0
Maybelline,Super Stay Full Coverage Foundation,Light Tan,140,0.752941176470588,#E9C797,True,140.0,105.0
Lancôme,Teint Idole Ultra Wear 24H Long Wear Foundation,Ivoire N,140,0.707843137254902,#DFB48A,True,140.0,88.0
Juvia's Place,I Am Magic Foundation,Angola,140,0.301960784313725,#723A28,False,140.0,93.0
florence by mills,Like a Light Skin Tint,,T140,0.525490196078431,#B67A56,True,140.0,77.0
Lancôme,Rénergie Lift Makeup Lightweight Liquid Foundation SPF 27,Porcelaine 20 C,140,0.988235294117647,#FCFCFC,True,140.0,89.0
Almay,Skin Perfecting Healthy Biome Makeup,Golden,140,0.647058823529412,#D7A173,True,140.0,94.0
ZOEVA,Authentik Skin Natural Luminous Foundation,Energetic,140N,0.749019607843137,#E9BD95,True,140.0,78.0
Essence,Pretty Natural Hydrating Foundation,neutral buff,140,0.456862745098039,#AC6E3D,True,140.0,79.0
Exa,High Fidelity Foundation,Nya,140,0.4,#885A44,False,140.0,115.0
SMITH & CULT,Veiled Threat Weightless Micro-Blurring Foundation,Warm,140,0.796078431372549,#EFCEA7,True,140.0,95.0
Dose Of Colors,Meet Your Hue Foundation,Deep,140,0.225490196078431,#4A3029,True,140.0,103.0
FENTY BEAUTY by Rihanna,Pro Filt'r Soft Matte Powder Foundation,,140,0.847058823529412,#F0D5C0,True,140.0,96.0
FENTY BEAUTY by Rihanna,Pro Filt'r Soft Matte Longwear Foundation,,140,0.786274509803922,#F9C998,True,140.0,97.0
Rare Beauty by Selena Gomez,Liquid Touch Weightless Foundation,,140C,0.87843137254902,#F7DBC9,True,140.0,98.0
FENTY BEAUTY by Rihanna,Pro Filt'r Hydrating Longwear Foundation,,140,0.762745098039216,#ECC899,True,140.0,99.0
HUDA BEAUTY,#FauxFilter Skin Finish Buildable Coverage Foundation Stick,,140G,0.894117647058824,#FAE0CE,True,140.0,100.0
Gucci,Fluide De Beauté Fini Naturel - Natural Finish Fluid Foundation,,140W,0.776470588235294,#EAC0A2,True,140.0,116.0
HUDA BEAUTY,#FauxFilter Full Coverage Matte Foundation,Cashew,140G,0.768627450980392,#EAC49E,True,140.0,101.0
Shiseido,Synchro Skin Self-Refreshing Foundation SPF 30,,140,0.862745098039216,#F6DCC2,True,140.0,117.0
La Mer,The Soft Fluid Long Wear Foundation SPF 20,Alabaster,140,0.917647058823529,#FDE5D7,True,140.0,118.0
Dose Of Colors,Meet Your Hue Foundation,Deep,141,0.203921568627451,#442E24,True,141.0,103.0
Dose Of Colors,Meet Your Hue Foundation,Deep,142,0.190196078431373,#3D2A24,True,142.0,103.0
Koh Gen Do,Aqua Foundation,,143,0.705882352941177,#D7B191,True,143.0,63.0
KVD Vegan Beauty,Lock-It Powder Foundation,Medium,145,0.63921568627451,#D29874,True,145.0,108.0
KVD Vegan Beauty,Lock-It Powder Foundation Refills,Medium,145,0.635294117647059,#D29A72,True,145.0,109.0
ColourPop,Pretty Fresh Foundation,Med Dark,145W,0.623529411764706,#C99C75,True,145.0,65.0
FENTY BEAUTY by Rihanna,Pro Filt'r Soft Matte Powder Foundation,,145,0.768627450980392,#E9CC9F,True,145.0,96.0
FENTY BEAUTY by Rihanna,Pro Filt'r Soft Matte Longwear Foundation,,145,0.796078431372549,#FACD9C,True,145.0,97.0
FENTY BEAUTY by Rihanna,Pro Filt'r Hydrating Longwear Foundation,,145,0.776470588235294,#EECC9E,True,145.0,99.0
ColourPop,Pretty Fresh Foundation,Medium Dark,147W,0.6,#BE9774,True,147.0,65.0
ColourPop,Pretty Fresh Foundation,Med Dark,148N,0.609803921568628,#C19276,True,148.0,65.0
Anastasia Beverly Hills,Luminous Foundation,,150W,0.798039215686275,#EFCDA8,True,150.0,91.0
KVD Vegan Beauty,Lock-It Powder Foundation,Medium,150,0.631372549019608,#D19A71,True,150.0,108.0
KVD Vegan Beauty,Lock-It Powder Foundation Refills,Medium,150,0.631372549019608,#D19A71,True,150.0,109.0
Revlon,ColorStay Makeup For Combo/Oily Skin,Buff,150,0.801960784313726,#F8C6A1,True,150.0,111.0
Revlon,ColorStay Makeup For Normal/Dry Skin,Buff,150,0.801960784313726,#F8C6A1,True,150.0,112.0
Revlon,ColorStay Full Cover Foundation,Buff,150,0.831372549019608,#F4D6B4,True,150.0,113.0
Juvia's Place,I Am Magic Foundation,Kano,150,0.352941176470588,#8B4329,False,150.0,93.0
Revlon,ColorStay Light Cover Liquid Foundation,Buff,150,0.72156862745098,#DFB891,True,150.0,114.0
Almay,Skin Perfecting Healthy Biome Makeup,Tan,150,0.607843137254902,#D49D62,True,150.0,94.0
ZOEVA,Authentik Skin Natural Luminous Foundation,Fabulous,150C,0.737254901960784,#E9B98F,True,150.0,78.0
Exa,High Fidelity Foundation,Dequan,150,0.368627450980392,#7B5241,False,150.0,115.0
SMITH & CULT,Veiled Threat Weightless Micro-Blurring Foundation,Warm,150,0.776470588235294,#E8C6A4,True,150.0,95.0
FENTY BEAUTY by Rihanna,Pro Filt'r Soft Matte Powder Foundation,,150,0.825490196078431,#EBD1BA,True,150.0,96.0
FENTY BEAUTY by Rihanna,Pro Filt'r Soft Matte Longwear Foundation,,150,0.737254901960784,#EDB48B,True,150.0,97.0
Rare Beauty by Selena Gomez,Liquid Touch Weightless Foundation,,150C,0.825490196078431,#EFC9B6,True,150.0,98.0
FENTY BEAUTY by Rihanna,Pro Filt'r Hydrating Longwear Foundation,,150,0.713725490196078,#DEB48E,True,150.0,99.0
HUDA BEAUTY,#FauxFilter Skin Finish Buildable Coverage Foundation Stick,,150G,0.837254901960784,#F7D9B4,True,150.0,100.0
Gucci,Fluide De Beauté Fini Naturel - Natural Finish Fluid Foundation,,150C,0.73921568627451,#E5B494,True,150.0,116.0
HUDA BEAUTY,#FauxFilter Full Coverage Matte Foundation,Crème Brulée,150G,0.692156862745098,#D4B08D,True,150.0,101.0
Shiseido,Synchro Skin Self-Refreshing Foundation SPF 30,,150,0.827450980392157,#F3CEB3,True,150.0,117.0
La Mer,The Soft Fluid Long Wear Foundation SPF 20,Natural,150,0.854901960784314,#F6D1BE,True,150.0,118.0
Bite Beauty,Changemaker Supercharged Micellar Foundation,,D150,0.617647058823529,#C28F79,True,150.0,82.0
Shiseido,Synchro Skin Self-Refreshing Custom Finish Powder Foundation,Lace,150,0.798039215686275,#EEC9A9,True,150.0,119.0
ColourPop,Pretty Fresh Foundation,Dark,153C,0.550980392156863,#B18068,True,153.0,65.0
KVD Vegan Beauty,Lock-It Powder Foundation,Medium,155,0.598039215686274,#CC8F65,True,155.0,108.0
KVD Vegan Beauty,Lock-It Powder Foundation Refills,Medium,155,0.6,#CD9065,True,155.0,109.0
ColourPop,Pretty Fresh Foundation,Dark,155W,0.537254901960784,#B3855F,True,155.0,65.0
Bite Beauty,Changemaker Supercharged Micellar Foundation,,D155,0.549019607843137,#B47C64,True,155.0,82.0
ColourPop,Pretty Fresh Foundation,Dark,157W,0.545098039215686,#AE8468,True,157.0,65.0
Anastasia Beverly Hills,Luminous Foundation,,160C,0.762745098039216,#DEC5A7,True,160.0,91.0
KVD Vegan Beauty,Lock-It Powder Foundation,Tan,160,0.550980392156863,#C48855,True,160.0,108.0
KVD Vegan Beauty,Lock-It Powder Foundation Refills,Tan,160,0.556862745098039,#C48858,True,160.0,109.0
Lancôme,Teint Idole Ultra Wear 24H Long Wear Foundation,Ivoire W,160,0.713725490196078,#DEAF8E,True,160.0,88.0
florence by mills,Like a Light Skin Tint,,TD160,0.503921568627451,#AE7153,True,160.0,77.0
Lancôme,Rénergie Lift Makeup Lightweight Liquid Foundation SPF 27,Ivoire W,160,0.686274509803922,#D3A98B,True,160.0,89.0
ZOEVA,Authentik Skin Natural Luminous Foundation,Faith,160N,0.73921568627451,#E6B793,True,160.0,78.0
Exa,High Fidelity Foundation,Elliot,160,0.370588235294118,#7B5742,False,160.0,115.0
SMITH & CULT,Veiled Threat Weightless Micro-Blurring Foundation,Neutral,160,0.790196078431373,#ECC3A7,True,160.0,95.0
FENTY BEAUTY by Rihanna,Pro Filt'r Soft Matte Powder Foundation,,160,0.811764705882353,#EFCAAF,True,160.0,96.0
FENTY BEAUTY by Rihanna,Pro Filt'r Soft Matte Longwear Foundation,,160,0.807843137254902,#FEC29E,True,160.0,97.0
Rare Beauty by Selena Gomez,Liquid Touch Weightless Foundation,,160C,0.805882352941176,#F3C3A8,True,160.0,98.0
FENTY BEAUTY by Rihanna,Pro Filt'r Hydrating Longwear Foundation,,160,0.784313725490196,#F1C29F,True,160.0,99.0
Gucci,Fluide De Beauté Fini Naturel - Natural Finish Fluid Foundation,,160N,0.731372549019608,#E7B38E,True,160.0,116.0
Shiseido,Synchro Skin Self-Refreshing Foundation SPF 30,,160,0.811764705882353,#F6CFA8,True,160.0,117.0
La Mer,The Soft Fluid Long Wear Foundation SPF 20,Crème,160,0.847058823529412,#F9DBB7,True,160.0,118.0
Bite Beauty,Changemaker Supercharged Micellar Foundation,,D160,0.531372549019608,#AC7863,True,160.0,82.0
Shiseido,Synchro Skin Self-Refreshing Custom Finish Powder Foundation,Shell,160,0.776470588235294,#F0C19C,True,160.0,119.0
KVD Vegan Beauty,Lock-It Powder Foundation,Tan,165,0.588235294117647,#D08C5C,True,165.0,108.0
KVD Vegan Beauty,Lock-It Powder Foundation Refills,Tan,165,0.598039215686274,#D18D60,True,165.0,109.0
Bite Beauty,Changemaker Supercharged Micellar Foundation,,D165,0.53921568627451,#B17662,True,165.0,82.0
KVD Vegan Beauty,Lock-It Powder Foundation,Tan,170,0.576470588235294,#CA8C5C,True,170.0,108.0
KVD Vegan Beauty,Lock-It Powder Foundation Refills,Tan,170,0.580392156862745,#C98D5F,True,170.0,109.0
florence by mills,Like a Light Skin Tint,,D170,0.450980392156863,#98664E,True,170.0,77.0
ColourPop,Pretty Fresh Foundation,Dark,170N,0.53921568627451,#AC7F67,True,170.0,65.0
ZOEVA,Authentik Skin Natural Luminous Foundation,Fearless,170W,0.729411764705882,#E8B88C,True,170.0,78.0
Essence,Pretty Natural Hydrating Foundation,Neutral Cashmere,170,0.423529411764706,#A26936,True,170.0,79.0
Exa,High Fidelity Foundation,Paetynn,170,0.394117647058824,#985B31,False,170.0,115.0
SMITH & CULT,Veiled Threat Weightless Micro-Blurring Foundation,Warm,170,0.798039215686275,#EDC1AA,True,170.0,95.0
FENTY BEAUTY by Rihanna,Pro Filt'r Soft Matte Powder Foundation,,170,0.786274509803922,#E7C2AA,True,170.0,96.0
FENTY BEAUTY by Rihanna,Pro Filt'r Soft Matte Longwear Foundation,,170,0.803921568627451,#F8C1A2,True,170.0,97.0
Rare Beauty by Selena Gomez,Liquid Touch Weightless Foundation,,170W,0.772549019607843,#E6C5A4,True,170.0,98.0
FENTY BEAUTY by Rihanna,Pro Filt'r Hydrating Longwear Foundation,,170,0.77843137254902,#EAC1A3,True,170.0,99.0
Gucci,Fluide De Beauté Fini Naturel - Natural Finish Fluid Foundation,,170W,0.762745098039216,#EABF9B,True,170.0,116.0
La Mer,The Soft Fluid Long Wear Foundation SPF 20,Warm Cameo,170,0.892156862745098,#FDE2CA,True,170.0,118.0
Bite Beauty,Changemaker Supercharged Micellar Foundation,,D170,0.515686274509804,#A8705F,True,170.0,82.0
ColourPop,Pretty Fresh Foundation,Dark,173N,0.511764705882353,#A6775F,True,173.0,65.0
KVD Vegan Beauty,Lock-It Powder Foundation,Tan,175,0.592156862745098,#D08D5E,True,175.0,108.0
KVD Vegan Beauty,Lock-It Powder Foundation Refills,Tan,175,0.596078431372549,#D08C60,True,175.0,109.0
ColourPop,Pretty Fresh Foundation,Dark,175W,0.558823529411765,#B1856C,True,175.0,65.0
Bite Beauty,Changemaker Supercharged Micellar Foundation,,D175,0.503921568627451,#A16F60,True,175.0,82.0
KVD Vegan Beauty,Lock-It Powder Foundation,Tan Deep,180,0.56078431372549,#C68458,True,180.0,108.0
KVD Vegan Beauty,Lock-It Powder Foundation Refills,Tan Deep,180,0.564705882352941,#C78459,True,180.0,109.0
Revlon,ColorStay Makeup For Combo/Oily Skin,Sand Beige,180,0.772549019607843,#F2BD98,True,180.0,111.0
Revlon,ColorStay Makeup For Normal/Dry Skin,Sand Beige,180,0.772549019607843,#F2BD98,True,180.0,112.0
florence by mills,Like a Light Skin Tint,,D180,0.450980392156863,#9C644A,True,180.0,77.0
ColourPop,Pretty Fresh Foundation,Dark,180N,0.535294117647059,#A67C6B,True,180.0,65.0
ZOEVA,Authentik Skin Natural Luminous Foundation,Freedom,180C,0.690196078431373,#E1AB7F,True,180.0,78.0
Essence,Pretty Natural Hydrating Foundation,cool terra,180,0.413725490196078,#A06733,True,180.0,79.0
Exa,High Fidelity Foundation,Annette,180,0.37843137254902,#915F30,False,180.0,115.0
SMITH & CULT,Veiled Threat Weightless Micro-Blurring Foundation,Cool,180,0.750980392156863,#E6B299,True,180.0,95.0
FENTY BEAUTY by Rihanna,Pro Filt'r Soft Matte Powder Foundation,,180,0.829411764705882,#F3CFB4,True,180.0,96.0
FENTY BEAUTY by Rihanna,Pro Filt'r Soft Matte Longwear Foundation,,180,0.73921568627451,#F8B481,True,180.0,97.0
Rare Beauty by Selena Gomez,Liquid Touch Weightless Foundation,,180W,0.782352941176471,#E8C2A7,True,180.0,98.0
FENTY BEAUTY by Rihanna,Pro Filt'r Hydrating Longwear Foundation,,180,0.713725490196078,#E7B485,True,180.0,99.0
Gucci,Fluide De Beauté Fini Naturel - Natural Finish Fluid Foundation,,180W,0.76078431372549,#E7BF9D,True,180.0,116.0
La Mer,The Soft Fluid Long Wear Foundation SPF 20,Linen,180,0.792156862745098,#EFC9A5,True,180.0,118.0
Bite Beauty,Changemaker Supercharged Micellar Foundation,,D180,0.488235294117647,#976A62,True,180.0,82.0
KVD Vegan Beauty,Lock-It Powder Foundation,Tan Deep,185,0.447058823529412,#A16543,True,185.0,108.0
KVD Vegan Beauty,Lock-It Powder Foundation Refills,Tan Deep,185,0.46078431372549,#A56A46,True,185.0,109.0
ColourPop,Pretty Fresh Foundation,Deep Dark,185W,0.458823529411765,#A56945,True,185.0,65.0
FENTY BEAUTY by Rihanna,Pro Filt'r Soft Matte Powder Foundation,,185,0.780392156862745,#EDC5A1,True,185.0,96.0
FENTY BEAUTY by Rihanna,Pro Filt'r Soft Matte Longwear Foundation,,185,0.825490196078431,#FED0A7,True,185.0,97.0
FENTY BEAUTY by Rihanna,Pro Filt'r Hydrating Longwear Foundation,,185,0.803921568627451,#F2D0A8,True,185.0,99.0
Bite Beauty,Changemaker Supercharged Micellar Foundation,,D185,0.4,#795853,True,185.0,82.0
KVD Vegan Beauty,Lock-It Powder Foundation,Tan Deep,190,0.449019607843137,#A26843,True,190.0,108.0
KVD Vegan Beauty,Lock-It Powder Foundation Refills,Tan Deep,190,0.454901960784314,#A46B44,True,190.0,109.0
Lancôme,Teint Idole Ultra Wear 24H Long Wear Foundation,Ivoire W,190,0.676470588235294,#DDB07C,True,190.0,88.0
ColourPop,Pretty Fresh Foundation,Deep Dark,190W,0.476470588235294,#A37050,True,190.0,65.0
ZOEVA,Authentik Skin Natural Luminous Foundation,Generous,190N,0.703921568627451,#E3B284,True,190.0,78.0
Exa,High Fidelity Foundation,,190,0.458823529411765,#966C54,False,190.0,115.0
SMITH & CULT,Veiled Threat Weightless Micro-Blurring Foundation,Warm,190,0.749019607843137,#EBB793,True,190.0,95.0
FENTY BEAUTY by Rihanna,Pro Filt'r Soft Matte Powder Foundation,,190,0.776470588235294,#E8C2A4,True,190.0,96.0
FENTY BEAUTY by Rihanna,Pro Filt'r Soft Matte Longwear Foundation,,190,0.782352941176471,#F6C299,True,190.0,97.0
Rare Beauty by Selena Gomez,Liquid Touch Weightless Foundation,,190W,0.76078431372549,#E7C49D,True,190.0,98.0
FENTY BEAUTY by Rihanna,Pro Filt'r Hydrating Longwear Foundation,,190,0.758823529411765,#E8C29B,True,190.0,99.0
KVD Vegan Beauty,Lock-It Powder Foundation,Deep,195,0.470588235294118,#A4674C,True,195.0,108.0
KVD Vegan Beauty,Lock-It Powder Foundation Refills,Deep,195,0.464705882352941,#A3684A,True,195.0,109.0
Anastasia Beverly Hills,Luminous Foundation,,200W,0.780392156862745,#EDCAA1,True,200.0,91.0
KVD Vegan Beauty,Lock-It Powder Foundation,Deep,200,0.437254901960784,#9F6240,True,200.0,108.0
KVD Vegan Beauty,Lock-It Powder Foundation Refills,Deep,200,0.433333333333333,#9C6141,True,200.0,109.0
Revlon,ColorStay Makeup For Combo/Oily Skin,Nude,200,0.766666666666667,#F1B396,True,200.0,111.0
Almay,Clear Complexion Make Myself Clear Makeup,Buff,200,0.73921568627451,#E7B692,True,200.0,92.0
Revlon,ColorStay Makeup For Normal/Dry Skin,Nude,200,0.766666666666667,#F1B396,True,200.0,112.0
Revlon,ColorStay Full Cover Foundation,Nude,200,0.82156862745098,#F5CCAE,True,200.0,113.0
Juvia's Place,I Am Magic Foundation,Kenya,200,0.349019607843137,#8D4525,False,200.0,93.0
florence by mills,Like a Light Skin Tint,,D200,0.33921568627451,#664D47,True,200.0,77.0
ColourPop,Pretty Fresh Foundation,Deep Dark,200N,0.470588235294118,#986A58,True,200.0,65.0
ZOEVA,Authentik Skin Natural Luminous Foundation,Geniune,200W,0.701960784313725,#E8B37E,True,200.0,78.0
Exa,High Fidelity Foundation,Rae,200,0.362745098039216,#8D562C,False,200.0,115.0
SMITH & CULT,Veiled Threat Weightless Micro-Blurring Foundation,Neutral,200,0.698039215686274,#DDAE87,True,200.0,95.0
FENTY BEAUTY by Rihanna,Pro Filt'r Soft Matte Powder Foundation,,200,0.794117647058823,#EAC4AB,True,200.0,96.0
FENTY BEAUTY by Rihanna,Pro Filt'r Soft Matte Longwear Foundation,,200,0.794117647058823,#FAC29B,True,200.0,97.0
Rare Beauty by Selena Gomez,Liquid Touch Weightless Foundation,,200C,0.774509803921569,#EFC39C,True,200.0,98.0
FENTY BEAUTY by Rihanna,Pro Filt'r Hydrating Longwear Foundation,,200,0.766666666666667,#EBC19C,True,200.0,99.0
HUDA BEAUTY,#FauxFilter Skin Finish Buildable Coverage Foundation Stick,,200B,0.890196078431372,#F9DFCD,True,200.0,100.0
HUDA BEAUTY,#FauxFilter Full Coverage Matte Foundation,Shortbread,200B,0.690196078431373,#D2AF8E,True,200.0,101.0
La Mer,The Soft Fluid Long Wear Foundation SPF 20,Dune,200,0.82156862745098,#EEC8B5,True,200.0,118.0
Givenchy,Teint Couture City Balm Radiant Perfecting Skin Tint SPF 25,,N200,0.676470588235294,#CEAE8B,True,200.0,107.0
Origins,Pretty in Bloom™ SPF 20 Flower-Infused Long-Wear Foundation,,200,0.784313725490196,#E5C5AB,True,200.0,102.0
AMOREPACIFIC,Color Control Cushion Compact Broad Spectrum SPF 50+,Light/Medium Yellow,204,0.684313725490196,#D5A988,True,204.0,106.0
KVD Vegan Beauty,Lock-It Powder Foundation,Deep,205,0.445098039215686,#A36140,True,205.0,108.0
KVD Vegan Beauty,Lock-It Powder Foundation Refills,Deep,205,0.445098039215686,#A4633F,True,205.0,109.0
CoverGirl,Olay Simply Ageless Foundation,Ivory,205,0.907843137254902,#F9E4D6,True,205.0,121.0
Lancôme,Dual Finish Multi-Tasking Lightweight Pressed Powder Foundation,Versatile Neutrale II,205,0.829411764705882,#F3D2B4,True,205.0,120.0
Juvia's Place,I Am Magic Foundation,Tanzania,205,0.345098039215686,#894327,False,205.0,93.0
ColourPop,Pretty Fresh Foundation,Deep Dark,205N,0.445098039215686,#906253,True,205.0,65.0
MAKE UP FOR EVER,Ultra HD Invisible Cover Foundation,,Y205,0.796078431372549,#E0C4B6,True,205.0,122.0
MAKE UP FOR EVER,Matte Velvet Skin Full Coverage Foundation,,Y205,0.896078431372549,#F7E6D2,True,205.0,123.0
MAKE UP FOR EVER,Ultra HD Invisible Cover Stick Foundation,,Y205,0.837254901960784,#E9CDC2,True,205.0,124.0
Givenchy,Teint Couture City Balm Radiant Perfecting Skin Tint SPF 25,,C205,0.682352941176471,#C9AB93,True,205.0,107.0
MAKE UP FOR EVER,Reboot Active Care Revitalizing Foundation,,R208,0.786274509803922,#E3C5AE,True,208.0,125.0
AMOREPACIFIC,Color Control Cushion Compact Broad Spectrum SPF 50+,Medium Yellow,208,0.647058823529412,#D19B79,True,208.0,106.0
Givenchy,Teint Couture City Balm Radiant Perfecting Skin Tint SPF 25,,W208,0.66078431372549,#C9A488,True,208.0,107.0
Anastasia Beverly Hills,Luminous Foundation,,210N,0.788235294117647,#E8C9AA,True,210.0,91.0
KVD Vegan Beauty,Lock-It Powder Foundation,Deep,210,0.452941176470588,#A16246,True,210.0,108.0
KVD Vegan Beauty,Lock-It Powder Foundation Refills,Deep,210,0.452941176470588,#A36244,True,210.0,109.0
Lancôme,Teint Idole Ultra Longwear Foundation Stick SPF 21,Buff N,210,0.731372549019608,#DEB997,True,210.0,110.0
CoverGirl,Olay Simply Ageless Foundation,Classic Ivory,210,0.792156862745098,#EAC9AA,True,210.0,121.0
Lancôme,Dual Finish Multi-Tasking Lightweight Pressed Powder Foundation,Versatile Clair II,210,0.817647058823529,#F0CDB1,True,210.0,120.0
Revlon,ColorStay Full Cover Foundation,Sand Beige,210,0.807843137254902,#ECCDB0,True,210.0,113.0
Lancôme,Teint Idole Ultra Wear 24H Long Wear Foundation,Buff N,210,0.727450980392157,#DDB896,True,210.0,88.0
Juvia's Place,I Am Magic Foundation,Togo,210,0.319607843137255,#7A4129,False,210.0,93.0
Lancôme,Rénergie Lift Makeup Lightweight Liquid Foundation SPF 27,Buff N,210,0.668627450980392,#D7A87E,True,210.0,89.0
ColourPop,Pretty Fresh Foundation,Deep Dark,210C,0.388235294117647,#7C534A,True,210.0,65.0
Revlon,ColorStay Light Cover Liquid Foundation,Crème Brulee,210,0.694117647058824,#D6B28C,True,210.0,114.0
ZOEVA,Authentik Skin Natural Luminous Foundation,Gifted,210N,0.668627450980392,#DDA278,True,210.0,78.0
Exa,High Fidelity Foundation,Jessica,210,0.472549019607843,#B07541,False,210.0,115.0
SMITH & CULT,Veiled Threat Weightless Micro-Blurring Foundation,Cool,210,0.690196078431373,#DFA881,True,210.0,95.0
FENTY BEAUTY by Rihanna,Pro Filt'r Soft Matte Powder Foundation,,210,0.725490196078431,#E2B190,True,210.0,96.0
FENTY BEAUTY by Rihanna,Pro Filt'r Soft Matte Longwear Foundation,,210,0.784313725490196,#F6C29A,True,210.0,97.0
MAKE UP FOR EVER,Ultra HD Invisible Cover Foundation,,R210,0.711764705882353,#D0AF9B,True,210.0,122.0
Rare Beauty by Selena Gomez,Liquid Touch Weightless Foundation,,210N,0.711764705882353,#E2B489,True,210.0,98.0
MAKE UP FOR EVER,Matte Velvet Skin Blurring Powder Foundation,,R210,0.923529411764706,#FFE2D8,True,210.0,126.0
FENTY BEAUTY by Rihanna,Pro Filt'r Hydrating Longwear Foundation,,210,0.762745098039216,#E9C19C,True,210.0,99.0
HUDA BEAUTY,#FauxFilter Skin Finish Buildable Coverage Foundation Stick,,210B,0.807843137254902,#F0CBAC,True,210.0,100.0
Gucci,Fluide De Beauté Fini Naturel - Natural Finish Fluid Foundation,,210N,0.719607843137255,#DFB090,True,210.0,116.0
MAKE UP FOR EVER,Matte Velvet Skin Full Coverage Foundation,,R210,0.882352941176471,#F2E1D0,True,210.0,123.0
HUDA BEAUTY,#FauxFilter Full Coverage Matte Foundation,Chai,210B,0.707843137254902,#DDAF8C,True,210.0,101.0
Shiseido,Synchro Skin Self-Refreshing Foundation SPF 30,,210,0.833333333333333,#F5D3B4,True,210.0,117.0
La Mer,The Soft Fluid Long Wear Foundation SPF 20,Bisque,210,0.684313725490196,#CAA493,True,210.0,118.0
ColourPop,Pretty Fresh Foundation,Deep Dark,213C,0.388235294117647,#855341,True,213.0,65.0
Koh Gen Do,Aqua Foundation,,213,0.776470588235294,#DFC5AD,True,213.0,63.0
KVD Vegan Beauty,Lock-It Powder Foundation,Rich Deep,215,0.449019607843137,#9D5F48,True,215.0,108.0
KVD Vegan Beauty,Lock-It Powder Foundation Refills,Rich Deep,215,0.441176470588235,#9A5E47,True,215.0,109.0
CoverGirl,Olay Simply Ageless Foundation,Natural Ivory,215,0.754901960784314,#E3B49E,True,215.0,121.0
Lancôme,Teint Idole Ultra Wear 24H Long Wear Foundation,Buff N,215,0.719607843137255,#DFB290,True,215.0,88.0
ColourPop,Pretty Fresh Foundation,Deep Dark,215N,0.331372549019608,#6A483F,True,215.0,65.0
MAKE UP FOR EVER,Ultra HD Invisible Cover Foundation,,Y215,0.76078431372549,#DDBFA7,True,215.0,122.0
MAKE UP FOR EVER,Matte Velvet Skin Blurring Powder Foundation,,Y215,0.903921568627451,#FFDDCE,True,215.0,126.0
MAKE UP FOR EVER,Matte Velvet Skin Full Coverage Foundation,,Y215,0.866666666666667,#F1E1C9,True,215.0,123.0
MAKE UP FOR EVER,Ultra HD Invisible Cover Stick Foundation,,Y215,0.725490196078431,#D9B199,True,215.0,124.0
MAKE UP FOR EVER,Ultra HD Invisible Cover Foundation,,Y218,0.747058823529412,#DDC0A0,True,218.0,122.0
MAKE UP FOR EVER,Reboot Active Care Revitalizing Foundation,,Y218,0.766666666666667,#E2C2A5,True,218.0,125.0
Anastasia Beverly Hills,Luminous Foundation,,220N,0.711764705882353,#D5B596,True,220.0,91.0
KVD Vegan Beauty,Lock-It Powder Foundation,Rich Deep,220,0.411764705882353,#9C5936,True,220.0,108.0
KVD Vegan Beauty,Lock-It Powder Foundation Refills,Rich Deep,220,0.413725490196078,#9D5936,True,220.0,109.0
CoverGirl,Olay Simply Ageless Foundation,Creamy Natural,220,0.803921568627451,#EAC9B0,True,220.0,121.0
Lancôme,Dual Finish Multi-Tasking Lightweight Pressed Powder Foundation,Versatile Buff II,220,0.819607843137255,#F2CAB0,True,220.0,120.0
Revlon,ColorStay Makeup For Combo/Oily Skin,Natural Beige,220,0.762745098039216,#E9B19C,True,220.0,111.0
Maybelline,Fit Me Matte + Poreless Liquid Foundation,Natural Beige,220,0.772549019607843,#EAC5A0,True,220.0,104.0
Revlon,ColorStay Makeup For Normal/Dry Skin,Natural Beige,220,0.762745098039216,#E9B19C,True,220.0,112.0
Revlon,ColorStay Full Cover Foundation,Natural Beige,220,0.770588235294118,#ECC29D,True,220.0,113.0
Maybelline,Super Stay Full Coverage Foundation,Natural Beige,220,0.63921568627451,#C4A682,True,220.0,105.0
Lancôme,Teint Idole Ultra Wear 24H Long Wear Foundation,Buff C,220,0.717647058823529,#DCB392,True,220.0,88.0
Juvia's Place,I Am Magic Foundation,Dakar,220,0.364705882352941,#90452A,False,220.0,93.0
Lancôme,Rénergie Lift Makeup Lightweight Liquid Foundation SPF 27,Buff C,220,0.780392156862745,#E8C6A6,True,220.0,89.0
Revlon,ColorStay Light Cover Liquid Foundation,Natural Beige,220,0.666666666666667,#D6A67E,True,220.0,114.0
ZOEVA,Authentik Skin Natural Luminous Foundation,Glorious,220W,0.698039215686274,#E7A87D,True,220.0,78.0
Exa,High Fidelity Foundation,Soraya,220,0.398039215686274,#A0662B,False,220.0,115.0
SMITH & CULT,Veiled Threat Weightless Micro-Blurring Foundation,Neutral,220,0.696078431372549,#D9AC8A,True,220.0,95.0
FENTY BEAUTY by Rihanna,Pro Filt'r Soft Matte Powder Foundation,,220,0.752941176470588,#E6B99A,True,220.0,96.0
FENTY BEAUTY by Rihanna,Pro Filt'r Soft Matte Longwear Foundation,,220,0.745098039215686,#F3B389,True,220.0,97.0
MAKE UP FOR EVER,Ultra HD Invisible Cover Foundation,,R220,0.698039215686274,#CEA996,True,220.0,122.0
Rare Beauty by Selena Gomez,Liquid Touch Weightless Foundation,,220C,0.796078431372549,#EFC3A7,True,220.0,98.0
MAKE UP FOR EVER,Matte Velvet Skin Blurring Powder Foundation,,R220,0.901960784313726,#FFDBCD,True,220.0,126.0
FENTY BEAUTY by Rihanna,Pro Filt'r Hydrating Longwear Foundation,,220,0.735294117647059,#E5B792,True,220.0,99.0
HUDA BEAUTY,#FauxFilter Skin Finish Buildable Coverage Foundation Stick,,220N,0.815686274509804,#F6D1AA,True,220.0,100.0
Gucci,Fluide De Beauté Fini Naturel - Natural Finish Fluid Foundation,,220N,0.705882352941177,#DBAD8D,True,220.0,116.0
HUDA BEAUTY,#FauxFilter Full Coverage Matte Foundation,Custard,220N,0.625490196078431,#CA9B75,True,220.0,101.0
Shiseido,Synchro Skin Self-Refreshing Foundation SPF 30,,220,0.829411764705882,#F6D6B1,True,220.0,117.0
La Mer,The Soft Fluid Long Wear Foundation SPF 20,Neutral,220,0.801960784313726,#F3C4A6,True,220.0,118.0
Shiseido,Synchro Skin Self-Refreshing Custom Finish Powder Foundation,Linen,220,0.766666666666667,#EFC098,True,220.0,119.0
Origins,Pretty in Bloom™ SPF 20 Flower-Infused Long-Wear Foundation,,220,0.703921568627451,#D7B190,True,220.0,102.0
Maybelline,Fit Me Matte + Poreless Liquid Foundation,True Beige,222,0.743137254901961,#E5B396,True,222.0,104.0
KVD Vegan Beauty,Lock-It Powder Foundation,Rich Deep,225,0.364705882352941,#804F3A,True,225.0,108.0
KVD Vegan Beauty,Lock-It Powder Foundation Refills,Rich Deep,225,0.368627450980392,#804E3C,True,225.0,109.0
CoverGirl,Olay Simply Ageless Foundation,Buff Beige,225,0.770588235294118,#EABE9F,True,225.0,121.0
MAKE UP FOR EVER,Ultra HD Invisible Cover Foundation,,Y225,0.682352941176471,#C5AF97,True,225.0,122.0
MAKE UP FOR EVER,Reboot Active Care Revitalizing Foundation,,Y225,0.688235294117647,#D2B08D,True,225.0,125.0
MAKE UP FOR EVER,Matte Velvet Skin Blurring Powder Foundation,,Y225,0.884313725490196,#FFDDC4,True,225.0,126.0
MAKE UP FOR EVER,Matte Velvet Skin Full Coverage Foundation,,Y225,0.805882352941176,#E7D2B4,True,225.0,123.0
MAKE UP FOR EVER,Ultra HD Invisible Cover Stick Foundation,,Y225,0.803921568627451,#ECC6AE,True,225.0,124.0
Maybelline,Fit Me Matte + Poreless Liquid Foundation,Soft Tan,228,0.703921568627451,#E0B087,True,228.0,104.0
Anastasia Beverly Hills,Luminous Foundation,,230N,0.682352941176471,#D5AC87,True,230.0,91.0
KVD Vegan Beauty,Lock-It Powder Foundation,Rich Deep,230,0.368627450980392,#844D38,True,230.0,108.0
KVD Vegan Beauty,Lock-It Powder Foundation Refills,Rich Deep,230,0.364705882352941,#834B37,True,230.0,109.0
Lancôme,Teint Idole Ultra Longwear Foundation Stick SPF 21,Buff W,230,0.623529411764706,#CE9B70,True,230.0,110.0
CoverGirl,Olay Simply Ageless Foundation,Classic Beige,230,0.798039215686275,#E9C7AE,True,230.0,121.0
Lancôme,Dual Finish Multi-Tasking Lightweight Pressed Powder Foundation,Versatile Ecru II,230,0.801960784313726,#F2CFA7,True,230.0,120.0
Maybelline,Fit Me Matte + Poreless Liquid Foundation,Natural Buff,230,0.725490196078431,#E8AE8A,True,230.0,104.0
Lancôme,Teint Idole Ultra Wear 24H Long Wear Foundation,Buff W,230,0.709803921568627,#DFB58B,True,230.0,88.0
Juvia's Place,I Am Magic Foundation,Malawi,230,0.384313725490196,#9E5426,False,230.0,93.0
Lancôme,Rénergie Lift Makeup Lightweight Liquid Foundation SPF 27,Porcelaine 40 C,230,0.656862745098039,#DCA473,True,230.0,89.0
ZOEVA,Authentik Skin Natural Luminous Foundation,Grace,230W,0.670588235294118,#E6A470,True,230.0,78.0
Essence,Pretty Natural Hydrating Foundation,Cool Chestnut,230,0.349019607843137,#8C5526,True,230.0,79.0
Exa,High Fidelity Foundation,Mia,230,0.488235294117647,#B07249,False,230.0,115.0
SMITH & CULT,Veiled Threat Weightless Micro-Blurring Foundation,Warm,230,0.711764705882353,#E0AF8B,True,230.0,95.0
FENTY BEAUTY by Rihanna,Pro Filt'r Soft Matte Powder Foundation,,230,0.727450980392157,#DEB295,True,230.0,96.0
FENTY BEAUTY by Rihanna,Pro Filt'r Soft Matte Longwear Foundation,,230,0.749019607843137,#F2B38C,True,230.0,97.0
MAKE UP FOR EVER,Ultra HD Invisible Cover Foundation,,R230,0.676470588235294,#C3A796,True,230.0,122.0
Rare Beauty by Selena Gomez,Liquid Touch Weightless Foundation,,230N,0.750980392156863,#E7C298,True,230.0,98.0
MAKE UP FOR EVER,Reboot Active Care Revitalizing Foundation,,R230,0.707843137254902,#D4B295,True,230.0,125.0
MAKE UP FOR EVER,Matte Velvet Skin Blurring Powder Foundation,,R230,0.886274509803922,#FFD7C5,True,230.0,126.0
FENTY BEAUTY by Rihanna,Pro Filt'r Hydrating Longwear Foundation,,230,0.735294117647059,#E4B793,True,230.0,99.0
HUDA BEAUTY,#FauxFilter Skin Finish Buildable Coverage Foundation Stick,,230N,0.827450980392157,#F8D1AE,True,230.0,100.0
Gucci,Fluide De Beauté Fini Naturel - Natural Finish Fluid Foundation,,230W,0.737254901960784,#ECB48C,True,230.0,116.0
MAKE UP FOR EVER,Matte Velvet Skin Full Coverage Foundation,,R230,0.850980392156863,#EDD9C5,True,230.0,123.0
MAKE UP FOR EVER,Ultra HD Invisible Cover Stick Foundation,,R230,0.888235294117647,#F7D9CE,True,230.0,124.0
HUDA BEAUTY,#FauxFilter Full Coverage Matte Foundation,Macaroon,230N,0.66078431372549,#CCA785,True,230.0,101.0
Shiseido,Synchro Skin Self-Refreshing Foundation SPF 30,,230,0.817647058823529,#F5D0AC,True,230.0,117.0
La Mer,The Soft Fluid Long Wear Foundation SPF 20,Light Ochre,230,0.827450980392157,#F5D4B1,True,230.0,118.0
Origins,Pretty in Bloom™ SPF 20 Flower-Infused Long-Wear Foundation,,230,0.756862745098039,#DEC2A4,True,230.0,102.0
CoverGirl,Olay Simply Ageless Foundation,Medium Light,235,0.754901960784314,#E3B59E,True,235.0,121.0
Maybelline,Fit Me Matte + Poreless Liquid Foundation,Pure Beige,235,0.788235294117647,#EBBFA7,True,235.0,104.0
FENTY BEAUTY by Rihanna,Pro Filt'r Soft Matte Powder Foundation,,235,0.656862745098039,#D6A979,True,235.0,96.0
FENTY BEAUTY by Rihanna,Pro Filt'r Soft Matte Longwear Foundation,,235,0.715686274509804,#FCB471,True,235.0,97.0
MAKE UP FOR EVER,Ultra HD Invisible Cover Foundation,,Y235,0.703921568627451,#C9B19E,True,235.0,122.0
MAKE UP FOR EVER,Matte Velvet Skin Blurring Powder Foundation,,Y235,0.876470588235294,#FFD4C0,True,235.0,126.0
FENTY BEAUTY by Rihanna,Pro Filt'r Hydrating Longwear Foundation,,235,0.692156862745098,#EAB477,True,235.0,99.0
MAKE UP FOR EVER,Matte Velvet Skin Full Coverage Foundation,,Y235,0.788235294117647,#E7CDAB,True,235.0,123.0
Maybelline,Fit Me Matte + Poreless Liquid Foundation,Rich Tan,238,0.711764705882353,#DBAE90,True,238.0,104.0
Anastasia Beverly Hills,Luminous Foundation,,240N,0.696078431372549,#DCB087,True,240.0,91.0
CoverGirl,Olay Simply Ageless Foundation,Natural Beige,240,0.754901960784314,#E6B89B,True,240.0,121.0
Lancôme,Dual Finish Multi-Tasking Lightweight Pressed Powder Foundation,Versatile Rose Clair II,240,0.817647058823529,#F1CAB0,True,240.0,120.0
Revlon,ColorStay Makeup For Combo/Oily Skin,Medium Beige,240,0.72156862745098,#E3AD8D,True,240.0,111.0
Revlon,ColorStay Makeup For Normal/Dry Skin,Medium Beige,240,0.72156862745098,#E3AD8D,True,240.0,112.0
Revlon,ColorStay Full Cover Foundation,Medium Beige,240,0.731372549019608,#E5BA90,True,240.0,113.0
Juvia's Place,I Am Magic Foundation,Lagos,240,0.370588235294118,#90502D,False,240.0,93.0
Lancôme,Rénergie Lift Makeup Lightweight Liquid Foundation SPF 27,Clair 10 C,240,0.676470588235294,#DCA67D,True,240.0,89.0
Revlon,ColorStay Light Cover Liquid Foundation,Medium Beige,240,0.711764705882353,#E0AB8B,True,240.0,114.0
ZOEVA,Authentik Skin Natural Luminous Foundation,Gratitude,240N,0.62156862745098,#D99A64,True,240.0,78.0
Exa,High Fidelity Foundation,Reilly,240,0.509803921568627,#B37B51,False,240.0,115.0
SMITH & CULT,Veiled Threat Weightless Micro-Blurring Foundation,Neutral,240,0.707843137254902,#D9B090,True,240.0,95.0
FENTY BEAUTY by Rihanna,Pro Filt'r Soft Matte Powder Foundation,,240,0.694117647058824,#DCAB86,True,240.0,96.0
FENTY BEAUTY by Rihanna,Pro Filt'r Soft Matte Longwear Foundation,,240,0.747058823529412,#EEB78F,True,240.0,97.0
Rare Beauty by Selena Gomez,Liquid Touch Weightless Foundation,,240W,0.694117647058824,#E0B382,True,240.0,98.0
FENTY BEAUTY by Rihanna,Pro Filt'r Hydrating Longwear Foundation,,240,0.688235294117647,#DBAD84,True,240.0,99.0
HUDA BEAUTY,#FauxFilter Skin Finish Buildable Coverage Foundation Stick,,240N,0.817647058823529,#F1CFB0,True,240.0,100.0
Gucci,Fluide De Beauté Fini Naturel - Natural Finish Fluid Foundation,,240W,0.668627450980392,#D9A77C,True,240.0,116.0
HUDA BEAUTY,#FauxFilter Full Coverage Matte Foundation,Toasted Coconut,240N,0.666666666666667,#D4A980,True,240.0,101.0
Shiseido,Synchro Skin Self-Refreshing Foundation SPF 30,,240,0.823529411764706,#F1CFB3,True,240.0,117.0
La Mer,The Soft Fluid Long Wear Foundation SPF 20,Buff,240,0.57843137254902,#B28C75,True,240.0,118.0
Shiseido,Synchro Skin Self-Refreshing Custom Finish Powder Foundation,Quartz,240,0.745098039215686,#E9B493,True,240.0,119.0
Origins,Pretty in Bloom™ SPF 20 Flower-Infused Long-Wear Foundation,,240,0.713725490196078,#DAAD92,True,240.0,102.0
Maybelline,Fit Me Matte + Poreless Liquid Foundation,Light Honey,242,0.717647058823529,#E1A58D,True,242.0,104.0
MAKE UP FOR EVER,Reboot Active Care Revitalizing Foundation,,Y244,0.676470588235294,#CEAB8B,True,244.0,125.0
Maybelline,Fit Me Matte + Poreless Liquid Foundation,Classic Beige,245,0.617647058823529,#C29679,True,245.0,104.0
MAKE UP FOR EVER,Ultra HD Invisible Cover Foundation,,Y245,0.63921568627451,#C0A186,True,245.0,122.0
MAKE UP FOR EVER,Matte Velvet Skin Blurring Powder Foundation,,Y245,0.858823529411765,#FFD3B7,True,245.0,126.0
HUDA BEAUTY,#FauxFilter Skin Finish Buildable Coverage Foundation Stick,,245B,0.817647058823529,#F8C8A9,True,245.0,100.0
MAKE UP FOR EVER,Matte Velvet Skin Full Coverage Foundation,,Y245,0.76078431372549,#E4C9A0,True,245.0,123.0
MAKE UP FOR EVER,Ultra HD Invisible Cover Stick Foundation,,Y245,0.67843137254902,#D5A485,True,245.0,124.0
Anastasia Beverly Hills,Luminous Foundation,,250C,0.682352941176471,#D5B187,True,250.0,91.0
Revlon,ColorStay Makeup For Combo/Oily Skin,Fresh Beige,250,0.786274509803922,#E6BBAB,True,250.0,111.0
Revlon,ColorStay Makeup For Normal/Dry Skin,Fresh Beige,250,0.786274509803922,#E6BBAB,True,250.0,112.0
Lancôme,Teint Idole Ultra Wear 24H Long Wear Foundation,Bisque W,250,0.725490196078431,#E1B791,True,250.0,88.0
Lancôme,Rénergie Lift Makeup Lightweight Liquid Foundation SPF 27,Bisque W,250,0.62156862745098,#C79976,True,250.0,89.0
ZOEVA,Authentik Skin Natural Luminous Foundation,Happy,250N,0.619607843137255,#DD985F,True,250.0,78.0
Exa,High Fidelity Foundation,Valentine,250,0.586274509803922,#C78C64,False,250.0,115.0
SMITH & CULT,Veiled Threat Weightless Micro-Blurring Foundation,Warm,250,0.713725490196078,#E7AF85,True,250.0,95.0
FENTY BEAUTY by Rihanna,Pro Filt'r Soft Matte Powder Foundation,,250,0.729411764705882,#E8B48C,True,250.0,96.0
FENTY BEAUTY by Rihanna,Pro Filt'r Soft Matte Longwear Foundation,,250,0.7,#F3AD72,True,250.0,97.0
MAKE UP FOR EVER,Ultra HD Invisible Cover Foundation,,R250,0.686274509803922,#C7A797,True,250.0,122.0
Rare Beauty by Selena Gomez,Liquid Touch Weightless Foundation,,250W,0.707843137254902,#DEB38B,True,250.0,98.0
MAKE UP FOR EVER,Matte Velvet Skin Blurring Powder Foundation,,R250,0.880392156862745,#FFD4C2,True,250.0,126.0
FENTY BEAUTY by Rihanna,Pro Filt'r Hydrating Longwear Foundation,,250,0.688235294117647,#E3B07C,True,250.0,99.0
HUDA BEAUTY,#FauxFilter Skin Finish Buildable Coverage Foundation Stick,,250G,0.817647058823529,#F3CCAE,True,250.0,100.0
Gucci,Fluide De Beauté Fini Naturel - Natural Finish Fluid Foundation,,250O,0.650980392156863,#D6A276,True,250.0,116.0
HUDA BEAUTY,#FauxFilter Full Coverage Matte Foundation,Cheesecake,250G,0.650980392156863,#CAA482,True,250.0,101.0
Shiseido,Synchro Skin Self-Refreshing Foundation SPF 30,,250,0.82156862745098,#F5D3AE,True,250.0,117.0
La Mer,The Soft Fluid Long Wear Foundation SPF 20,Sand,250,0.796078431372549,#F0C3A6,True,250.0,118.0
Shiseido,Synchro Skin Self-Refreshing Custom Finish Powder Foundation,Sand,250,0.729411764705882,#E3B591,True,250.0,119.0
MAKE UP FOR EVER,Ultra HD Invisible Cover Foundation,,Y252,0.749019607843137,#D8C0A6,True,252.0,122.0
Lancôme,Rénergie Lift Makeup Lightweight Liquid Foundation SPF 27,Clair 20 N,255,0.67843137254902,#D6A784,True,255.0,89.0
FENTY BEAUTY by Rihanna,Pro Filt'r Soft Matte Powder Foundation,,255,0.664705882352941,#DAB179,True,255.0,96.0
FENTY BEAUTY by Rihanna,Pro Filt'r Soft Matte Longwear Foundation,,255,0.703921568627451,#F7B470,True,255.0,97.0
MAKE UP FOR EVER,Ultra HD Invisible Cover Foundation,,Y255,0.562745098039216,#AE8E71,True,255.0,122.0
MAKE UP FOR EVER,Reboot Active Care Revitalizing Foundation,,Y255,0.668627450980392,#D1AA84,True,255.0,125.0
FENTY BEAUTY by Rihanna,Pro Filt'r Hydrating Longwear Foundation,,255,0.684313725490196,#E6B477,True,255.0,99.0
HUDA BEAUTY,#FauxFilter Skin Finish Buildable Coverage Foundation Stick,,255B,0.819607843137255,#F5CCAD,True,255.0,100.0
MAKE UP FOR EVER,Matte Velvet Skin Full Coverage Foundation,,Y255,0.770588235294118,#E4CCA5,True,255.0,123.0
Anastasia Beverly Hills,Luminous Foundation,,260N,0.672549019607843,#D9AD7E,True,260.0,91.0
Lancôme,Teint Idole Ultra Longwear Foundation Stick SPF 21,Bisque N,260,0.727450980392157,#E4B68F,True,260.0,110.0
Lancôme,Teint Idole Ultra Wear 24H Long Wear Foundation,Bisque N,260,0.723529411764706,#E3B58E,True,260.0,88.0
Lancôme,Rénergie Lift Makeup Lightweight Liquid Foundation SPF 27,Bisque N,260,0.654901960784314,#DA9C74,True,260.0,89.0
ZOEVA,Authentik Skin Natural Luminous Foundation,Harmony,260W,0.619607843137255,#DD985F,True,260.0,78.0
Exa,High Fidelity Foundation,Alex,260,0.613725490196078,#C19678,False,260.0,115.0
SMITH & CULT,Veiled Threat Weightless Micro-Blurring Foundation,Warm,260,0.731372549019608,#F1AE84,True,260.0,95.0
FENTY BEAUTY by Rihanna,Pro Filt'r Soft Matte Powder Foundation,,260,0.711764705882353,#DDB08E,True,260.0,96.0
FENTY BEAUTY by Rihanna,Pro Filt'r Soft Matte Longwear Foundation,,260,0.754901960784314,#EFB592,True,260.0,97.0
MAKE UP FOR EVER,Ultra HD Invisible Cover Foundation,,R260,0.647058823529412,#C19E89,True,260.0,122.0
Rare Beauty by Selena Gomez,Liquid Touch Weightless Foundation,,260N,0.694117647058824,#E5B17D,True,260.0,98.0
MAKE UP FOR EVER,Matte Velvet Skin Blurring Powder Foundation,,R260,0.86078431372549,#FFCDB8,True,260.0,126.0
FENTY BEAUTY by Rihanna,Pro Filt'r Hydrating Longwear Foundation,,260,0.713725490196078,#DEB08E,True,260.0,99.0
Gucci,Fluide De Beauté Fini Naturel - Natural Finish Fluid Foundation,,260W,0.631372549019608,#D09A72,True,260.0,116.0
MAKE UP FOR EVER,Matte Velvet Skin Full Coverage Foundation,,R260,0.813725490196078,#EBD0B4,True,260.0,123.0
Shiseido,Synchro Skin Self-Refreshing Foundation SPF 30,,260,0.813725490196078,#EDCEB2,True,260.0,117.0
Anastasia Beverly Hills,Luminous Foundation,,270C,0.66078431372549,#D4AF7D,True,270.0,91.0
Lancôme,Teint Idole Ultra Wear 24H Long Wear Foundation,Bisque W,270,0.72156862745098,#E2B68E,True,270.0,88.0
ZOEVA,Authentik Skin Natural Luminous Foundation,Honest,270N,0.576470588235294,#D38D53,True,270.0,78.0
Essence,Pretty Natural Hydrating Foundation,Warm Amber,270,0.286274509803922,#724620,True,270.0,79.0
Exa,High Fidelity Foundation,Rebecca,270,0.584313725490196,#C28F68,False,270.0,115.0
SMITH & CULT,Veiled Threat Weightless Micro-Blurring Foundation,Neutral,270,0.680392156862745,#DDA57E,True,270.0,95.0
FENTY BEAUTY by Rihanna,Pro Filt'r Soft Matte Powder Foundation,,270,0.652941176470588,#D2A37B,True,270.0,96.0
FENTY BEAUTY by Rihanna,Pro Filt'r Soft Matte Longwear Foundation,,270,0.676470588235294,#E69D73,True,270.0,97.0
Rare Beauty by Selena Gomez,Liquid Touch Weightless Foundation,,270N,0.729411764705882,#E9B48B,True,270.0,98.0
FENTY BEAUTY by Rihanna,Pro Filt'r Hydrating Longwear Foundation,,270,0.645098039215686,#D49C75,True,270.0,99.0
Gucci,Fluide De Beauté Fini Naturel - Natural Finish Fluid Foundation,,270C,0.66078431372549,#D99E78,True,270.0,116.0
Revlon,ColorStay Makeup For Combo/Oily Skin,Golden Caramel,275,0.756862745098039,#E4B49E,True,275.0,111.0
Lancôme,Teint Idole Ultra Wear 24H Long Wear Foundation,Bisque W,280,0.723529411764706,#E3B58E,True,280.0,88.0
ZOEVA,Authentik Skin Natural Luminous Foundation,Honour,280N,0.574509803921569,#D28D53,True,280.0,78.0
Essence,Pretty Natural Hydrating Foundation,Cool Ebony,280,0.282352941176471,#76461A,True,280.0,79.0
Exa,High Fidelity Foundation,Mac,280,0.629411764705882,#CE9973,False,280.0,115.0
SMITH & CULT,Veiled Threat Weightless Micro-Blurring Foundation,Warm,280,0.662745098039216,#DC9D76,True,280.0,95.0
FENTY BEAUTY by Rihanna,Pro Filt'r Soft Matte Powder Foundation,,280,0.719607843137255,#E3B08C,True,280.0,96.0
FENTY BEAUTY by Rihanna,Pro Filt'r Soft Matte Longwear Foundation,,280,0.672549019607843,#E79F70,True,280.0,97.0
Rare Beauty by Selena Gomez,Liquid Touch Weightless Foundation,,280N,0.7,#E1B484,True,280.0,98.0
FENTY BEAUTY by Rihanna,Pro Filt'r Hydrating Longwear Foundation,,280,0.63921568627451,#D49E72,True,280.0,99.0
Gucci,Fluide De Beauté Fini Naturel - Natural Finish Fluid Foundation,,280C,0.637254901960784,#CA997B,True,280.0,116.0
Anastasia Beverly Hills,Luminous Foundation,,290C,0.635294117647059,#D2AA72,True,290.0,91.0
ZOEVA,Authentik Skin Natural Luminous Foundation,Intuitive,290W,0.547058823529412,#DA7F3D,True,290.0,78.0
Exa,High Fidelity Foundation,Seb,290,0.635294117647059,#CCA078,False,290.0,115.0
SMITH & CULT,Veiled Threat Weightless Micro-Blurring Foundation,Warm,290,0.658823529411765,#DD9B73,True,290.0,95.0
FENTY BEAUTY by Rihanna,Pro Filt'r Soft Matte Powder Foundation,,290,0.692156862745098,#DDB284,True,290.0,96.0
FENTY BEAUTY by Rihanna,Pro Filt'r Soft Matte Longwear Foundation,,290,0.682352941176471,#E6A776,True,290.0,97.0
Rare Beauty by Selena Gomez,Liquid Touch Weightless Foundation,,290N,0.688235294117647,#DDA982,True,290.0,98.0
FENTY BEAUTY by Rihanna,Pro Filt'r Hydrating Longwear Foundation,,290,0.649019607843137,#D4A577,True,290.0,99.0
Anastasia Beverly Hills,Luminous Foundation,,300C,0.647058823529412,#D1AA79,True,300.0,91.0
Revlon,ColorStay Makeup For Combo/Oily Skin,Golden Beige,300,0.692156862745098,#E3A87E,True,300.0,111.0
Almay,Clear Complexion Make Myself Clear Makeup,Naked,300,0.676470588235294,#CEA48B,True,300.0,92.0
Lancôme,Teint Idole Ultra Wear 24H Long Wear Foundation,Bisque,300,0.617647058823529,#C4A577,True,300.0,88.0
Juvia's Place,I Am Magic Foundation,Gabon,300,0.415686274509804,#9D5637,False,300.0,93.0
ZOEVA,Authentik Skin Natural Luminous Foundation,Joy,300N,0.547058823529412,#CE7F49,True,300.0,78.0
Exa,High Fidelity Foundation,Michelle,300,0.582352941176471,#C09069,False,300.0,115.0
SMITH & CULT,Veiled Threat Weightless Micro-Blurring Foundation,Neutral,300,0.611764705882353,#CF9D69,True,300.0,95.0
FENTY BEAUTY by Rihanna,Pro Filt'r Soft Matte Powder Foundation,,300,0.631372549019608,#D29A70,True,300.0,96.0
FENTY BEAUTY by Rihanna,Pro Filt'r Soft Matte Longwear Foundation,,300,0.684313725490196,#E5A778,True,300.0,97.0
MAKE UP FOR EVER,Ultra HD Invisible Cover Foundation,,R300,0.643137254901961,#C09C88,True,300.0,122.0
Rare Beauty by Selena Gomez,Liquid Touch Weightless Foundation,,300C,0.72156862745098,#DDB093,True,300.0,98.0
FENTY BEAUTY by Rihanna,Pro Filt'r Hydrating Longwear Foundation,,300,0.649019607843137,#D4A477,True,300.0,99.0
HUDA BEAUTY,#FauxFilter Skin Finish Buildable Coverage Foundation Stick,,300N,0.792156862745098,#EDC2A7,True,300.0,100.0
HUDA BEAUTY,#FauxFilter Full Coverage Matte Foundation,Latte,300N,0.625490196078431,#C5A17A,True,300.0,101.0
La Mer,The Soft Fluid Long Wear Foundation SPF 20,Taupe,300,0.668627450980392,#C7A28E,True,300.0,118.0
Givenchy,Teint Couture City Balm Radiant Perfecting Skin Tint SPF 25,,N300,0.649019607843137,#C9A282,True,300.0,107.0
Origins,Pretty in Bloom™ SPF 20 Flower-Infused Long-Wear Foundation,,300,0.698039215686274,#D5AC8F,True,300.0,102.0
Beauty Bakerie,InstaBake Aqua Glass Foundation,Neutral,301,0.22156862745098,#47312A,False,301.0,127.0
Koh Gen Do,Aqua Foundation,,301,0.658823529411765,#D79A79,True,301.0,63.0
Koh Gen Do,Aqua Foundation,,302,0.654901960784314,#D2987C,True,302.0,63.0
Givenchy,Teint Couture City Balm Radiant Perfecting Skin Tint SPF 25,,C302,0.682352941176471,#C9A993,True,302.0,107.0
Beauty Bakerie,InstaBake Aqua Glass Foundation,Warm,303,0.249019607843137,#52382D,False,303.0,127.0
Koh Gen Do,Aqua Foundation,,303,0.635294117647059,#C48F80,True,303.0,63.0
Anastasia Beverly Hills,Luminous Foundation,,305N,0.666666666666667,#D4AB80,True,305.0,91.0
Beauty Bakerie,InstaBake Aqua Glass Foundation,Warm,305,0.309803921568627,#70492E,False,305.0,127.0
MAKE UP FOR EVER,Ultra HD Invisible Cover Foundation,,Y305,0.649019607843137,#C0A18B,True,305.0,122.0
MAKE UP FOR EVER,Reboot Active Care Revitalizing Foundation,,Y305,0.666666666666667,#D1A883,True,305.0,125.0
MAKE UP FOR EVER,Matte Velvet Skin Blurring Powder Foundation,,Y305,0.850980392156863,#FFCEB3,True,305.0,126.0
MAKE UP FOR EVER,Matte Velvet Skin Full Coverage Foundation,,Y305,0.792156862745098,#E6CAAE,True,305.0,123.0
Beauty Bakerie,InstaBake Aqua Glass Foundation,Cool Neutral,307,0.319607843137255,#744A2F,False,307.0,127.0
Beauty Bakerie,InstaBake Aqua Glass Foundation,Warm,309,0.350980392156863,#84542F,False,309.0,127.0
Anastasia Beverly Hills,Luminous Foundation,,310C,0.611764705882353,#CB9F6D,True,310.0,91.0
Lancôme,Dual Finish Multi-Tasking Lightweight Pressed Powder Foundation,Versatile Bisque II,310,0.817647058823529,#F5CDAC,True,310.0,120.0
Revlon,ColorStay Makeup For Combo/Oily Skin,Warm Golden,310,0.694117647058824,#E1A581,True,310.0,111.0
Maybelline,Fit Me Matte + Poreless Liquid Foundation,Sun Beige,310,0.705882352941177,#E1AC87,True,310.0,104.0
Revlon,ColorStay Full Cover Foundation,Warm Golden,310,0.735294117647059,#E9B88E,True,310.0,113.0
Maybelline,Super Stay Full Coverage Foundation,Sun Beige,310,0.666666666666667,#CEA786,True,310.0,105.0
Lancôme,Teint Idole Ultra Wear 24H Long Wear Foundation,Bisque C,310,0.731372549019608,#E2B593,True,310.0,88.0
Juvia's Place,I Am Magic Foundation,Burkina,310,0.398039215686274,#9E542D,False,310.0,93.0
Lancôme,Rénergie Lift Makeup Lightweight Liquid Foundation SPF 27,Clair 30 C,310,0.650980392156863,#D2A17A,True,310.0,89.0
ZOEVA,Authentik Skin Natural Luminous Foundation,Kind,310C,0.513725490196078,#C57341,True,310.0,78.0
Exa,High Fidelity Foundation,Brandy,310,0.650980392156863,#D5A277,False,310.0,115.0
SMITH & CULT,Veiled Threat Weightless Micro-Blurring Foundation,Neutral,310,0.647058823529412,#E29D68,True,310.0,95.0
FENTY BEAUTY by Rihanna,Pro Filt'r Soft Matte Powder Foundation,,310,0.645098039215686,#D7A072,True,310.0,96.0
FENTY BEAUTY by Rihanna,Pro Filt'r Soft Matte Longwear Foundation,,310,0.686274509803922,#ECA572,True,310.0,97.0
Rare Beauty by Selena Gomez,Liquid Touch Weightless Foundation,,310W,0.658823529411765,#D3A47D,True,310.0,98.0
FENTY BEAUTY by Rihanna,Pro Filt'r Hydrating Longwear Foundation,,310,0.656862745098039,#DAA475,True,310.0,99.0
HUDA BEAUTY,#FauxFilter Skin Finish Buildable Coverage Foundation Stick,,310G,0.701960784313725,#E6B380,True,310.0,100.0
Gucci,Fluide De Beauté Fini Naturel - Natural Finish Fluid Foundation,,310N,0.605882352941176,#CC9169,True,310.0,116.0
HUDA BEAUTY,#FauxFilter Full Coverage Matte Foundation,Amaretti,310G,0.625490196078431,#CB9D74,True,310.0,101.0
Shiseido,Synchro Skin Self-Refreshing Foundation SPF 30,,310,0.813725490196078,#EFCDB0,True,310.0,117.0
La Mer,The Soft Fluid Long Wear Foundation SPF 20,Beige,310,0.786274509803922,#F0C2A1,True,310.0,118.0
Shiseido,Synchro Skin Self-Refreshing Custom Finish Powder Foundation,Silk,310,0.72156862745098,#E4B28C,True,310.0,119.0
Origins,Pretty in Bloom™ SPF 20 Flower-Infused Long-Wear Foundation,,310,0.684313725490196,#D2A98B,True,310.0,102.0
Beauty Bakerie,InstaBake Aqua Glass Foundation,Warm,311,0.358823529411765,#88572F,False,311.0,127.0
Maybelline,Fit Me Matte + Poreless Liquid Foundation,Golden,312,0.658823529411765,#D89878,True,312.0,104.0
Maybelline,Super Stay Full Coverage Foundation,Golden,312,0.619607843137255,#C69A76,True,312.0,105.0
Givenchy,Teint Couture City Balm Radiant Perfecting Skin Tint SPF 25,,N312,0.596078431372549,#AE8C82,True,312.0,107.0
Beauty Bakerie,InstaBake Aqua Glass Foundation,Warm,313,0.403921568627451,#966038,False,313.0,127.0
Anastasia Beverly Hills,Luminous Foundation,,315N,0.584313725490196,#B99371,True,315.0,91.0
Lancôme,Dual Finish Multi-Tasking Lightweight Pressed Powder Foundation,Versatile Wheat II,315,0.772549019607843,#F0C49A,True,315.0,120.0
Beauty Bakerie,InstaBake Aqua Glass Foundation,Warm,315,0.466666666666667,#A87446,False,315.0,127.0
MAKE UP FOR EVER,Ultra HD Invisible Cover Foundation,,Y315,0.570588235294118,#AE8C75,True,315.0,122.0
MAKE UP FOR EVER,Reboot Active Care Revitalizing Foundation,,Y315,0.692156862745098,#D2AF8F,True,315.0,125.0
MAKE UP FOR EVER,Matte Velvet Skin Blurring Powder Foundation,,Y315,0.835294117647059,#FCC8AE,True,315.0,126.0
HUDA BEAUTY,#FauxFilter Skin Finish Buildable Coverage Foundation Stick,,315B,0.82156862745098,#F8C7AB,True,315.0,100.0
MAKE UP FOR EVER,Matte Velvet Skin Full Coverage Foundation,,Y315,0.770588235294118,#E5C6A4,True,315.0,123.0
MAKE UP FOR EVER,Ultra HD Invisible Cover Stick Foundation,,Y315,0.694117647058824,#D6A58C,True,315.0,124.0
Beauty Bakerie,InstaBake Aqua Glass Foundation,Warm,317,0.515686274509804,#B97A4E,False,317.0,127.0
Beauty Bakerie,InstaBake Aqua Glass Foundation,Neutral,319,0.53921568627451,#B77C5C,False,319.0,127.0
Anastasia Beverly Hills,Luminous Foundation,,320N,0.568627450980392,#B88C6A,True,320.0,91.0
Lancôme,Teint Idole Ultra Longwear Foundation Stick SPF 21,Bisque W,320,0.725490196078431,#DDB695,True,320.0,110.0
Lancôme,Dual Finish Multi-Tasking Lightweight Pressed Powder Foundation,Versatile Amande III,320,0.780392156862745,#F2C49C,True,320.0,120.0
Revlon,ColorStay Makeup For Combo/Oily Skin,True Beige,320,0.682352941176471,#D5A287,True,320.0,111.0
Maybelline,Fit Me Matte + Poreless Liquid Foundation,Natural Tan,320,0.688235294117647,#DDA482,True,320.0,104.0
Revlon,ColorStay Makeup For Normal/Dry Skin,True Beige,320,0.682352941176471,#D5A287,True,320.0,112.0
Revlon,ColorStay Full Cover Foundation,True Beige,320,0.723529411764706,#E4B78D,True,320.0,113.0
Maybelline,Super Stay Full Coverage Foundation,Honey,320,0.617647058823529,#C69475,True,320.0,105.0
Lancôme,Teint Idole Ultra Wear 24H Long Wear Foundation,Bisque W,320,0.7,#DEB387,True,320.0,88.0
Juvia's Place,I Am Magic Foundation,Zaria,320,0.352941176470588,#8E4726,False,320.0,93.0
Lancôme,Rénergie Lift Makeup Lightweight Liquid Foundation SPF 27,Clair 25 W,320,0.666666666666667,#D8A47C,True,320.0,89.0
ZOEVA,Authentik Skin Natural Luminous Foundation,Legendary,320C,0.511764705882353,#CD6D38,True,320.0,78.0
Exa,High Fidelity Foundation,Laura,320,0.707843137254902,#D9AD90,False,320.0,115.0
SMITH & CULT,Veiled Threat Weightless Micro-Blurring Foundation,Warm,320,0.650980392156863,#E99B63,True,320.0,95.0
FENTY BEAUTY by Rihanna,Pro Filt'r Soft Matte Powder Foundation,,320,0.649019607843137,#D79A74,True,320.0,96.0
FENTY BEAUTY by Rihanna,Pro Filt'r Soft Matte Longwear Foundation,,320,0.684313725490196,#E8A275,True,320.0,97.0
Rare Beauty by Selena Gomez,Liquid Touch Weightless Foundation,,320W,0.67843137254902,#E0AC7A,True,320.0,98.0
FENTY BEAUTY by Rihanna,Pro Filt'r Hydrating Longwear Foundation,,320,0.652941176470588,#D6A177,True,320.0,99.0
HUDA BEAUTY,#FauxFilter Skin Finish Buildable Coverage Foundation Stick,,320G,0.801960784313726,#F5C9A4,True,320.0,100.0
Gucci,Fluide De Beauté Fini Naturel - Natural Finish Fluid Foundation,,320C,0.623529411764706,#D1956D,True,320.0,116.0
HUDA BEAUTY,#FauxFilter Full Coverage Matte Foundation,Tres Leches,320G,0.596078431372549,#C69A6A,True,320.0,101.0
Shiseido,Synchro Skin Self-Refreshing Foundation SPF 30,,320,0.807843137254902,#F3CDA9,True,320.0,117.0
La Mer,The Soft Fluid Long Wear Foundation SPF 20,Blush,320,0.805882352941176,#EEC6AD,True,320.0,118.0
Origins,Pretty in Bloom™ SPF 20 Flower-Infused Long-Wear Foundation,,320,0.796078431372549,#E1CAB5,True,320.0,102.0
Beauty Bakerie,InstaBake Aqua Glass Foundation,Warm,321,0.549019607843137,#BA845E,False,321.0,127.0
Maybelline,Fit Me Matte + Poreless Liquid Foundation,Warm Honey,322,0.664705882352941,#DE9F75,True,322.0,104.0
Beauty Bakerie,InstaBake Aqua Glass Foundation,Warm,323,0.57843137254902,#C18D66,False,323.0,127.0
Beauty Bakerie,InstaBake Aqua Glass Foundation,Neutral,325,0.594117647058824,#CC8E63,False,325.0,127.0
MAKE UP FOR EVER,Ultra HD Invisible Cover Foundation,,Y325,0.584313725490196,#B28E78,True,325.0,122.0
MAKE UP FOR EVER,Matte Velvet Skin Full Coverage Foundation,,Y325,0.76078431372549,#DBC2A9,True,325.0,123.0
MAKE UP FOR EVER,Ultra HD Invisible Cover Stick Foundation,,Y325,0.703921568627451,#DEAD89,True,325.0,124.0
Beauty Bakerie,InstaBake Aqua Glass Foundation,Cool Neutral,327,0.617647058823529,#CD946E,False,327.0,127.0
MAKE UP FOR EVER,Reboot Active Care Revitalizing Foundation,,Y328,0.658823529411765,#CD9F83,True,328.0,125.0
Beauty Bakerie,InstaBake Aqua Glass Foundation,Warm Neutral,329,0.627450980392157,#CF9C71,False,329.0,127.0
Anastasia Beverly Hills,Luminous Foundation,,330W,0.53921568627451,#B4845F,True,330.0,91.0
Lancôme,Teint Idole Ultra Longwear Foundation Stick SPF 21,Bisque N,330,0.698039215686274,#DFAF85,True,330.0,110.0
Revlon,ColorStay Makeup For Combo/Oily Skin,Natural Tan,330,0.696078431372549,#DCA787,True,330.0,111.0
Maybelline,Fit Me Matte + Poreless Liquid Foundation,Toffee,330,0.598039215686274,#CC8C65,True,330.0,104.0
Revlon,ColorStay Makeup For Normal/Dry Skin,Natural Tan,330,0.696078431372549,#DCA787,True,330.0,112.0
Revlon,ColorStay Full Cover Foundation,Natural Tan,330,0.662745098039216,#DE9F74,True,330.0,113.0
Maybelline,Super Stay Full Coverage Foundation,Toffee,330,0.533333333333333,#B1805F,True,330.0,105.0
Lancôme,Teint Idole Ultra Wear 24H Long Wear Foundation,Bisque N,330,0.698039215686274,#DFAF85,True,330.0,88.0
Juvia's Place,I Am Magic Foundation,Accra,330,0.423529411764706,#A36335,False,330.0,93.0
Lancôme,Rénergie Lift Makeup Lightweight Liquid Foundation SPF 27,Bisque N,330,0.641176470588235,#D69D71,True,330.0,89.0
Revlon,ColorStay Light Cover Liquid Foundation,Natural Tan,330,0.564705882352941,#BD8863,True,330.0,114.0
ZOEVA,Authentik Skin Natural Luminous Foundation,Loveable,330C,0.511764705882353,#CD6D38,True,330.0,78.0
Exa,High Fidelity Foundation,Bensley,330,0.615686274509804,#CC906E,False,330.0,115.0
SMITH & CULT,Veiled Threat Weightless Micro-Blurring Foundation,Warm,330,0.611764705882353,#E09158,True,330.0,95.0
FENTY BEAUTY by Rihanna,Pro Filt'r Soft Matte Powder Foundation,,330,0.623529411764706,#D89B66,True,330.0,96.0
FENTY BEAUTY by Rihanna,Pro Filt'r Soft Matte Longwear Foundation,,330,0.684313725490196,#ECA871,True,330.0,97.0
MAKE UP FOR EVER,Ultra HD Invisible Cover Foundation,,R330,0.576470588235294,#B18B75,True,330.0,122.0
Rare Beauty by Selena Gomez,Liquid Touch Weightless Foundation,,330N,0.682352941176471,#DFA37D,True,330.0,98.0
MAKE UP FOR EVER,Matte Velvet Skin Blurring Powder Foundation,,R330,0.823529411764706,#F9C3AB,True,330.0,126.0
FENTY BEAUTY by Rihanna,Pro Filt'r Hydrating Longwear Foundation,,330,0.654901960784314,#DAA674,True,330.0,99.0
HUDA BEAUTY,#FauxFilter Skin Finish Buildable Coverage Foundation Stick,,330N,0.807843137254902,#F2C6AA,True,330.0,100.0
Gucci,Fluide De Beauté Fini Naturel - Natural Finish Fluid Foundation,,330W,0.631372549019608,#D7966B,True,330.0,116.0
MAKE UP FOR EVER,Matte Velvet Skin Full Coverage Foundation,,R330,0.784313725490196,#E5C9AB,True,330.0,123.0
MAKE UP FOR EVER,Ultra HD Invisible Cover Stick Foundation,,R330,0.682352941176471,#C9A293,True,330.0,124.0
HUDA BEAUTY,#FauxFilter Full Coverage Matte Foundation,Butter Pecan,330N,0.529411764705882,#B3875B,True,330.0,101.0
Shiseido,Synchro Skin Self-Refreshing Foundation SPF 30,,330,0.798039215686275,#ECCBAB,True,330.0,117.0
La Mer,The Soft Fluid Long Wear Foundation SPF 20,Tan,330,0.707843137254902,#DCAF8D,True,330.0,118.0
Beauty Bakerie,InstaBake Aqua Glass Foundation,Neutral,331,0.631372549019608,#D0A072,False,331.0,127.0
Anastasia Beverly Hills,Luminous Foundation,,332C,0.549019607843137,#BA915E,True,332.0,91.0
Maybelline,Fit Me Matte + Poreless Liquid Foundation,Golden Caramel,332,0.588235294117647,#C99263,True,332.0,104.0
Maybelline,Super Stay Full Coverage Foundation,Golden Caramel,332,0.6,#BF9E73,True,332.0,105.0
Beauty Bakerie,InstaBake Aqua Glass Foundation,Neutral,333,0.656862745098039,#CFA380,False,333.0,127.0
Maybelline,Fit Me Matte + Poreless Liquid Foundation,Warm Sun,334,0.566666666666667,#CC8555,True,334.0,104.0
Anastasia Beverly Hills,Luminous Foundation,,335W,0.529411764705882,#B2815C,True,335.0,91.0
Beauty Bakerie,InstaBake Aqua Glass Foundation,Warm,335,0.666666666666667,#D1AA83,False,335.0,127.0
Maybelline,Fit Me Matte + Poreless Liquid Foundation,Classic Tan,335,0.582352941176471,#CA8B5F,True,335.0,104.0
Lancôme,Teint Idole Ultra Wear 24H Long Wear Foundation,Bisque,335,0.992156862745098,#FDFDFD,True,335.0,88.0
MAKE UP FOR EVER,Ultra HD Invisible Cover Foundation,,Y335,0.568627450980392,#B18C71,True,335.0,122.0
MAKE UP FOR EVER,Matte Velvet Skin Blurring Powder Foundation,,Y335,0.809803921568627,#F8C1A5,True,335.0,126.0
HUDA BEAUTY,#FauxFilter Skin Finish Buildable Coverage Foundation Stick,,335B,0.827450980392157,#F6C3B0,True,335.0,100.0
MAKE UP FOR EVER,Matte Velvet Skin Full Coverage Foundation,,Y335,0.754901960784314,#DCC6A5,True,335.0,123.0
MAKE UP FOR EVER,Ultra HD Invisible Cover Stick Foundation,,Y335,0.66078431372549,#D79F7A,True,335.0,124.0
Beauty Bakerie,InstaBake Aqua Glass Foundation,Warm,337,0.694117647058824,#D7B18B,False,337.0,127.0
Maybelline,Fit Me Matte + Poreless Liquid Foundation,Spicy Brown,338,0.580392156862745,#C68462,True,338.0,104.0
Beauty Bakerie,InstaBake Aqua Glass Foundation,Neutral,339,0.731372549019608,#DCB799,False,339.0,127.0
Anastasia Beverly Hills,Luminous Foundation,,340C,0.454901960784314,#986F50,True,340.0,91.0
Lancôme,Dual Finish Multi-Tasking Lightweight Pressed Powder Foundation,Versatile Nu III,340,0.766666666666667,#F3C094,True,340.0,120.0
Revlon,ColorStay Makeup For Combo/Oily Skin,Early Tan,340,0.684313725490196,#D79F86,True,340.0,111.0
Maybelline,Fit Me Matte + Poreless Liquid Foundation,Cappuccino,340,0.549019607843137,#C88350,True,340.0,104.0
Maybelline,Super Stay Full Coverage Foundation,Cappuccino,340,0.429411764705882,#A16D3A,True,340.0,105.0
Lancôme,Teint Idole Ultra Wear 24H Long Wear Foundation,Bisque N,340,0.676470588235294,#D6AA83,True,340.0,88.0
Juvia's Place,I Am Magic Foundation,Kampala,340,0.415686274509804,#A35D31,False,340.0,93.0
Lancôme,Rénergie Lift Makeup Lightweight Liquid Foundation SPF 27,Clair 35 N,340,0.647058823529412,#D1A479,True,340.0,89.0
ZOEVA,Authentik Skin Natural Luminous Foundation,Magical,340W,0.476470588235294,#C5692E,True,340.0,78.0
Exa,High Fidelity Foundation,Koko,340,0.63921568627451,#D09276,False,340.0,115.0
SMITH & CULT,Veiled Threat Weightless Micro-Blurring Foundation,Warm,340,0.57843137254902,#D98D4E,True,340.0,95.0
FENTY BEAUTY by Rihanna,Pro Filt'r Soft Matte Powder Foundation,,340,0.488235294117647,#A57254,True,340.0,96.0
FENTY BEAUTY by Rihanna,Pro Filt'r Soft Matte Longwear Foundation,,340,0.594117647058824,#C58D6A,True,340.0,97.0
Rare Beauty by Selena Gomez,Liquid Touch Weightless Foundation,,340C,0.641176470588235,#CFA178,True,340.0,98.0
MAKE UP FOR EVER,Reboot Active Care Revitalizing Foundation,,Y340,0.635294117647059,#CC9C78,True,340.0,125.0
FENTY BEAUTY by Rihanna,Pro Filt'r Hydrating Longwear Foundation,,340,0.513725490196078,#AC7D5A,True,340.0,99.0
HUDA BEAUTY,#FauxFilter Skin Finish Buildable Coverage Foundation Stick,,340G,0.696078431372549,#D9B18A,True,340.0,100.0
Gucci,Fluide De Beauté Fini Naturel - Natural Finish Fluid Foundation,,340N,0.629411764705882,#D69B6B,True,340.0,116.0
HUDA BEAUTY,#FauxFilter Full Coverage Matte Foundation,HUDA BEAUTY FauxFilter Full Coverage Matte Foundation Baklava,340G,0.505882352941176,#B3814F,True,340.0,101.0
Shiseido,Synchro Skin Self-Refreshing Foundation SPF 30,,340,0.815686274509804,#F6D0AA,True,340.0,117.0
La Mer,The Soft Fluid Long Wear Foundation SPF 20,Suede,340,0.786274509803922,#F4BF9D,True,340.0,118.0
Shiseido,Synchro Skin Self-Refreshing Custom Finish Powder Foundation,Oak,340,0.694117647058824,#E0AB82,True,340.0,119.0
Origins,Pretty in Bloom™ SPF 20 Flower-Infused Long-Wear Foundation,,340,0.649019607843137,#C6A485,True,340.0,102.0
Beauty Bakerie,InstaBake Aqua Glass Foundation,Warm Neutral,341,0.735294117647059,#E0B897,False,341.0,127.0
Beauty Bakerie,InstaBake Aqua Glass Foundation,Neutral,343,0.747058823529412,#E0BA9D,False,343.0,127.0
Anastasia Beverly Hills,Luminous Foundation,,345C,0.513725490196078,#AF7E57,True,345.0,91.0
Beauty Bakerie,InstaBake Aqua Glass Foundation,Warm,345,0.77843137254902,#E6C3A7,False,345.0,127.0
FENTY BEAUTY by Rihanna,Pro Filt'r Soft Matte Powder Foundation,,345,0.53921568627451,#C08553,True,345.0,96.0
FENTY BEAUTY by Rihanna,Pro Filt'r Soft Matte Longwear Foundation,,345,0.672549019607843,#E4A673,True,345.0,97.0
MAKE UP FOR EVER,Ultra HD Invisible Cover Foundation,,Y345,0.633333333333333,#C19C82,True,345.0,122.0
MAKE UP FOR EVER,Matte Velvet Skin Blurring Powder Foundation,,Y345,0.768627450980392,#EBB69D,True,345.0,126.0
FENTY BEAUTY by Rihanna,Pro Filt'r Hydrating Longwear Foundation,,345,0.627450980392157,#D1A16F,True,345.0,99.0
MAKE UP FOR EVER,Matte Velvet Skin Full Coverage Foundation,,Y345,0.747058823529412,#DDC4A0,True,345.0,123.0
Givenchy,Teint Couture City Balm Radiant Perfecting Skin Tint SPF 25,,C345,0.511764705882353,#A7775E,True,345.0,107.0
Beauty Bakerie,InstaBake Aqua Glass Foundation,Cool,347,0.811764705882353,#EBC8B3,False,347.0,127.0
Beauty Bakerie,InstaBake Aqua Glass Foundation,Warm,349,0.811764705882353,#EECAB0,False,349.0,127.0
Anastasia Beverly Hills,Luminous Foundation,,350C,0.47843137254902,#A17153,True,350.0,91.0
Lancôme,Dual Finish Multi-Tasking Lightweight Pressed Powder Foundation,Bisque,350,0.723529411764706,#EEB683,True,350.0,120.0
Revlon,ColorStay Makeup For Combo/Oily Skin,Rich Tan,350,0.682352941176471,#D5A287,True,350.0,111.0
Lancôme,Teint Idole Ultra Wear 24H Long Wear Foundation,Bisque C,350,0.686274509803922,#DAAA84,True,350.0,88.0
Juvia's Place,I Am Magic Foundation,Somalia,350,0.458823529411765,#B46636,False,350.0,93.0
Lancôme,Rénergie Lift Makeup Lightweight Liquid Foundation SPF 27,Dore 10 N,350,0.631372549019608,#CF9573,True,350.0,89.0
ZOEVA,Authentik Skin Natural Luminous Foundation,Masterful,350W,0.388235294117647,#A94D1D,True,350.0,78.0
Exa,High Fidelity Foundation,KB,350,0.701960784313725,#D7B38F,False,350.0,115.0
SMITH & CULT,Veiled Threat Weightless Micro-Blurring Foundation,Cool,350,0.584313725490196,#D58655,True,350.0,95.0
FENTY BEAUTY by Rihanna,Pro Filt'r Soft Matte Powder Foundation,,350,0.527450980392157,#B87E55,True,350.0,96.0
FENTY BEAUTY by Rihanna,Pro Filt'r Soft Matte Longwear Foundation,,350,0.613725490196078,#D79762,True,350.0,97.0
Rare Beauty by Selena Gomez,Liquid Touch Weightless Foundation,,350C,0.650980392156863,#D19A7B,True,350.0,98.0
FENTY BEAUTY by Rihanna,Pro Filt'r Hydrating Longwear Foundation,,350,0.588235294117647,#C69666,True,350.0,99.0
HUDA BEAUTY,#FauxFilter Skin Finish Buildable Coverage Foundation Stick,,350G,0.772549019607843,#F4BF96,True,350.0,100.0
Gucci,Fluide De Beauté Fini Naturel - Natural Finish Fluid Foundation,,350W,0.590196078431373,#CA9363,True,350.0,116.0
HUDA BEAUTY,#FauxFilter Full Coverage Matte Foundation,Dulce De Leche,350G,0.515686274509804,#B38054,True,350.0,101.0
Shiseido,Synchro Skin Self-Refreshing Foundation SPF 30,,350,0.794117647058823,#EBC7AA,True,350.0,117.0
La Mer,The Soft Fluid Long Wear Foundation SPF 20,Honey,350,0.684313725490196,#D7A986,True,350.0,118.0
Shiseido,Synchro Skin Self-Refreshing Custom Finish Powder Foundation,Maple,350,0.652941176470588,#D59E78,True,350.0,119.0
Beauty Bakerie,InstaBake Aqua Glass Foundation,Neutral,351,0.829411764705882,#EECDB9,False,351.0,127.0
Beauty Bakerie,InstaBake Aqua Glass Foundation,Cool,353,0.882352941176471,#F2DCD0,False,353.0,127.0
Anastasia Beverly Hills,Luminous Foundation,,355N,0.458823529411765,#A06F4A,True,355.0,91.0
Lancôme,Dual Finish Multi-Tasking Lightweight Pressed Powder Foundation,Bisque,355,0.711764705882353,#ECAA7F,True,355.0,120.0
Beauty Bakerie,InstaBake Aqua Glass Foundation,Warm,355,0.849019607843137,#F8D8B9,False,355.0,127.0
Maybelline,Fit Me Matte + Poreless Liquid Foundation,Coconut,355,0.470588235294118,#AE6742,True,355.0,104.0
Maybelline,Super Stay Full Coverage Foundation,Coconut,355,0.411764705882353,#935F3F,True,355.0,105.0
MAKE UP FOR EVER,Ultra HD Invisible Cover Foundation,,Y355,0.576470588235294,#B09076,True,355.0,122.0
MAKE UP FOR EVER,Reboot Active Care Revitalizing Foundation,,Y355,0.672549019607843,#CDA98A,True,355.0,125.0
MAKE UP FOR EVER,Matte Velvet Skin Blurring Powder Foundation,,Y355,0.813725490196078,#F7C3A8,True,355.0,126.0
MAKE UP FOR EVER,Matte Velvet Skin Full Coverage Foundation,,Y355,0.766666666666667,#DEC6A9,True,355.0,123.0
Maybelline,Fit Me Matte + Poreless Liquid Foundation,Warm Coconut,356,0.452941176470588,#AA663D,True,356.0,104.0
Beauty Bakerie,InstaBake Aqua Glass Foundation,Warm Neutral,357,0.907843137254902,#F6E6D9,False,357.0,127.0
Maybelline,Fit Me Matte + Poreless Liquid Foundation,Latte,358,0.507843137254902,#A9725A,True,358.0,104.0
Beauty Bakerie,InstaBake Aqua Glass Foundation,Cool,359,0.927450980392157,#F8EAE1,False,359.0,127.0
Anastasia Beverly Hills,Luminous Foundation,,360C,0.452941176470588,#A16E46,True,360.0,91.0
Lancôme,Teint Idole Ultra Longwear Foundation Stick SPF 21,Bisque N,360,0.672549019607843,#D3AB84,True,360.0,110.0
Lancôme,Dual Finish Multi-Tasking Lightweight Pressed Powder Foundation,Versatile Honey III,360,0.672549019607843,#E2A575,True,360.0,120.0
Maybelline,Fit Me Matte + Poreless Liquid Foundation,Mocha,360,0.409803921568627,#9E6033,True,360.0,104.0
Maybelline,Super Stay Full Coverage Foundation,Mocha,360,0.345098039215686,#775039,True,360.0,105.0
Lancôme,Teint Idole Ultra Wear 24H Long Wear Foundation,Bisque N,360,0.672549019607843,#D2AC85,True,360.0,88.0
Lancôme,Rénergie Lift Makeup Lightweight Liquid Foundation SPF 27,Dore 20 W,360,0.598039215686274,#C78E6A,True,360.0,89.0
ZOEVA,Authentik Skin Natural Luminous Foundation,Original,360N,0.403921568627451,#AD4A21,True,360.0,78.0
Exa,High Fidelity Foundation,Oakjoo,360,0.707843137254902,#DBAF8E,False,360.0,115.0
SMITH & CULT,Veiled Threat Weightless Micro-Blurring Foundation,Neutral,360,0.586274509803922,#DC834F,True,360.0,95.0
FENTY BEAUTY by Rihanna,Pro Filt'r Soft Matte Powder Foundation,,360,0.545098039215686,#C28354,True,360.0,96.0
FENTY BEAUTY by Rihanna,Pro Filt'r Soft Matte Longwear Foundation,,360,0.601960784313725,#CF9664,True,360.0,97.0
MAKE UP FOR EVER,Ultra HD Invisible Cover Foundation,,R360,0.56078431372549,#AC8672,True,360.0,122.0
Rare Beauty by Selena Gomez,Liquid Touch Weightless Foundation,,360W,0.633333333333333,#D1A172,True,360.0,98.0
FENTY BEAUTY by Rihanna,Pro Filt'r Hydrating Longwear Foundation,,360,0.590196078431373,#C2986B,True,360.0,99.0
Gucci,Fluide De Beauté Fini Naturel - Natural Finish Fluid Foundation,,360W,0.582352941176471,#C38F66,True,360.0,116.0
Shiseido,Synchro Skin Self-Refreshing Foundation SPF 30,,360,0.772549019607843,#EBC19F,True,360.0,117.0
Shiseido,Synchro Skin Self-Refreshing Custom Finish Powder Foundation,Citrine,360,0.619607843137255,#C89574,True,360.0,119.0
Maybelline,Fit Me Matte + Poreless Liquid Foundation,Truffle,362,0.403921568627451,#90653E,True,362.0,104.0
MAKE UP FOR EVER,Matte Velvet Skin Full Coverage Foundation,,Y363,0.735294117647059,#E0C297,True,363.0,123.0
Anastasia Beverly Hills,Luminous Foundation,,365C,0.435294117647059,#9B6B43,True,365.0,91.0
Maybelline,Fit Me Matte + Poreless Liquid Foundation,Nutmeg,365,0.425490196078431,#995840,True,365.0,104.0
MAKE UP FOR EVER,Ultra HD Invisible Cover Foundation,,Y365,0.566666666666667,#AD8A74,True,365.0,122.0
MAKE UP FOR EVER,Reboot Active Care Revitalizing Foundation,,Y365,0.654901960784314,#D0A47E,True,365.0,125.0
MAKE UP FOR EVER,Matte Velvet Skin Blurring Powder Foundation,,Y365,0.8,#F8C0A0,True,365.0,126.0
MAKE UP FOR EVER,Matte Velvet Skin Full Coverage Foundation,,Y365,0.690196078431373,#D5B48B,True,365.0,123.0
MAKE UP FOR EVER,Ultra HD Invisible Cover Stick Foundation,,Y365,0.713725490196078,#D6AA96,True,365.0,124.0
Maybelline,Fit Me Matte + Poreless Liquid Foundation,Deep Golden,368,0.380392156862745,#925730,True,368.0,104.0
Anastasia Beverly Hills,Luminous Foundation,,370W,0.398039215686274,#936038,True,370.0,91.0
Lancôme,Dual Finish Multi-Tasking Lightweight Pressed Powder Foundation,Bisque,370,0.607843137254902,#CF9667,True,370.0,120.0
Maybelline,Fit Me Matte + Poreless Liquid Foundation,Deep Bronze,370,0.396078431372549,#8B553F,True,370.0,104.0
Revlon,ColorStay Makeup For Normal/Dry Skin,Toast,370,0.613725490196078,#CB906E,True,370.0,112.0
Maybelline,Super Stay Full Coverage Foundation,Deep Bronze,370,0.292156862745098,#67442E,True,370.0,105.0
Lancôme,Teint Idole Ultra Wear 24H Long Wear Foundation,Bisque W,370,0.662745098039216,#D1AA81,True,370.0,88.0
Lancôme,Rénergie Lift Makeup Lightweight Liquid Foundation SPF 27,Dore 25 W,370,0.625490196078431,#CC9B73,True,370.0,89.0
ZOEVA,Authentik Skin Natural Luminous Foundation,Powerful,370C,0.503921568627451,#C96B38,True,370.0,78.0
Exa,High Fidelity Foundation,Dawn,370,0.619607843137255,#CB9971,False,370.0,115.0
SMITH & CULT,Veiled Threat Weightless Micro-Blurring Foundation,Neutral,370,0.584313725490196,#D0895A,True,370.0,95.0
FENTY BEAUTY by Rihanna,Pro Filt'r Soft Matte Powder Foundation,,370,0.580392156862745,#CB865D,True,370.0,96.0
FENTY BEAUTY by Rihanna,Pro Filt'r Soft Matte Longwear Foundation,,370,0.670588235294118,#E59E71,True,370.0,97.0
MAKE UP FOR EVER,Ultra HD Invisible Cover Foundation,,R370,0.52156862745098,#A27E68,True,370.0,122.0
Rare Beauty by Selena Gomez,Liquid Touch Weightless Foundation,,370N,0.643137254901961,#D99E6F,True,370.0,98.0
MAKE UP FOR EVER,Reboot Active Care Revitalizing Foundation,,R370,0.650980392156863,#C5A087,True,370.0,125.0
MAKE UP FOR EVER,Matte Velvet Skin Blurring Powder Foundation,,R370,0.768627450980392,#EEB29A,True,370.0,126.0
FENTY BEAUTY by Rihanna,Pro Filt'r Hydrating Longwear Foundation,,370,0.635294117647059,#D09B74,True,370.0,99.0
Gucci,Fluide De Beauté Fini Naturel - Natural Finish Fluid Foundation,,370O,0.564705882352941,#C18D5F,True,370.0,116.0
MAKE UP FOR EVER,Matte Velvet Skin Full Coverage Foundation,,R370,0.703921568627451,#D4B393,True,370.0,123.0
MAKE UP FOR EVER,Ultra HD Invisible Cover Stick Foundation,,R370,0.662745098039216,#D5A07D,True,370.0,124.0
Givenchy,Teint Couture City Balm Radiant Perfecting Skin Tint SPF 25,,W370,0.527450980392157,#AC7B61,True,370.0,107.0
MAKE UP FOR EVER,Ultra HD Invisible Cover Foundation,,Y373,0.733333333333333,#E0BF96,True,373.0,122.0
Maybelline,Fit Me Matte + Poreless Liquid Foundation,Java,375,0.349019607843137,#76503C,True,375.0,104.0
Maybelline,Super Stay Full Coverage Foundation,Java,375,0.282352941176471,#5D4233,True,375.0,105.0
MAKE UP FOR EVER,Ultra HD Invisible Cover Foundation,,Y375,0.554901960784314,#B38768,True,375.0,122.0
MAKE UP FOR EVER,Matte Velvet Skin Blurring Powder Foundation,,Y375Golden,0.747058823529412,#EAB693,True,375.0,126.0
MAKE UP FOR EVER,Matte Velvet Skin Full Coverage Foundation,,Y375,0.686274509803922,#D4B18A,True,375.0,123.0
MAKE UP FOR EVER,Ultra HD Invisible Cover Stick Foundation,,Y375,0.656862745098039,#D09E7F,True,375.0,124.0
Maybelline,Fit Me Matte + Poreless Liquid Foundation,Espresso,380,0.27843137254902,#5B3D33,True,380.0,104.0
Lancôme,Teint Idole Ultra Wear 24H Long Wear Foundation,Bisque W,380,0.674509803921569,#D3AC85,True,380.0,88.0
ZOEVA,Authentik Skin Natural Luminous Foundation,Smile,380N,0.390196078431373,#AA4C1D,True,380.0,78.0
Exa,High Fidelity Foundation,Alyssa,380,0.67843137254902,#D5A985,False,380.0,115.0
SMITH & CULT,Veiled Threat Weightless Micro-Blurring Foundation,Warm,380,0.554901960784314,#C87D53,True,380.0,95.0
FENTY BEAUTY by Rihanna,Pro Filt'r Soft Matte Powder Foundation,,380,0.594117647058824,#CB8D64,True,380.0,96.0
FENTY BEAUTY by Rihanna,Pro Filt'r Soft Matte Longwear Foundation,,380,0.67843137254902,#E59C75,True,380.0,97.0
Rare Beauty by Selena Gomez,Liquid Touch Weightless Foundation,,380W,0.633333333333333,#D49E6F,True,380.0,98.0
FENTY BEAUTY by Rihanna,Pro Filt'r Hydrating Longwear Foundation,,380,0.643137254901961,#D29A76,True,380.0,99.0
Gucci,Fluide De Beauté Fini Naturel - Natural Finish Fluid Foundation,,380N,0.494117647058824,#B1764B,True,380.0,116.0
MAKE UP FOR EVER,Ultra HD Invisible Cover Foundation,,Y383,0.641176470588235,#C0A487,True,383.0,122.0
FENTY BEAUTY by Rihanna,Pro Filt'r Soft Matte Powder Foundation,,385,0.449019607843137,#A46B41,True,385.0,96.0
FENTY BEAUTY by Rihanna,Pro Filt'r Soft Matte Longwear Foundation,,385,0.6,#D4965E,True,385.0,97.0
MAKE UP FOR EVER,Ultra HD Invisible Cover Foundation,,Y385,0.552941176470588,#AE8A6C,True,385.0,122.0
FENTY BEAUTY by Rihanna,Pro Filt'r Hydrating Longwear Foundation,,385,0.57843137254902,#C49663,True,385.0,99.0
Revlon,ColorStay Full Cover Foundation,Early Tan,390,0.674509803921569,#DCA57C,True,390.0,113.0
Lancôme,Teint Idole Ultra Wear 24H Long Wear Foundation,Bisque C,390,0.674509803921569,#D3AD85,True,390.0,88.0
ZOEVA,Authentik Skin Natural Luminous Foundation,Soulful,390N,0.376470588235294,#A1411F,True,390.0,78.0
Exa,High Fidelity Foundation,Allie,390,0.680392156862745,#CEA98D,False,390.0,115.0
SMITH & CULT,Veiled Threat Weightless Micro-Blurring Foundation,Cool,390,0.556862745098039,#C97F53,True,390.0,95.0
FENTY BEAUTY by Rihanna,Pro Filt'r Soft Matte Powder Foundation,,390,0.484313725490196,#AC714B,True,390.0,96.0
FENTY BEAUTY by Rihanna,Pro Filt'r Soft Matte Longwear Foundation,,390,0.611764705882353,#CD926B,True,390.0,97.0
Rare Beauty by Selena Gomez,Liquid Touch Weightless Foundation,,390C,0.649019607843137,#CF957C,True,390.0,98.0
FENTY BEAUTY by Rihanna,Pro Filt'r Hydrating Longwear Foundation,,390,0.505882352941176,#B07C52,True,390.0,99.0
Anastasia Beverly Hills,Luminous Foundation,,400N,0.374509803921569,#8E5A31,True,400.0,91.0
Revlon,ColorStay Makeup For Combo/Oily Skin,Caramel,400,0.611764705882353,#C69072,True,400.0,111.0
Almay,Clear Complexion Make Myself Clear Makeup,Neutral,400,0.66078431372549,#CF9D82,True,400.0,92.0
Revlon,ColorStay Makeup For Normal/Dry Skin,Caramel,400,0.611764705882353,#C69072,True,400.0,112.0
Almay,Smart Shade Skintone Matching Makeup,Medium Meets Deep,400,0.694117647058824,#DDA785,True,400.0,128.0
Juvia's Place,I Am Magic Foundation,Ethiopia,400,0.625490196078431,#D99C66,False,400.0,93.0
ZOEVA,Authentik Skin Natural Luminous Foundation,Spirited,400C,0.376470588235294,#9F4221,True,400.0,78.0
Exa,High Fidelity Foundation,Lydia,400,0.67843137254902,#D59F85,False,400.0,115.0
SMITH & CULT,Veiled Threat Weightless Micro-Blurring Foundation,Warm,400,0.535294117647059,#D07741,True,400.0,95.0
FENTY BEAUTY by Rihanna,Pro Filt'r Soft Matte Powder Foundation,,400,0.405882352941176,#995E36,True,400.0,96.0
FENTY BEAUTY by Rihanna,Pro Filt'r Soft Matte Longwear Foundation,,400,0.519607843137255,#C67943,True,400.0,97.0
Rare Beauty by Selena Gomez,Liquid Touch Weightless Foundation,,400W,0.598039215686274,#C6926B,True,400.0,98.0
FENTY BEAUTY by Rihanna,Pro Filt'r Hydrating Longwear Foundation,,400,0.484313725490196,#B17646,True,400.0,99.0
HUDA BEAUTY,#FauxFilter Skin Finish Buildable Coverage Foundation Stick,,400G,0.786274509803922,#ECC8A5,True,400.0,100.0
HUDA BEAUTY,#FauxFilter Full Coverage Matte Foundation,Macchiato,400G,0.484313725490196,#AF8048,True,400.0,101.0
La Mer,The Soft Fluid Long Wear Foundation SPF 20,Dusk,400,0.605882352941176,#C6856F,True,400.0,118.0
Origins,Pretty in Bloom™ SPF 20 Flower-Infused Long-Wear Foundation,,400,0.641176470588235,#CE9F79,True,400.0,102.0
MAKE UP FOR EVER,Ultra HD Invisible Cover Foundation,,Y405,0.549019607843137,#AE856A,True,405.0,122.0
MAKE UP FOR EVER,Reboot Active Care Revitalizing Foundation,,Y405,0.627450980392157,#CF9C71,True,405.0,125.0
MAKE UP FOR EVER,Matte Velvet Skin Blurring Powder Foundation,,Y405Golden,0.745098039215686,#EFB28D,True,405.0,126.0
HUDA BEAUTY,#FauxFilter Skin Finish Buildable Coverage Foundation Stick,,405N,0.723529411764706,#E4B38D,True,405.0,100.0
MAKE UP FOR EVER,Matte Velvet Skin Full Coverage Foundation,,Y405,0.66078431372549,#CBAD86,True,405.0,123.0
MAKE UP FOR EVER,Ultra HD Invisible Cover Stick Foundation,,Y405,0.664705882352941,#D8A37B,True,405.0,124.0
Givenchy,Teint Couture City Balm Radiant Perfecting Skin Tint SPF 25,,N405,0.519607843137255,#AE745B,True,405.0,107.0
Anastasia Beverly Hills,Luminous Foundation,,410C,0.347058823529412,#86562B,True,410.0,91.0
Lancôme,Dual Finish Multi-Tasking Lightweight Pressed Powder Foundation,Bisque,410,0.725490196078431,#F0B882,True,410.0,120.0
Revlon,ColorStay Makeup For Combo/Oily Skin,Cappuccino,410,0.568627450980392,#BA8468,True,410.0,111.0
Revlon,ColorStay Makeup For Normal/Dry Skin,Cappuccino,410,0.568627450980392,#BA8468,True,410.0,112.0
Revlon,ColorStay Full Cover Foundation,Toast,410,0.598039215686274,#D19660,True,410.0,113.0
Lancôme,Teint Idole Ultra Wear 24H Long Wear Foundation,Bisque W,410,0.664705882352941,#DFA774,True,410.0,88.0
Juvia's Place,I Am Magic Foundation,Nairobi,410,0.450980392156863,#B26634,False,410.0,93.0
Lancôme,Rénergie Lift Makeup Lightweight Liquid Foundation SPF 27,Bisque W,410,0.633333333333333,#DB9B68,True,410.0,89.0
ZOEVA,Authentik Skin Natural Luminous Foundation,Strong,410W,0.284313725490196,#76301B,True,410.0,78.0
Exa,High Fidelity Foundation,James,410,0.780392156862745,#EFC39F,False,410.0,115.0
SMITH & CULT,Veiled Threat Weightless Micro-Blurring Foundation,Warm,410,0.517647058823529,#C77341,True,410.0,95.0
FENTY BEAUTY by Rihanna,Pro Filt'r Soft Matte Powder Foundation,,410,0.423529411764706,#9A623E,True,410.0,96.0
FENTY BEAUTY by Rihanna,Pro Filt'r Soft Matte Longwear Foundation,,410,0.535294117647059,#C67A4B,True,410.0,97.0
Rare Beauty by Selena Gomez,Liquid Touch Weightless Foundation,,410N,0.554901960784314,#B98662,True,410.0,98.0
MAKE UP FOR EVER,Matte Velvet Skin Blurring Powder Foundation,,R410Golden,0.733333333333333,#E5AB91,True,410.0,126.0
FENTY BEAUTY by Rihanna,Pro Filt'r Hydrating Longwear Foundation,,410,0.5,#B2784D,True,410.0,99.0
HUDA BEAUTY,#FauxFilter Skin Finish Buildable Coverage Foundation Stick,,410G,0.688235294117647,#DBAC84,True,410.0,100.0
Gucci,Fluide De Beauté Fini Naturel - Natural Finish Fluid Foundation,,410W,0.543137254901961,#BF8456,True,410.0,116.0
MAKE UP FOR EVER,Matte Velvet Skin Full Coverage Foundation,,R410,0.668627450980392,#CBAA8A,True,410.0,123.0
MAKE UP FOR EVER,Ultra HD Invisible Cover Stick Foundation,,R410,0.625490196078431,#D1936E,True,410.0,124.0
HUDA BEAUTY,#FauxFilter Full Coverage Matte Foundation,Brown Sugar,410G,0.549019607843137,#C09258,True,410.0,101.0
Shiseido,Synchro Skin Self-Refreshing Foundation SPF 30,,410,0.719607843137255,#E6AE89,True,410.0,117.0
La Mer,The Soft Fluid Long Wear Foundation SPF 20,Espresso,410,0.229411764705882,#5D2D18,True,410.0,118.0
Shiseido,Synchro Skin Self-Refreshing Custom Finish Powder Foundation,Sunstone,410,0.615686274509804,#C89272,True,410.0,119.0
Origins,Pretty in Bloom™ SPF 20 Flower-Infused Long-Wear Foundation,,410,0.67843137254902,#D8A982,True,410.0,102.0
MAKE UP FOR EVER,Ultra HD Invisible Cover Foundation,,Y412,0.590196078431373,#B3957A,True,412.0,122.0
MAKE UP FOR EVER,Reboot Active Care Revitalizing Foundation,,Y412,0.63921568627451,#CC9B7A,True,412.0,125.0
Lancôme,Teint Idole Ultra Wear 24H Long Wear Foundation,Bisque W,415,0.609803921568628,#D39C64,True,415.0,88.0
MAKE UP FOR EVER,Ultra HD Invisible Cover Foundation,,Y415,0.490196078431373,#997861,True,415.0,122.0
MAKE UP FOR EVER,Matte Velvet Skin Blurring Powder Foundation,,Y415,0.707843137254902,#E0A989,True,415.0,126.0
HUDA BEAUTY,#FauxFilter Skin Finish Buildable Coverage Foundation Stick,,415N,0.682352941176471,#DAAA82,True,415.0,100.0
MAKE UP FOR EVER,Matte Velvet Skin Full Coverage Foundation,,Y415,0.668627450980392,#CCB189,True,415.0,123.0
MAKE UP FOR EVER,Ultra HD Invisible Cover Stick Foundation,,Y415,0.629411764705882,#CC9975,True,415.0,124.0
Lancôme,Teint Idole Ultra Wear 24H Long Wear Foundation,Bisque C,418,0.992156862745098,#FDFDFD,True,418.0,88.0
Anastasia Beverly Hills,Luminous Foundation,,420C,0.343137254901961,#7F5430,True,420.0,91.0
Lancôme,Teint Idole Ultra Longwear Foundation Stick SPF 21,Bisque N,420,0.635294117647059,#D1A173,True,420.0,110.0
Lancôme,Dual Finish Multi-Tasking Lightweight Pressed Powder Foundation,Bisque,420,0.592156862745098,#D58D59,True,420.0,120.0
Revlon,ColorStay Full Cover Foundation,Mahogany,420,0.403921568627451,#945A3A,True,420.0,113.0
Lancôme,Teint Idole Ultra Wear 24H Long Wear Foundation,Bisque N,420,0.635294117647059,#D1A173,True,420.0,88.0
Juvia's Place,I Am Magic Foundation,Havana,420,0.57843137254902,#D68751,False,420.0,93.0
Lancôme,Rénergie Lift Makeup Lightweight Liquid Foundation SPF 27,Bisque N,420,0.582352941176471,#D18A58,True,420.0,89.0
ZOEVA,Authentik Skin Natural Luminous Foundation,Trusted,420N,0.272549019607843,#6D281E,True,420.0,78.0
Exa,High Fidelity Foundation,Annica,420,0.770588235294118,#F5C294,False,420.0,115.0
SMITH & CULT,Veiled Threat Weightless Micro-Blurring Foundation,Cool,420,0.450980392156863,#AD6639,True,420.0,95.0
FENTY BEAUTY by Rihanna,Pro Filt'r Soft Matte Powder Foundation,,420,0.417647058823529,#9B5E3A,True,420.0,96.0
FENTY BEAUTY by Rihanna,Pro Filt'r Soft Matte Longwear Foundation,,420,0.53921568627451,#CE8045,True,420.0,97.0
MAKE UP FOR EVER,Ultra HD Invisible Cover Foundation,,R420,0.547058823529412,#A9816E,True,420.0,122.0
Rare Beauty by Selena Gomez,Liquid Touch Weightless Foundation,,420N,0.607843137254902,#C49272,True,420.0,98.0
FENTY BEAUTY by Rihanna,Pro Filt'r Hydrating Longwear Foundation,,420,0.582352941176471,#C59264,True,420.0,99.0
HUDA BEAUTY,#FauxFilter Skin Finish Buildable Coverage Foundation Stick,,420G,0.701960784313725,#E4B282,True,420.0,100.0
Gucci,Fluide De Beauté Fini Naturel - Natural Finish Fluid Foundation,,420N,0.549019607843137,#BF7E59,True,420.0,116.0
HUDA BEAUTY,#FauxFilter Full Coverage Matte Foundation,Toffee,420G,0.445098039215686,#A17642,True,420.0,101.0
Shiseido,Synchro Skin Self-Refreshing Foundation SPF 30,,420,0.613725490196078,#C59B74,True,420.0,117.0
La Mer,The Soft Fluid Long Wear Foundation SPF 20,Terra,420,0.352941176470588,#814C33,True,420.0,118.0
Origins,Pretty in Bloom™ SPF 20 Flower-Infused Long-Wear Foundation,,420,0.641176470588235,#C4A283,True,420.0,102.0
MAKE UP FOR EVER,Ultra HD Invisible Cover Foundation,,Y422,0.637254901960784,#BFA386,True,422.0,122.0
Lancôme,Teint Idole Ultra Wear 24H Long Wear Foundation,Bisque W,425,0.603921568627451,#CF9A65,True,425.0,88.0
MAKE UP FOR EVER,Ultra HD Invisible Cover Foundation,,Y425,0.52156862745098,#A57E65,True,425.0,122.0
MAKE UP FOR EVER,Matte Velvet Skin Blurring Powder Foundation,,Y425,0.690196078431373,#E1AA7F,True,425.0,126.0
MAKE UP FOR EVER,Matte Velvet Skin Full Coverage Foundation,,Y425,0.654901960784314,#C9AC85,True,425.0,123.0
Anastasia Beverly Hills,Luminous Foundation,,430W,0.362745098039216,#8B562E,True,430.0,91.0
Lancôme,Teint Idole Ultra Wear 24H Long Wear Foundation,Bisque C,430,0.594117647058824,#C99366,True,430.0,88.0
Juvia's Place,I Am Magic Foundation,Rio,430,0.447058823529412,#B06B34,False,430.0,93.0
Lancôme,Rénergie Lift Makeup Lightweight Liquid Foundation SPF 27,Dore 30 W,430,0.592156862745098,#CB8C63,True,430.0,89.0
ZOEVA,Authentik Skin Natural Luminous Foundation,Warrior,430N,0.225490196078431,#57241C,True,430.0,78.0
Exa,High Fidelity Foundation,Dana,430,0.719607843137255,#D9AA96,False,430.0,115.0
SMITH & CULT,Veiled Threat Weightless Micro-Blurring Foundation,Neutral,430,0.507843137254902,#C4733F,True,430.0,95.0
FENTY BEAUTY by Rihanna,Pro Filt'r Soft Matte Powder Foundation,,430,0.370588235294118,#8B5432,True,430.0,96.0
FENTY BEAUTY by Rihanna,Pro Filt'r Soft Matte Longwear Foundation,,430,0.47843137254902,#AB6C49,True,430.0,97.0
MAKE UP FOR EVER,Ultra HD Invisible Cover Foundation,,R430,0.47843137254902,#98705C,True,430.0,122.0
Rare Beauty by Selena Gomez,Liquid Touch Weightless Foundation,,430W,0.609803921568628,#C8926F,True,430.0,98.0
FENTY BEAUTY by Rihanna,Pro Filt'r Hydrating Longwear Foundation,,430,0.466666666666667,#9E6F50,True,430.0,99.0
HUDA BEAUTY,#FauxFilter Skin Finish Buildable Coverage Foundation Stick,,430N,0.676470588235294,#DBA97E,True,430.0,100.0
Gucci,Fluide De Beauté Fini Naturel - Natural Finish Fluid Foundation,,430C,0.480392156862745,#A9694C,True,430.0,116.0
HUDA BEAUTY,#FauxFilter Full Coverage Matte Foundation,Gingerbread,430N,0.445098039215686,#AB7A38,True,430.0,101.0
Shiseido,Synchro Skin Self-Refreshing Foundation SPF 30,,430,0.641176470588235,#CF9478,True,430.0,117.0
La Mer,The Soft Fluid Long Wear Foundation SPF 20,Chestnut,430,0.586274509803922,#C28B69,True,430.0,118.0
MAKE UP FOR EVER,Water Blend Face & Body Foundation,,R430,0.558823529411765,#B27D6B,True,430.0,129.0
Givenchy,Teint Couture City Balm Radiant Perfecting Skin Tint SPF 25,,W430,0.431372549019608,#915C4B,True,430.0,107.0
MAKE UP FOR EVER,Matte Velvet Skin Full Coverage Foundation,,Y433,0.650980392156863,#CFAA7D,True,433.0,123.0
MAKE UP FOR EVER,Reboot Active Care Revitalizing Foundation,,Y434,0.572549019607843,#C68D5E,True,434.0,125.0
Lancôme,Teint Idole Ultra Wear 24H Long Wear Foundation,Bisque W,435,0.994117647058824,#FEFEFD,True,435.0,88.0
Juvia's Place,I Am Magic Foundation,Punta Cana,435,0.482352941176471,#B8753E,False,435.0,93.0
MAKE UP FOR EVER,Ultra HD Invisible Cover Foundation,,Y435,0.641176470588235,#C59C82,True,435.0,122.0
Anastasia Beverly Hills,Luminous Foundation,,440C,0.323529411764706,#7A4F2B,True,440.0,91.0
Lancôme,Dual Finish Multi-Tasking Lightweight Pressed Powder Foundation,Bisque,440,0.570588235294118,#D08453,True,440.0,120.0
Juvia's Place,I Am Magic Foundation,Savanna,440,0.523529411764706,#BF7E4C,False,440.0,93.0
Revlon,ColorStay Light Cover Liquid Foundation,Caramel,440,0.482352941176471,#B07646,True,440.0,114.0
ZOEVA,Authentik Skin Natural Luminous Foundation,Wise,440C,0.201960784313725,#452722,True,440.0,78.0
Exa,High Fidelity Foundation,Katey,440,0.656862745098039,#D0A57F,False,440.0,115.0
SMITH & CULT,Veiled Threat Weightless Micro-Blurring Foundation,Neutral,440,0.505882352941176,#C46B3E,True,440.0,95.0
FENTY BEAUTY by Rihanna,Pro Filt'r Soft Matte Powder Foundation,,440,0.380392156862745,#8D5435,True,440.0,96.0
FENTY BEAUTY by Rihanna,Pro Filt'r Soft Matte Longwear Foundation,,440,0.552941176470588,#C38057,True,440.0,97.0
Rare Beauty by Selena Gomez,Liquid Touch Weightless Foundation,,440C,0.525490196078431,#B07A5C,True,440.0,98.0
FENTY BEAUTY by Rihanna,Pro Filt'r Hydrating Longwear Foundation,,440,0.486274509803922,#AB754D,True,440.0,99.0
HUDA BEAUTY,#FauxFilter Skin Finish Buildable Coverage Foundation Stick,,440G,0.633333333333333,#D69D6D,True,440.0,100.0
Gucci,Fluide De Beauté Fini Naturel - Natural Finish Fluid Foundation,,440O,0.480392156862745,#AA6C4B,True,440.0,116.0
HUDA BEAUTY,#FauxFilter Full Coverage Matte Foundation,Cinnamon,440G,0.423529411764706,#A06838,True,440.0,101.0
Shiseido,Synchro Skin Self-Refreshing Foundation SPF 30,,440,0.517647058823529,#AF8259,True,440.0,117.0
La Mer,The Soft Fluid Long Wear Foundation SPF 20,Amber,440,0.574509803921569,#B18D74,True,440.0,118.0
Shiseido,Synchro Skin Self-Refreshing Custom Finish Powder Foundation,Amber,440,0.588235294117647,#C18B6B,True,440.0,119.0
Origins,Pretty in Bloom™ SPF 20 Flower-Infused Long-Wear Foundation,,440,0.690196078431373,#CDAF93,True,440.0,102.0
FENTY BEAUTY by Rihanna,Pro Filt'r Soft Matte Powder Foundation,,445,0.337254901960784,#864C26,True,445.0,96.0
FENTY BEAUTY by Rihanna,Pro Filt'r Soft Matte Longwear Foundation,,445,0.472549019607843,#AF7142,True,445.0,97.0
MAKE UP FOR EVER,Ultra HD Invisible Cover Foundation,,Y445,0.462745098039216,#9A7352,True,445.0,122.0
MAKE UP FOR EVER,Reboot Active Care Revitalizing Foundation,,Y445,0.582352941176471,#C28B67,True,445.0,125.0
MAKE UP FOR EVER,Matte Velvet Skin Blurring Powder Foundation,,Y445,0.701960784313725,#E4A682,True,445.0,126.0
FENTY BEAUTY by Rihanna,Pro Filt'r Hydrating Longwear Foundation,,445,0.462745098039216,#A1744B,True,445.0,99.0
MAKE UP FOR EVER,Matte Velvet Skin Full Coverage Foundation,,Y445,0.629411764705882,#C5A67C,True,445.0,123.0
MAKE UP FOR EVER,Ultra HD Invisible Cover Stick Foundation,,Y445,0.543137254901961,#B9815C,True,445.0,124.0
MAKE UP FOR EVER,Water Blend Face & Body Foundation,,Y445,0.617647058823529,#C18D7A,True,445.0,129.0
Anastasia Beverly Hills,Luminous Foundation,,450C,0.301960784313725,#724C28,True,450.0,91.0
Lancôme,Teint Idole Ultra Longwear Foundation Stick SPF 21,Suede N,450,0.594117647058824,#C69469,True,450.0,110.0
Lancôme,Dual Finish Multi-Tasking Lightweight Pressed Powder Foundation,Suede,450,0.476470588235294,#B36A40,True,450.0,120.0
Lancôme,Teint Idole Ultra Wear 24H Long Wear Foundation,Suede N,450,0.588235294117647,#C49368,True,450.0,88.0
Juvia's Place,I Am Magic Foundation,Casablanca,450,0.625490196078431,#D99C66,False,450.0,93.0
Exa,High Fidelity Foundation,Emily,450,0.735294117647059,#E2B995,False,450.0,115.0
SMITH & CULT,Veiled Threat Weightless Micro-Blurring Foundation,Cool,450,0.413725490196078,#AB5328,True,450.0,95.0
FENTY BEAUTY by Rihanna,Pro Filt'r Soft Matte Powder Foundation,,450,0.341176470588235,#7D4C31,True,450.0,96.0
FENTY BEAUTY by Rihanna,Pro Filt'r Soft Matte Longwear Foundation,,450,0.47843137254902,#A86E4C,True,450.0,97.0
Rare Beauty by Selena Gomez,Liquid Touch Weightless Foundation,,450N,0.466666666666667,#A4644A,True,450.0,98.0
FENTY BEAUTY by Rihanna,Pro Filt'r Hydrating Longwear Foundation,,450,0.468627450980392,#9C7153,True,450.0,99.0
HUDA BEAUTY,#FauxFilter Skin Finish Buildable Coverage Foundation Stick,,450G,0.523529411764706,#B48357,True,450.0,100.0
Gucci,Fluide De Beauté Fini Naturel - Natural Finish Fluid Foundation,,450C,0.480392156862745,#AF6946,True,450.0,116.0
HUDA BEAUTY,#FauxFilter Full Coverage Matte Foundation,Chocolate Mousse,450G,0.482352941176471,#A47C52,True,450.0,101.0
Shiseido,Synchro Skin Self-Refreshing Foundation SPF 30,,450,0.607843137254902,#C28C74,True,450.0,117.0
La Mer,The Soft Fluid Long Wear Foundation SPF 20,Sepia,450,0.594117647058824,#D09B5F,True,450.0,118.0
Shiseido,Synchro Skin Self-Refreshing Custom Finish Powder Foundation,Copper,450,0.550980392156863,#B37C66,True,450.0,119.0
Lancôme,Teint Idole Ultra Wear 24H Long Wear Foundation,Suede C,455,0.458823529411765,#B17539,True,455.0,88.0
MAKE UP FOR EVER,Ultra HD Invisible Cover Foundation,,Y455,0.462745098039216,#997153,True,455.0,122.0
MAKE UP FOR EVER,Matte Velvet Skin Blurring Powder Foundation,,Y455,0.684313725490196,#DDA380,True,455.0,126.0
HUDA BEAUTY,#FauxFilter Skin Finish Buildable Coverage Foundation Stick,,455R,0.619607843137255,#CC9670,True,455.0,100.0
MAKE UP FOR EVER,Matte Velvet Skin Full Coverage Foundation,,Y455,0.615686274509804,#C9A371,True,455.0,123.0
MAKE UP FOR EVER,Water Blend Face & Body Foundation,,Y455,0.53921568627451,#AF7D64,True,455.0,129.0
Lancôme,Dual Finish Multi-Tasking Lightweight Pressed Powder Foundation,Suede,460,0.531372549019608,#C57D4A,True,460.0,120.0
Revlon,ColorStay Makeup For Normal/Dry Skin,Macadamia,460,0.782352941176471,#F5C29A,True,460.0,112.0
Lancôme,Teint Idole Ultra Wear 24H Long Wear Foundation,Suede W,460,0.562745098039216,#C08D5F,True,460.0,88.0
Lancôme,Rénergie Lift Makeup Lightweight Liquid Foundation SPF 27,Suede C,460,0.441176470588235,#AB5F36,True,460.0,89.0
Exa,High Fidelity Foundation,Gretta,460,0.758823529411765,#DFC1A4,False,460.0,115.0
SMITH & CULT,Veiled Threat Weightless Micro-Blurring Foundation,Warm,460,0.341176470588235,#82472C,True,460.0,95.0
FENTY BEAUTY by Rihanna,Pro Filt'r Soft Matte Powder Foundation,,460,0.319607843137255,#74432F,True,460.0,96.0
FENTY BEAUTY by Rihanna,Pro Filt'r Soft Matte Longwear Foundation,,460,0.476470588235294,#A6634D,True,460.0,97.0
Rare Beauty by Selena Gomez,Liquid Touch Weightless Foundation,,460W,0.505882352941176,#AF7453,True,460.0,98.0
FENTY BEAUTY by Rihanna,Pro Filt'r Hydrating Longwear Foundation,,460,0.470588235294118,#9A6956,True,460.0,99.0
Gucci,Fluide De Beauté Fini Naturel - Natural Finish Fluid Foundation,,460N,0.441176470588235,#996948,True,460.0,116.0
Shiseido,Synchro Skin Self-Refreshing Foundation SPF 30,,460,0.707843137254902,#E1AB88,True,460.0,117.0
La Mer,The Soft Fluid Long Wear Foundation SPF 20,Sienna,460,0.552941176470588,#AC826E,True,460.0,118.0
MAKE UP FOR EVER,Ultra HD Invisible Cover Foundation,,Y463,0.515686274509804,#A28265,True,463.0,122.0
MAKE UP FOR EVER,Matte Velvet Skin Full Coverage Foundation,,Y463,0.607843137254902,#BFA177,True,463.0,123.0
Lancôme,Teint Idole Ultra Wear 24H Long Wear Foundation,Suede C,465,0.37843137254902,#95582C,True,465.0,88.0
Anastasia Beverly Hills,Luminous Foundation,,470C,0.276470588235294,#6D4120,True,470.0,91.0
Lancôme,Teint Idole Ultra Wear 24H Long Wear Foundation,Suede C,470,0.570588235294118,#C38960,True,470.0,88.0
Exa,High Fidelity Foundation,Stefania,470,0.762745098039216,#E8BE9D,False,470.0,115.0
SMITH & CULT,Veiled Threat Weightless Micro-Blurring Foundation,Cool,470,0.345098039215686,#83432D,True,470.0,95.0
FENTY BEAUTY by Rihanna,Pro Filt'r Soft Matte Powder Foundation,,470,0.315686274509804,#74452D,True,470.0,96.0
FENTY BEAUTY by Rihanna,Pro Filt'r Soft Matte Longwear Foundation,,470,0.452941176470588,#9D634A,True,470.0,97.0
Rare Beauty by Selena Gomez,Liquid Touch Weightless Foundation,,470C,0.490196078431373,#A77053,True,470.0,98.0
FENTY BEAUTY by Rihanna,Pro Filt'r Hydrating Longwear Foundation,,470,0.456862745098039,#946B55,True,470.0,99.0
Gucci,Fluide De Beauté Fini Naturel - Natural Finish Fluid Foundation,,470O,0.388235294117647,#926034,True,470.0,116.0
Anastasia Beverly Hills,Luminous Foundation,,480C,0.268627450980392,#683F21,True,480.0,91.0
Exa,High Fidelity Foundation,Liam,480,0.741176470588235,#DDB99D,False,480.0,115.0
SMITH & CULT,Veiled Threat Weightless Micro-Blurring Foundation,Neutral,480,0.347058823529412,#87452A,True,480.0,95.0
FENTY BEAUTY by Rihanna,Pro Filt'r Soft Matte Powder Foundation,,480,0.305882352941176,#70432C,True,480.0,96.0
FENTY BEAUTY by Rihanna,Pro Filt'r Soft Matte Longwear Foundation,,480,0.449019607843137,#97644E,True,480.0,97.0
Rare Beauty by Selena Gomez,Liquid Touch Weightless Foundation,,480W,0.435294117647059,#956449,True,480.0,98.0
FENTY BEAUTY by Rihanna,Pro Filt'r Hydrating Longwear Foundation,,480,0.366666666666667,#7D543E,True,480.0,99.0
Gucci,Fluide De Beauté Fini Naturel - Natural Finish Fluid Foundation,,480C,0.415686274509804,#955A3F,True,480.0,116.0
Givenchy,Teint Couture City Balm Radiant Perfecting Skin Tint SPF 25,,W480,0.262745098039216,#563530,True,480.0,107.0
Anastasia Beverly Hills,Luminous Foundation,,490W,0.262745098039216,#673C1F,True,490.0,91.0
Exa,High Fidelity Foundation,Hannah,490,0.705882352941177,#DCB58C,False,490.0,115.0
SMITH & CULT,Veiled Threat Weightless Micro-Blurring Foundation,Neutral,490,0.286274509803922,#6B3927,True,490.0,95.0
FENTY BEAUTY by Rihanna,Pro Filt'r Soft Matte Powder Foundation,,490,0.266666666666667,#663B22,True,490.0,96.0
FENTY BEAUTY by Rihanna,Pro Filt'r Soft Matte Longwear Foundation,,490,0.43921568627451,#94644C,True,490.0,97.0
Rare Beauty by Selena Gomez,Liquid Touch Weightless Foundation,,490C,0.437254901960784,#995E46,True,490.0,98.0
FENTY BEAUTY by Rihanna,Pro Filt'r Hydrating Longwear Foundation,,490,0.36078431372549,#7B553D,True,490.0,99.0
Givenchy,Teint Couture City Balm Radiant Perfecting Skin Tint SPF 25,,N490,0.225490196078431,#45312E,True,490.0,107.0
Lancôme,Teint Idole Ultra Wear 24H Long Wear Foundation,Suede,495,0.4,#856447,True,495.0,88.0
FENTY BEAUTY by Rihanna,Pro Filt'r Soft Matte Powder Foundation,,495,0.247058823529412,#5D3121,True,495.0,96.0
FENTY BEAUTY by Rihanna,Pro Filt'r Soft Matte Longwear Foundation,,495,0.335294117647059,#784533,True,495.0,97.0
FENTY BEAUTY by Rihanna,Pro Filt'r Hydrating Longwear Foundation,,495,0.350980392156863,#734F40,True,495.0,99.0
FENTY BEAUTY by Rihanna,Pro Filt'r Soft Matte Powder Foundation,,498,0.247058823529412,#4E3530,True,498.0,96.0
FENTY BEAUTY by Rihanna,Pro Filt'r Soft Matte Longwear Foundation,,498,0.349019607843137,#66524C,True,498.0,97.0
FENTY BEAUTY by Rihanna,Pro Filt'r Hydrating Longwear Foundation,,498,0.350980392156863,#635550,True,498.0,99.0
Anastasia Beverly Hills,Luminous Foundation,,500C,0.252941176470588,#613920,True,500.0,91.0
Lancôme,Teint Idole Ultra Longwear Foundation Stick SPF 21,Suede W,500,0.480392156862745,#AC7A49,True,500.0,110.0
Lancôme,Dual Finish Multi-Tasking Lightweight Pressed Powder Foundation,Suede,500,0.427450980392157,#B45926,True,500.0,120.0
Almay,Clear Complexion Make Myself Clear Makeup,Beige,500,0.658823529411765,#CE9782,True,500.0,92.0
Revlon,ColorStay Makeup For Normal/Dry Skin,Walnut,500,0.374509803921569,#A74E18,True,500.0,112.0
Almay,Smart Shade Skintone Matching Makeup,Deep Like Me,500,0.609803921568628,#C79270,True,500.0,128.0
Lancôme,Teint Idole Ultra Wear 24H Long Wear Foundation,Suede W,500,0.482352941176471,#AC7A4A,True,500.0,88.0
Juvia's Place,I Am Magic Foundation,Bogota,500,0.641176470588235,#CB9F7C,False,500.0,93.0
Lancôme,Rénergie Lift Makeup Lightweight Liquid Foundation SPF 27,Suede W,500,0.470588235294118,#AC6C44,True,500.0,89.0
Exa,High Fidelity Foundation,Whit,500,0.729411764705882,#DFB295,False,500.0,115.0
SMITH & CULT,Veiled Threat Weightless Micro-Blurring Foundation,Cool,500,0.254901960784314,#613B21,True,500.0,95.0
Rare Beauty by Selena Gomez,Liquid Touch Weightless Foundation,,500N,0.429411764705882,#946147,True,500.0,98.0
HUDA BEAUTY,#FauxFilter Skin Finish Buildable Coverage Foundation Stick,,500G,0.509803921568627,#AC7E58,True,500.0,100.0
HUDA BEAUTY,#FauxFilter Full Coverage Matte Foundation,Mocha,500G,0.441176470588235,#9E6A43,True,500.0,101.0
Origins,Pretty in Bloom™ SPF 20 Flower-Infused Long-Wear Foundation,,500,0.631372549019608,#C89A7A,True,500.0,102.0
MAKE UP FOR EVER,Reboot Active Care Revitalizing Foundation,,Y503,0.511764705882353,#B37A52,True,503.0,125.0
MAKE UP FOR EVER,Matte Velvet Skin Full Coverage Foundation,,Y503,0.507843137254902,#A5835E,True,503.0,123.0
MAKE UP FOR EVER,Reboot Active Care Revitalizing Foundation,,Y505,0.513725490196078,#AE7B58,True,505.0,125.0
MAKE UP FOR EVER,Matte Velvet Skin Blurring Powder Foundation,,Y505Cognac,0.63921568627451,#CF9577,True,505.0,126.0
MAKE UP FOR EVER,Matte Velvet Skin Full Coverage Foundation,,Y505,0.496078431372549,#A0805D,True,505.0,123.0
MAKE UP FOR EVER,Ultra HD Invisible Cover Stick Foundation,,Y505,0.462745098039216,#A36A49,True,505.0,124.0
MAKE UP FOR EVER,Water Blend Face & Body Foundation,,Y505,0.498039215686275,#A1745D,True,505.0,129.0
MAKE UP FOR EVER,Ultra HD Invisible Cover Foundation,,Y508,0.484313725490196,#9A775D,True,508.0,122.0
Anastasia Beverly Hills,Luminous Foundation,,510W,0.225490196078431,#533020,True,510.0,91.0
Lancôme,Teint Idole Ultra Wear 24H Long Wear Foundation,Suede C,510,0.46078431372549,#A67445,True,510.0,88.0
Juvia's Place,I Am Magic Foundation,Aruba,510,0.607843137254902,#DC9D5A,False,510.0,93.0
CoverGirl,Clean Fresh Skin Milk Foundation,Porcelain,510,0.903921568627451,#F6E4D7,True,510.0,130.0
Exa,High Fidelity Foundation,Carolina,510,0.747058823529412,#ECC291,False,510.0,115.0
SMITH & CULT,Veiled Threat Weightless Micro-Blurring Foundation,Cool,510,0.311764705882353,#7C4123,True,510.0,95.0
MAKE UP FOR EVER,Ultra HD Invisible Cover Foundation,,R510,0.349019607843137,#7B4E37,True,510.0,122.0
Rare Beauty by Selena Gomez,Liquid Touch Weightless Foundation,,510W,0.347058823529412,#7D4C34,True,510.0,98.0
MAKE UP FOR EVER,Matte Velvet Skin Blurring Powder Foundation,,R510Coffee,0.63921568627451,#CB907B,True,510.0,126.0
HUDA BEAUTY,#FauxFilter Skin Finish Buildable Coverage Foundation Stick,,510R,0.513725490196078,#B17655,True,510.0,100.0
Gucci,Fluide De Beauté Fini Naturel - Natural Finish Fluid Foundation,,510C,0.394117647058824,#8F553A,True,510.0,116.0
MAKE UP FOR EVER,Matte Velvet Skin Full Coverage Foundation,,R510,0.472549019607843,#9E7753,True,510.0,123.0
HUDA BEAUTY,#FauxFilter Full Coverage Matte Foundation,Cocoa,510R,0.394117647058824,#8F653A,True,510.0,101.0
Shiseido,Synchro Skin Self-Refreshing Foundation SPF 30,,510,0.533333333333333,#AE8262,True,510.0,117.0
Shiseido,Synchro Skin Self-Refreshing Custom Finish Powder Foundation,Suede,510,0.501960784313725,#9F7461,True,510.0,119.0
Origins,Pretty in Bloom™ SPF 20 Flower-Infused Long-Wear Foundation,,510,0.66078431372549,#C7A38A,True,510.0,102.0
MAKE UP FOR EVER,Ultra HD Invisible Cover Foundation,,Y513,0.480392156862745,#9B785A,True,513.0,122.0
MAKE UP FOR EVER,Matte Velvet Skin Full Coverage Foundation,,Y513,0.462745098039216,#A37D49,True,513.0,123.0
Anastasia Beverly Hills,Luminous Foundation,,520W,0.213725490196078,#4F2E1E,True,520.0,91.0
Lancôme,Dual Finish Multi-Tasking Lightweight Pressed Powder Foundation,Suede,520,0.411764705882353,#AE5524,True,520.0,120.0
Lancôme,Teint Idole Ultra Wear 24H Long Wear Foundation,Suede W,520,0.337254901960784,#854C27,True,520.0,88.0
Juvia's Place,I Am Magic Foundation,Tangier,520,0.619607843137255,#DD9B5F,False,520.0,93.0
CoverGirl,Clean Fresh Skin Milk Foundation,Fair,520,0.798039215686275,#EFC6A8,True,520.0,130.0
Exa,High Fidelity Foundation,Joshua,520,0.727450980392157,#E2B391,False,520.0,115.0
Rare Beauty by Selena Gomez,Liquid Touch Weightless Foundation,,520W,0.433333333333333,#946949,True,520.0,98.0
MAKE UP FOR EVER,Matte Velvet Skin Blurring Powder Foundation,,R520Cinnamon,0.598039215686274,#C88469,True,520.0,126.0
HUDA BEAUTY,#FauxFilter Skin Finish Buildable Coverage Foundation Stick,,520G,0.509803921568627,#A7785D,True,520.0,100.0
Gucci,Fluide De Beauté Fini Naturel - Natural Finish Fluid Foundation,,520O,0.298039215686275,#684130,True,520.0,116.0
HUDA BEAUTY,#FauxFilter Full Coverage Matte Foundation,Nutmeg,520G,0.423529411764706,#966B42,True,520.0,101.0
Shiseido,Synchro Skin Self-Refreshing Foundation SPF 30,,520,0.513725490196078,#AD7459,True,520.0,117.0
MAKE UP FOR EVER,Water Blend Face & Body Foundation,,R520,0.480392156862745,#A26E53,True,520.0,129.0
Origins,Pretty in Bloom™ SPF 20 Flower-Infused Long-Wear Foundation,,520,0.650980392156863,#C4A088,True,520.0,102.0
MAKE UP FOR EVER,Ultra HD Invisible Cover Foundation,,Y522,0.454901960784314,#956C53,True,522.0,122.0
MAKE UP FOR EVER,Matte Velvet Skin Full Coverage Foundation,,Y523,0.43921568627451,#997447,True,523.0,123.0
MAKE UP FOR EVER,Reboot Active Care Revitalizing Foundation,,Y528,0.447058823529412,#9F6B45,True,528.0,125.0
Anastasia Beverly Hills,Luminous Foundation,,530N,0.245098039215686,#5E331F,True,530.0,91.0
Lancôme,Teint Idole Ultra Wear 24H Long Wear Foundation,Suede C,530,0.345098039215686,#894D27,True,530.0,88.0
Juvia's Place,I Am Magic Foundation,Ibiza,530,0.672549019607843,#E2B075,False,530.0,93.0
CoverGirl,Clean Fresh Skin Milk Foundation,Fair/Light,530,0.782352941176471,#EBC1A4,True,530.0,130.0
Exa,High Fidelity Foundation,Terese,530,0.890196078431372,#F3E3D3,False,530.0,115.0
MAKE UP FOR EVER,Ultra HD Invisible Cover Foundation,,R530,0.309803921568627,#6B4533,True,530.0,122.0
Rare Beauty by Selena Gomez,Liquid Touch Weightless Foundation,,530N,0.425490196078431,#996340,True,530.0,98.0
MAKE UP FOR EVER,Reboot Active Care Revitalizing Foundation,,R530,0.388235294117647,#8D5939,True,530.0,125.0
MAKE UP FOR EVER,Matte Velvet Skin Blurring Powder Foundation,,R530,0.603921568627451,#C38B71,True,530.0,126.0
HUDA BEAUTY,#FauxFilter Skin Finish Buildable Coverage Foundation Stick,,530R,0.507843137254902,#AA7059,True,530.0,100.0
Gucci,Fluide De Beauté Fini Naturel - Natural Finish Fluid Foundation,,530N,0.313725490196078,#71412F,True,530.0,116.0
MAKE UP FOR EVER,Matte Velvet Skin Full Coverage Foundation,,R530,0.398039215686274,#8D633E,True,530.0,123.0
MAKE UP FOR EVER,Ultra HD Invisible Cover Stick Foundation,,R530,0.484313725490196,#9C6E5B,True,530.0,124.0
HUDA BEAUTY,#FauxFilter Full Coverage Matte Foundation,Coffee Bean,530R,0.356862745098039,#7A533C,True,530.0,101.0
Shiseido,Synchro Skin Self-Refreshing Foundation SPF 30,,530,0.503921568627451,#A07561,True,530.0,117.0
Shiseido,Synchro Skin Self-Refreshing Custom Finish Powder Foundation,Henna,530,0.505882352941176,#A07262,True,530.0,119.0
Origins,Pretty in Bloom™ SPF 20 Flower-Infused Long-Wear Foundation,,530,0.603921568627451,#C7986D,True,530.0,102.0
MAKE UP FOR EVER,Ultra HD Invisible Cover Foundation,,Y532,0.329411764705882,#694E3F,True,532.0,122.0
MAKE UP FOR EVER,Matte Velvet Skin Full Coverage Foundation,,R532,0.37843137254902,#7D5844,True,532.0,123.0
MAKE UP FOR EVER,Ultra HD Invisible Cover Foundation,,Y533,0.445098039215686,#966F4D,True,533.0,122.0
MAKE UP FOR EVER,Matte Velvet Skin Full Coverage Foundation,,Y533,0.486274509803922,#9B7A5D,True,533.0,123.0
MAKE UP FOR EVER,Ultra HD Invisible Cover Foundation,,Y535,0.380392156862745,#78544A,True,535.0,122.0
MAKE UP FOR EVER,Matte Velvet Skin Blurring Powder Foundation,,Y535,0.696078431372549,#E3A480,True,535.0,126.0
MAKE UP FOR EVER,Matte Velvet Skin Full Coverage Foundation,,Y535,0.456862745098039,#977052,True,535.0,123.0
MAKE UP FOR EVER,Ultra HD Invisible Cover Stick Foundation,,Y535,0.458823529411765,#956355,True,535.0,124.0
Anastasia Beverly Hills,Luminous Foundation,,540W,0.231372549019608,#552E21,True,540.0,91.0
Lancôme,Dual Finish Multi-Tasking Lightweight Pressed Powder Foundation,Suede,540,0.370588235294118,#A04C1D,True,540.0,120.0
Lancôme,Teint Idole Ultra Wear 24H Long Wear Foundation,Suede W,540,0.317647058823529,#7C4726,True,540.0,88.0
Juvia's Place,I Am Magic Foundation,Giza,540,0.63921568627451,#DBA26B,False,540.0,93.0
CoverGirl,Clean Fresh Skin Milk Foundation,Light,540,0.770588235294118,#E7BEA2,True,540.0,130.0
Rare Beauty by Selena Gomez,Liquid Touch Weightless Foundation,,540C,0.347058823529412,#77453A,True,540.0,98.0
MAKE UP FOR EVER,Reboot Active Care Revitalizing Foundation,,R540,0.337254901960784,#72493A,True,540.0,125.0
MAKE UP FOR EVER,Matte Velvet Skin Blurring Powder Foundation,,R540Dark,0.550980392156863,#AD816C,True,540.0,126.0
HUDA BEAUTY,#FauxFilter Skin Finish Buildable Coverage Foundation Stick,,540G,0.496078431372549,#A07A5D,True,540.0,100.0
Gucci,Fluide De Beauté Fini Naturel - Natural Finish Fluid Foundation,,540C,0.331372549019608,#774432,True,540.0,116.0
MAKE UP FOR EVER,Matte Velvet Skin Full Coverage Foundation,,R540,0.374509803921569,#7B5F44,True,540.0,123.0
MAKE UP FOR EVER,Ultra HD Invisible Cover Stick Foundation,,R540,0.46078431372549,#876D64,True,540.0,124.0
HUDA BEAUTY,#FauxFilter Full Coverage Matte Foundation,Chocolate Truffle,540G,0.235294117647059,#69400F,True,540.0,101.0
Shiseido,Synchro Skin Self-Refreshing Foundation SPF 30,,540,0.441176470588235,#8F5B52,True,540.0,117.0
MAKE UP FOR EVER,Water Blend Face & Body Foundation,,R540,0.42156862745098,#826355,True,540.0,129.0
Origins,Pretty in Bloom™ SPF 20 Flower-Infused Long-Wear Foundation,,540,0.635294117647059,#CCA178,True,540.0,102.0
MAKE UP FOR EVER,Ultra HD Invisible Cover Foundation,,Y545,0.413725490196078,#85644E,True,545.0,122.0
Anastasia Beverly Hills,Luminous Foundation,,550W,0.219607843137255,#4E2F22,True,550.0,91.0
Lancôme,Teint Idole Ultra Longwear Foundation Stick SPF 21,Suede C,550,0.272549019607843,#733D18,True,550.0,110.0
Lancôme,Dual Finish Multi-Tasking Lightweight Pressed Powder Foundation,Suede,550,0.313725490196078,#833C1D,True,550.0,120.0
Lancôme,Teint Idole Ultra Wear 24H Long Wear Foundation,Suede C,550,0.294117647058824,#724024,True,550.0,88.0
Juvia's Place,I Am Magic Foundation,Martinique,550,0.756862745098039,#F3C48F,False,550.0,93.0
CoverGirl,Clean Fresh Skin Milk Foundation,Light/Medium,550,0.768627450980392,#EAC29E,True,550.0,130.0
Lancôme,Rénergie Lift Makeup Lightweight Liquid Foundation SPF 27,Suede C,550,0.303921568627451,#684033,True,550.0,89.0
MAKE UP FOR EVER,Ultra HD Invisible Cover Foundation,,R550,0.288235294117647,#643E2F,True,550.0,122.0
Rare Beauty by Selena Gomez,Liquid Touch Weightless Foundation,,550C,0.354901960784314,#744641,True,550.0,98.0
MAKE UP FOR EVER,Reboot Active Care Revitalizing Foundation,,R550,0.301960784313725,#703E2A,True,550.0,125.0
HUDA BEAUTY,#FauxFilter Skin Finish Buildable Coverage Foundation Stick,,550R,0.476470588235294,#986F5B,True,550.0,100.0
Gucci,Fluide De Beauté Fini Naturel - Natural Finish Fluid Foundation,,550O,0.307843137254902,#6D3F30,True,550.0,116.0
MAKE UP FOR EVER,Matte Velvet Skin Full Coverage Foundation,,R550,0.349019607843137,#715241,True,550.0,123.0
HUDA BEAUTY,#FauxFilter Full Coverage Matte Foundation,Hot Fudge,550R,0.315686274509804,#714C30,True,550.0,101.0
Shiseido,Synchro Skin Self-Refreshing Foundation SPF 30,,550,0.452941176470588,#985E4F,True,550.0,117.0
Lancôme,Teint Idole Ultra Wear 24H Long Wear Foundation,Suede C,552,0.266666666666667,#5D392B,True,552.0,88.0
Lancôme,Teint Idole Ultra Wear 24H Long Wear Foundation,Suede C,555,0.296078431372549,#724025,True,555.0,88.0
Anastasia Beverly Hills,Luminous Foundation,,560W,0.213725490196078,#4A2D23,True,560.0,91.0
Lancôme,Teint Idole Ultra Wear 24H Long Wear Foundation,Suede C,560,0.241176470588235,#583523,True,560.0,88.0
CoverGirl,Clean Fresh Skin Milk Foundation,Medium,560,0.754901960784314,#E9BA98,True,560.0,130.0
MAKE UP FOR EVER,Ultra HD Invisible Cover Foundation,,R560,0.349019607843137,#6A5248,True,560.0,122.0
Rare Beauty by Selena Gomez,Liquid Touch Weightless Foundation,,560W,0.296078431372549,#623E35,True,560.0,98.0
MAKE UP FOR EVER,Reboot Active Care Revitalizing Foundation,,R560,0.301960784313725,#664334,True,560.0,125.0
HUDA BEAUTY,#FauxFilter Skin Finish Buildable Coverage Foundation Stick,,560R,0.452941176470588,#8C655B,True,560.0,100.0
Gucci,Fluide De Beauté Fini Naturel - Natural Finish Fluid Foundation,,560W,0.3,#6A402F,True,560.0,116.0
MAKE UP FOR EVER,Matte Velvet Skin Full Coverage Foundation,,R560,0.319607843137255,#674C3C,True,560.0,123.0
Shiseido,Synchro Skin Self-Refreshing Foundation SPF 30,,560,0.409803921568627,#815D50,True,560.0,117.0
Anastasia Beverly Hills,Luminous Foundation,,570N,0.2,#452A21,True,570.0,91.0
CoverGirl,Clean Fresh Skin Milk Foundation,Medium/Tan,570,0.719607843137255,#DFB390,True,570.0,130.0
Rare Beauty by Selena Gomez,Liquid Touch Weightless Foundation,N,570,0.298039215686275,#5F4439,True,570.0,98.0
Gucci,Fluide De Beauté Fini Naturel - Natural Finish Fluid Foundation,,570C,0.272549019607843,#5C3E2F,True,570.0,116.0
Anastasia Beverly Hills,Luminous Foundation,,580W,0.196078431372549,#422922,True,580.0,91.0
CoverGirl,Clean Fresh Skin Milk Foundation,Tan,580,0.652941176470588,#CEA17F,True,580.0,130.0
Gucci,Fluide De Beauté Fini Naturel - Natural Finish Fluid Foundation,,580N,0.256862745098039,#57392C,True,580.0,116.0
Anastasia Beverly Hills,Luminous Foundation,,590C,0.188235294117647,#3E2822,True,590.0,91.0
CoverGirl,Clean Fresh Skin Milk Foundation,Tan/Rich,590,0.517647058823529,#AE815A,True,590.0,130.0
HUDA BEAUTY,#FauxFilter Skin Finish Buildable Coverage Foundation Stick,,590R,0.470588235294118,#92685E,True,590.0,100.0
Marc Jacobs Beauty,Shameless Youthful-Look 24H Foundation SPF 25,Deep,R590,0.227450980392157,#623212,,590.0,
Almay,Clear Complexion Make Myself Clear Makeup,Sand Beige,600,0.656862745098039,#D4977B,True,600.0,92.0
Almay,Smart Shade Skintone Matching Makeup,Make Mine Dark,600,0.562745098039216,#BA8565,True,600.0,128.0
Juvia's Place,I Am Magic Foundation,Cairo,600,0.790196078431373,#F3C7A0,False,600.0,93.0
CoverGirl,Clean Fresh Skin Milk Foundation,Rich,600,0.525490196078431,#B0835C,True,600.0,130.0
Origins,Pretty in Bloom™ SPF 20 Flower-Infused Long-Wear Foundation,,600,0.647058823529412,#C39A87,True,600.0,102.0
Juvia's Place,I Am Magic Foundation,Cebu,610,0.7,#DDB088,False,610.0,93.0
CoverGirl,Clean Fresh Skin Milk Foundation,Rich/Deep,610,0.570588235294118,#BF8A64,True,610.0,130.0
Origins,Pretty in Bloom™ SPF 20 Flower-Infused Long-Wear Foundation,,610,0.637254901960784,#D19B74,True,610.0,102.0
Juvia's Place,I Am Magic Foundation,Fes,620,0.670588235294118,#D4A682,False,620.0,93.0
CoverGirl,Clean Fresh Skin Milk Foundation,Deep,620,0.5,#A67E59,True,620.0,130.0
Origins,Pretty in Bloom™ SPF 20 Flower-Infused Long-Wear Foundation,,620,0.611764705882353,#C39575,True,620.0,102.0
Juvia's Place,I Am Magic Foundation,Capri,630,0.758823529411765,#E9C29A,False,630.0,93.0
CoverGirl,Clean Fresh Skin Milk Foundation,Deep/Dark,630,0.488235294117647,#9C765D,True,630.0,130.0
Origins,Pretty in Bloom™ SPF 20 Flower-Infused Long-Wear Foundation,,630,0.519607843137255,#AF755A,True,630.0,102.0
Juvia's Place,I Am Magic Foundation,Malta,640,0.8,#EFCFA9,False,640.0,93.0
CoverGirl,Clean Fresh Skin Milk Foundation,Dark,640,0.364705882352941,#755745,True,640.0,130.0
Origins,Pretty in Bloom™ SPF 20 Flower-Infused Long-Wear Foundation,,640,0.517647058823529,#AC735C,True,640.0,102.0
Juvia's Place,I Am Magic Foundation,Alexandria,650,0.7,#DCB189,False,650.0,93.0
Almay,Clear Complexion Make Myself Clear Makeup,Warm Beige,700,0.637254901960784,#CA917B,True,700.0,92.0
Juvia's Place,I Am Magic Foundation,Vienna,700,0.845098039215686,#F5DCBA,False,700.0,93.0
Origins,Pretty in Bloom™ SPF 20 Flower-Infused Long-Wear Foundation,,700,0.511764705882353,#AC7259,True,700.0,102.0
Juvia's Place,I Am Magic Foundation,Maricao,710,0.782352941176471,#E3C5AC,False,710.0,93.0
Origins,Pretty in Bloom™ SPF 20 Flower-Infused Long-Wear Foundation,,710,0.454901960784314,#9B674D,True,710.0,102.0
Juvia's Place,I Am Magic Foundation,Bali,720,0.749019607843137,#E3C09B,False,720.0,93.0
Origins,Pretty in Bloom™ SPF 20 Flower-Infused Long-Wear Foundation,,720,0.456862745098039,#986651,True,720.0,102.0
Juvia's Place,I Am Magic Foundation,Isla,730,0.792156862745098,#ECC4A8,False,730.0,93.0
Origins,Pretty in Bloom™ SPF 20 Flower-Infused Long-Wear Foundation,,730,0.429411764705882,#835E58,True,730.0,102.0
Juvia's Place,I Am Magic Foundation,Marisol,740,0.803921568627451,#F2C5A8,False,740.0,93.0
Origins,Pretty in Bloom™ SPF 20 Flower-Infused Long-Wear Foundation,,740,0.407843137254902,#715F5F,True,740.0,102.0
Almay,Clear Complexion Make Myself Clear Makeup,Cappuccino,900,0.36078431372549,#904D28,True,900.0,92.0
